AD	AT	embassy	Vienna	48.2019	16.3701
AD	BE	embassy	Brussels	50.8470	4.3548
AD	ES	embassy	Madrid	40.4205	-3.6874
AD	FR	embassy	16th arrondissement of Paris	48.8567	2.2745
AD	PT	embassy	Lisbon	38.7125	-9.1654
AD	US	embassy	New York City	40.7507	-73.9696
AE	AF	embassy	Kabul	34.5298	69.1784
AE	AM	embassy	Yerevan	40.1814	44.5144
AE	AM	embassy	Yerevan	40.1953	44.5148
AE	AO	embassy	Luanda	-8.8384	13.2339
AE	AR	embassy	Buenos Aires	-34.5673	-58.4411
AE	AT	embassy	Vienna	48.2397	16.3411
AE	AU	consulate_general	Melbourne	-37.8176	144.9584
AE	AU	embassy	Canberra	-35.3074	149.1366
AE	AZ	embassy	Baku	40.3936	49.8225
AE	BD	embassy	Dhaka	23.8036	90.4106
AE	BE	embassy	Brussels	50.8090	4.3845
AE	BG	embassy	Sofia	42.6544	23.3155
AE	BH	embassy	Manama	26.2233	50.5947
AE	BR	consulate	São Paulo	-23.5584	-46.6616
AE	BR	embassy	Brasília	-15.8508	-47.8899
AE	BY	embassy	Minsk	53.9121	27.5675
AE	CA	consulate	Toronto	43.6718	-79.3831
AE	CA	embassy	Ottawa	45.4351	-75.6960
AE	CH	embassy	Bern	46.9438	7.4337
AE	CL	embassy	Las Condes	-33.4175	-70.5980
AE	CN	consulate	Shanghai	31.2154	121.4467
AE	CN	consulate_general	Guangzhou	23.1175	113.3273
AE	CN	embassy	Beijing	39.9514	116.4654
AE	CO	embassy	Bogotá	4.6658	-74.0432
AE	CR	embassy	San José	9.9318	-84.1460
AE	CU	embassy	Havana	23.0872	-82.4538
AE	CY	embassy	Nicosia	35.1681	33.3581
AE	CZ	embassy	Prague	50.1044	14.4053
AE	DE	consulate	Munich	48.1375	11.5750
AE	DE	consulate_general	Bonn	50.7322	7.1088
AE	DE	embassy	Bezirk Mitte	52.5079	13.3577
AE	DJ	embassy	Djibouti	11.5678	43.1596
AE	DZ	embassy	Algiers	36.7514	3.0225
AE	EG	embassy	Cairo	30.0264	31.2176
AE	ES	consulate	Barcelona	41.3863	2.1663
AE	ES	embassy	Madrid	40.4475	-3.6510
AE	FI	embassy	Helsinki	60.1679	24.9406
AE	FR	embassy	Paris	48.8621	2.3100
AE	GB	embassy	London	51.5006	-0.1534
AE	GH	embassy	Accra	5.5783	-0.1617
AE	GN	embassy	Conakry	9.5832	-13.6659
AE	GR	embassy	Palaio Psychiko	38.0080	23.7776
AE	HK	consulate	Hong Kong	22.2791	114.1694
AE	HU	embassy	Budapest District XII	47.5150	18.9874
AE	ID	embassy	Jakarta	-6.2259	106.8308
AE	IE	embassy	Dublin	53.3328	-6.2534
AE	IL	embassy	Tel Aviv	32.0645	34.7703
AE	IN	consulate_general	Kerala	8.4765	76.9478
AE	IN	consulate_general	Mumbai	18.9161	72.8187
AE	IN	embassy	New Delhi	28.5951	77.1826
AE	IQ	embassy	Baghdad	33.3176	44.3365
AE	IR	embassy	Tehran	35.7692	51.4132
AE	IT	consulate_general	Milan	45.4702	9.2024
AE	IT	embassy	Rome	41.9086	12.5052
AE	JO	embassy	Amman	31.9561	35.8860
AE	JP	embassy	Tokyo	35.6539	139.6965
AE	KE	embassy	Nairobi	-1.2844	36.8136
AE	KR	embassy	Seoul	37.5365	127.0123
AE	KW	embassy	Kuwait	29.3646	48.0170
AE	LB	embassy	Beirut	33.8715	35.4836
AE	LK	embassy	Colombo	6.9101	79.8568
AE	LV	embassy	Riga	56.9594	24.0987
AE	LY	embassy	Tripoli	32.8875	13.1875
AE	MA	embassy	Rabat	33.9464	-6.8112
AE	ME	embassy	Podgorica	42.4411	19.2440
AE	MN	embassy	Ulaanbaatar	47.9056	106.9429
AE	MR	embassy	Nouakchott	18.0971	-15.9829
AE	MV	embassy	Malé	4.1780	73.5136
AE	MX	embassy	Mexico City	19.4242	-99.1755
AE	MY	embassy	Kuala Lumpur	3.1568	101.7299
AE	MZ	embassy	Maputo	-25.9568	32.6066
AE	NG	consulate	Lagos	6.4400	3.4100
AE	NG	embassy	Q3787	9.0911	7.5054
AE	NO	embassy	Oslo	59.9138	10.7223
AE	NZ	embassy	Wellington	-41.2826	174.7777
AE	OM	embassy	Muscat	23.6053	58.4310
AE	PE	embassy	Lima	-12.1313	-77.0297
AE	PH	embassy	Taguig	14.5346	121.0525
AE	PK	consulate	Karachi	24.7778	67.0601
AE	PK	embassy	Islamabad	33.7326	73.1312
AE	PL	embassy	Warsaw	52.2302	21.0015
AE	PT	embassy	Lisbon	38.7158	-9.1494
AE	RO	embassy	Bucharest	44.4561	26.0872
AE	RS	embassy	Belgrade	44.7790	20.4568
AE	RU	embassy	Moscow	55.7188	37.5142
AE	RW	embassy	Kigali	-1.9380	30.1010
AE	SA	consulate	Jeddah	21.5131	39.1853
AE	SA	embassy	Riyadh	24.6749	46.6262
AE	SC	embassy	Victoria	-4.6234	55.4524
AE	SD	embassy	Khartoum	15.5817	32.5414
AE	SE	embassy	Stockholm	59.3354	18.0531
AE	SG	embassy	Singapore	1.3002	103.8577
AE	SN	embassy	Dakar	14.7019	-17.4766
AE	SO	embassy	Mogadishu	2.0366	45.3523
AE	SY	embassy	Damascus	33.5173	36.2832
AE	TD	embassy	N'Djamena	12.0909	15.0621
AE	TH	embassy	Bangkok	13.7390	100.5478
AE	TM	embassy	Ashgabat	37.8877	58.3548
AE	TN	embassy	Tunis	36.8317	10.1588
AE	TR	consulate_general	Istanbul	41.0876	29.0100
AE	TR	embassy	Ankara	39.8641	32.8616
AE	TZ	embassy	Dar es Salaam	-6.7530	39.2878
AE	UA	embassy	Kyiv	50.4094	30.5558
AE	UG	embassy	Kampala	0.3233	32.5866
AE	US	consulate	Boston	42.3557	-71.0522
AE	US	consulate	Houston	29.6993	-95.4099
AE	US	consulate	Los Angeles	34.0586	-118.4166
AE	US	consulate	New York City	40.7548	-73.9793
AE	US	embassy	Washington, D.C.	38.9114	-77.0692
AE	UZ	embassy	Tashkent	41.3114	69.3137
AE	VN	embassy	Hanoi	21.0245	105.8412
AE	ZA	embassy	Pretoria	-25.7476	28.2298
AF	AE	embassy	Abu Dhabi	24.4273	54.4326
AF	AT	embassy	Vienna	48.2048	16.3087
AF	AU	embassy	Canberra	-35.3235	149.0922
AF	AZ	embassy	Baku	40.3688	49.8145
AF	BD	embassy	Dhaka	23.8054	90.4189
AF	BE	embassy	Uccle	50.7985	4.3424
AF	BG	embassy	Sofia	42.6501	23.3361
AF	CA	embassy	Ottawa	45.4112	-75.6913
AF	CH	embassy	Geneva	46.2200	6.1439
AF	CN	embassy	Beijing	39.9392	116.4518
AF	CZ	embassy	Prague	50.1048	14.3699
AF	DE	embassy	Berlin	52.4798	13.2784
AF	EG	embassy	Heliopolis	30.0925	31.3387
AF	ES	embassy	Madrid	40.4907	-3.7063
AF	GB	embassy	London	51.5016	-0.1688
AF	GR	embassy	Palaio Psychiko	38.0029	23.7731
AF	ID	embassy	Jakarta	-6.2012	106.8297
AF	IQ	embassy	Baghdad	33.2837	44.3942
AF	IR	consulate_general	Mashhad	36.2975	59.6059
AF	IR	consulate_general	Zahedan	29.4929	60.8503
AF	IR	embassy	Tehran	35.7615	51.3593
AF	IT	embassy	Rome	41.9201	12.5177
AF	JO	embassy	Amman	31.9572	35.8717
AF	JP	embassy	Tokyo	35.6578	139.7419
AF	KG	embassy	Bishkek	42.8667	74.5667
AF	KR	embassy	Seoul	37.5600	126.9900
AF	KW	embassy	Kuwait City	29.3750	47.9800
AF	KZ	consulate_general	Almaty	43.2400	76.9150
AF	KZ	embassy	Astana	51.1459	71.3985
AF	LK	embassy	Colombo	6.9071	79.8872
AF	MY	embassy	Kuala Lumpur	3.1478	101.6953
AF	NO	embassy	Oslo	59.9162	10.6995
AF	OM	embassy	Muscat	23.6026	58.4440
AF	PK	consulate	Karachi	24.8600	67.0100
AF	PK	embassy	Islamabad	33.7252	73.0892
AF	PL	embassy	Warsaw	52.1784	21.0720
AF	QA	embassy	Doha	25.3584	51.5116
AF	RU	embassy	Moscow	55.7567	37.5892
AF	SA	consulate_general	Jeddah	21.5699	39.1484
AF	SA	embassy	Riyadh	24.6807	46.6233
AF	SE	embassy	Nacka Municipality	59.3012	18.2051
AF	TJ	embassy	Dushanbe	38.5811	68.7497
AF	TM	embassy	Ashgabat	37.8898	58.3559
AF	TR	embassy	Ankara	39.8879	32.8544
AF	UA	embassy	Kyiv	50.4188	30.4729
AF	UZ	embassy	Tashkent	41.3397	69.2696
AG	CN	embassy	Beijing	39.9040	116.4075
AG	ES	embassy	Madrid	40.4154	-3.6912
AG	GB	high_commission	London	51.5189	-0.1652
AG	GR	embassy	Athens	37.9685	23.7314
AG	US	embassy	Washington, D.C.	38.9058	-77.0643
AL	AE	embassy	Abu Dhabi	24.4260	54.4159
AL	AT	embassy	Vienna	48.1955	16.3763
AL	AU	embassy	Canberra	-35.3521	149.1050
AL	AZ	embassy	Baku	40.3667	49.8352
AL	BA	embassy	Sarajevo	43.8634	18.4254
AL	BE	embassy	Brussels	50.8277	4.3628
AL	BG	embassy	Sofia	42.6936	23.3303
AL	BR	embassy	Brasília	-15.8752	-47.8632
AL	CA	embassy	Ottawa	45.4214	-75.6972
AL	CH	embassy	Muri bei Bern	46.9279	7.4812
AL	CN	embassy	Beijing	39.9115	116.4424
AL	CZ	embassy	Prague	50.0898	14.4036
AL	DE	embassy	Berlin	52.5030	13.3909
AL	EG	embassy	Cairo	30.0697	31.2195
AL	ES	embassy	Madrid	40.4280	-3.6849
AL	FR	embassy	Paris	48.8699	2.2981
AL	GB	embassy	City of Westminster	51.4907	-0.1440
AL	GR	embassy	Filothei-Psychiko Municipality	38.0164	23.7853
AL	HR	embassy	Zagreb	45.8118	15.9696
AL	HU	embassy	Budapest District VI	47.5145	19.0764
AL	IL	embassy	Ramat Gan	32.0871	34.8037
AL	IT	embassy	Rome	41.9074	12.4577
AL	IT	embassy	Rome	41.9253	12.5214
AL	JP	embassy	Tokyo	35.6649	139.7726
AL	KW	embassy	Kuwait City	29.2908	48.0067
AL	ME	embassy	Podgorica	42.4411	19.2439
AL	MK	embassy	Skopje	42.0033	21.4352
AL	PK	consulate	Karachi	24.8600	67.0100
AL	PL	embassy	Warsaw	52.2013	20.9617
AL	QA	embassy	Doha	25.3704	51.5388
AL	RO	embassy	Bucharest	44.4538	26.0883
AL	RS	embassy	Belgrade	44.7760	20.4574
AL	RU	embassy	Moscow	55.7276	37.6160
AL	SA	embassy	Riyadh	24.6859	46.6260
AL	SE	embassy	Lidingö Municipality	59.3608	18.1361
AL	SI	embassy	Ljubljana	46.0542	14.5079
AL	SK	embassy	Bratislava	48.1432	17.1066
AL	TR	embassy	Ankara	39.8530	32.8559
AL	UA	embassy	Kyiv	50.4282	30.5145
AL	US	embassy	Washington, D.C.	38.9139	-77.0470
AL	XK	embassy	Pristina	42.6573	21.1559
AM	AR	embassy	Buenos Aires	-34.5917	-58.3943
AM	AT	embassy	Vienna	48.1883	16.3096
AM	BE	embassy	Brussels	50.8413	4.3703
AM	BG	embassy	Stolichna Municipality	42.6886	23.3536
AM	BR	embassy	Brasília	-15.8171	-47.8178
AM	BY	embassy	Minsk	53.9043	27.6210
AM	CA	embassy	Ottawa	45.4166	-75.6826
AM	CH	embassy	Geneva	46.2176	6.1498
AM	CN	embassy	Beijing	39.9427	116.4476
AM	CZ	embassy	Prague	50.1097	14.3757
AM	DE	embassy	Berlin	52.5171	13.2757
AM	EG	embassy	Cairo	30.0652	31.2223
AM	ES	embassy	Madrid	40.4150	-3.7140
AM	FR	consulate_general	3rd arrondissement of Lyon	45.7515	4.8754
AM	FR	consulate_general	Marseille	43.2723	5.3845
AM	FR	embassy	Paris	48.8841	2.3065
AM	GB	embassy	London	51.4990	-0.1930
AM	GR	embassy	Chalandri	38.0187	23.8052
AM	ID	embassy	Jakarta	-6.2293	106.8300
AM	IL	embassy	Tel Aviv	32.0635	34.7634
AM	IN	embassy	New Delhi	28.5768	77.1629
AM	IQ	embassy	Baghdad	33.3153	44.3661
AM	IR	embassy	Tehran	35.7003	51.4077
AM	IT	embassy	Rome	41.9030	12.4606
AM	IT	embassy	Rome	41.9049	12.4952
AM	JP	embassy	Minato	35.6687	139.7417
AM	LT	embassy	Vilnius	54.6966	25.2525
AM	MX	embassy	Mexico City	19.4148	-99.2176
AM	PL	embassy	Warsaw	52.1501	21.0223
AM	RU	consulate_general	Saint Petersburg	59.9500	30.3167
AM	RU	embassy	Moscow	55.7606	37.6348
AM	SE	embassy	Stockholm	59.3400	18.0597
AM	UA	embassy	Kyiv	50.4482	30.5146
AM	US	embassy	Washington, D.C.	38.9126	-77.0499
AO	AE	embassy	Abu Dhabi	24.4341	54.4041
AO	AR	embassy	Buenos Aires	-34.5683	-58.4508
AO	AT	embassy	Vienna	48.2042	16.3741
AO	AT	embassy	Vienna	48.2365	16.4133
AO	BE	embassy	Ixelles	50.8150	4.3516
AO	BR	embassy	Brasília	-15.8484	-47.9055
AO	CA	embassy	Ottawa	45.4257	-75.6827
AO	CH	embassy	Bern	46.9411	7.4616
AO	CI	embassy	Abidjan	5.3436	-4.0037
AO	CN	embassy	Beijing	39.9441	116.4452
AO	CU	embassy	Havana	23.1258	-82.4169
AO	CV	embassy	Praia	14.9060	-23.5126
AO	DE	embassy	Berlin	52.5134	13.4130
AO	DZ	embassy	Algiers	36.7595	3.0253
AO	ES	embassy	Madrid	40.4299	-3.6847
AO	FR	embassy	Paris	48.8726	2.2894
AO	GB	embassy	City of Westminster	51.5192	-0.1580
AO	GN	embassy	Conakry	9.5092	-13.7122
AO	HU	embassy	Budapest District XII	47.4891	19.0182
AO	IL	embassy	Tel Aviv	32.0658	34.7712
AO	IN	embassy	New Delhi	28.5610	77.1665
AO	IT	embassy	Rome	41.8815	12.4979
AO	IT	embassy	Rome	41.9026	12.4626
AO	JP	embassy	Tokyo	35.6568	139.6724
AO	KE	embassy	Nairobi	-1.2127	36.8119
AO	MX	embassy	Mexico City	19.4166	-99.2098
AO	NA	embassy	Windhoek	-22.5766	17.0863
AO	NG	embassy	Q3787	9.0400	7.4754
AO	NO	embassy	Oslo	59.9133	10.7389
AO	PL	embassy	Warsaw	52.1696	21.0792
AO	PT	embassy	Lisbon	38.7445	-9.1470
AO	RS	embassy	Belgrade	44.7700	20.4572
AO	RU	embassy	Moscow	55.7192	37.5125
AO	SE	embassy	Stockholm	59.3259	18.0750
AO	SG	embassy	Singapore	1.2956	103.8590
AO	TR	embassy	Ankara	39.8899	32.8689
AO	US	consulate_general	Houston	29.7628	-95.3831
AO	US	embassy	Washington, D.C.	38.9181	-77.0367
AO	UY	consulate_general	Montevideo	-34.9064	-56.1343
AO	VN	embassy	Hanoi	21.0353	105.8178
AO	ZA	embassy	Pretoria	-25.7463	28.2312
AO	ZW	embassy	Harare	-17.8639	31.0297
AR	AE	embassy	Abu Dhabi	24.4578	54.3686
AR	AM	embassy	Yerevan	40.1777	44.5258
AR	AO	embassy	Luanda	-8.8301	13.2347
AR	AT	embassy	Vienna	48.2101	16.3744
AR	AU	embassy	Canberra	-35.3077	149.1332
AR	AZ	embassy	Baku	40.3720	49.8444
AR	BB	embassy	Christ Church	13.0782	-59.6044
AR	BD	embassy	Dhaka	23.7942	90.4066
AR	BE	embassy	Brussels	50.8257	4.3649
AR	BG	embassy	Stolichna Municipality	42.6703	23.3508
AR	BO	embassy	La Paz	-16.5082	-68.1301
AR	BR	embassy	Brasília	-15.8118	-47.8784
AR	CA	embassy	Ottawa	45.4212	-75.6957
AR	CH	embassy	Bern	46.9441	7.4546
AR	CL	embassy	Santiago	-33.4393	-70.6453
AR	CN	embassy	Beijing	39.9440	116.4559
AR	CO	embassy	Bogotá	4.6815	-74.0461
AR	CR	embassy	Curridabat	9.9244	-84.0453
AR	CU	embassy	Havana	23.1165	-82.4259
AR	CZ	embassy	Prague	50.0846	14.4268
AR	DE	embassy	Berlin	52.5012	13.3446
AR	DO	embassy	Santo Domingo	18.4611	-69.9085
AR	DZ	embassy	Ben Aknoun	36.7606	3.0226
AR	EC	embassy	Quito	-0.2041	-78.4962
AR	EG	embassy	Cairo	30.0598	31.2186
AR	ES	consulate_general	Barcelona	41.3889	2.1683
AR	ES	embassy	Madrid	40.4284	-3.6928
AR	ET	embassy	Addis Ababa	8.9898	38.7970
AR	FI	embassy	Helsinki	60.1651	24.9389
AR	FR	embassy	Paris	48.8682	2.2901
AR	GB	embassy	London	51.5125	-0.1487
AR	GR	embassy	Athens	37.9780	23.7514
AR	GT	embassy	Guatemala City	14.5867	-90.5151
AR	GY	embassy	Georgetown	6.8062	-58.1575
AR	HN	embassy	Tegucigalpa	14.0960	-87.1950
AR	HT	embassy	Pétion-Ville	18.5071	-72.2835
AR	HU	embassy	Budapest District II	47.5199	19.0308
AR	ID	embassy	Jakarta	-6.1856	106.8222
AR	IE	embassy	Dublin	53.3209	-6.2282
AR	IL	embassy	Herzliya	32.1667	34.8100
AR	IN	embassy	New Delhi	28.5590	77.1609
AR	IR	embassy	Tehran	35.7699	51.4522
AR	IT	embassy	Rome	41.8988	12.4971
AR	IT	embassy	Rome	41.9026	12.4617
AR	JM	embassy	Kingston	18.0077	-76.7870
AR	JP	consulate_general	Tokyo	35.6894	139.6917
AR	JP	embassy	Minato	35.6527	139.7306
AR	KE	embassy	Nairobi	-1.2274	36.8065
AR	KR	embassy	Seoul	37.5367	126.9874
AR	KW	embassy	Kuwait City	29.2945	47.9931
AR	LB	embassy	Beirut	33.8934	35.5149
AR	MA	embassy	Rabat	33.9684	-6.8471
AR	MX	embassy	Mexico City	19.4163	-99.2292
AR	MY	embassy	Kuala Lumpur	3.1478	101.7151
AR	MZ	embassy	Maputo	-25.9768	32.5829
AR	NG	embassy	Q3787	9.0402	7.5302
AR	NI	embassy	Managua	12.0956	-86.2254
AR	NO	embassy	Oslo	59.9135	10.7130
AR	NZ	embassy	Wellington	-41.2749	174.7791
AR	PA	embassy	Panama City	8.9841	-79.5167
AR	PE	consulate_general	Lima	-12.0726	-77.0370
AR	PE	embassy	Lima	-12.0949	-77.0475
AR	PH	embassy	Q1508	14.5606	121.0256
AR	PK	embassy	Islamabad	33.7347	73.0751
AR	PL	embassy	Warsaw	52.2244	21.0646
AR	PT	embassy	Lisbon	38.7367	-9.1417
AR	PY	embassy	Asunción	-25.2854	-57.6170
AR	QA	embassy	Doha	25.3554	51.5123
AR	RO	embassy	Bucharest	44.4373	26.0991
AR	RS	embassy	Belgrade	44.8170	20.4581
AR	RU	embassy	Yakimanka District	55.7308	37.6239
AR	SA	embassy	Riyadh	24.6834	46.6796
AR	SE	embassy	Stockholm	59.3367	18.0912
AR	SG	embassy	Singapore	1.2954	103.8585
AR	SN	embassy	Dakar	14.6768	-17.4484
AR	SR	embassy	Paramaribo	5.8307	-55.1525
AR	SV	embassy	San Salvador	13.7008	-89.2434
AR	SY	embassy	Damascus	33.5210	36.2839
AR	TH	embassy	Bangkok	13.7363	100.5635
AR	TN	embassy	Tunis	36.8392	10.2441
AR	TR	embassy	Ankara	39.8880	32.8720
AR	TT	embassy	Port of Spain	10.6663	-61.5195
AR	UA	embassy	Kyiv	50.4282	30.5146
AR	US	consulate	Manhattan	40.7625	-73.9756
AR	US	embassy	Washington, D.C.	38.9111	-77.0422
AR	UY	embassy	Montevideo	-34.9036	-56.1903
AR	VE	embassy	Caracas	10.4980	-66.8561
AR	VN	embassy	Hanoi	21.0288	105.8557
AR	ZA	embassy	Pretoria	-25.7500	28.2353
AT	AE	embassy	Abu Dhabi	24.4962	54.4087
AT	AL	embassy	Tirana	41.3105	19.8385
AT	AR	embassy	Buenos Aires	-34.5829	-58.4115
AT	AU	embassy	Canberra	-35.3139	149.1223
AT	AZ	embassy	Baku	40.3760	49.8510
AT	BA	embassy	Sarajevo	43.8601	18.4156
AT	BE	embassy	Brussels	50.8437	4.3866
AT	BG	embassy	Sofia	42.6947	23.3315
AT	BR	embassy	Brasília	-15.8309	-47.8967
AT	BY	embassy	Minsk	53.9367	27.5939
AT	CA	embassy	Ottawa	45.4295	-75.6766
AT	CH	embassy	Bern	46.9406	7.4565
AT	CL	embassy	Providencia	-33.4268	-70.6123
AT	CN	embassy	Beijing	39.9086	116.4386
AT	CO	embassy	Bogotá	4.6573	-74.0557
AT	CU	embassy	Havana	23.1104	-82.4365
AT	CY	embassy	Nicosia	35.1588	33.3527
AT	CZ	embassy	Prague	50.0757	14.4025
AT	DE	consulate_general	Munich	48.1375	11.5750
AT	DE	embassy	Berlin	52.5097	13.3639
AT	DZ	embassy	Hydra	36.7546	3.0263
AT	EE	embassy	Tallinn	59.4310	24.7561
AT	EG	embassy	Giza	30.0637	31.2161
AT	ES	embassy	Madrid	40.4505	-3.6916
AT	ET	embassy	Addis Ababa	8.9944	38.7277
AT	FI	embassy	Helsinki	60.1664	24.9510
AT	FR	consulate_general	Strasbourg	48.5914	7.7563
AT	FR	embassy	Paris	48.8613	2.3113
AT	GB	embassy	London	51.4985	-0.1547
AT	GE	embassy	Tbilisi	41.7022	44.7925
AT	GR	embassy	Athens	37.9754	23.7411
AT	HR	embassy	Zagreb	45.8009	16.0071
AT	HU	embassy	Budapest District VI	47.5102	19.0731
AT	ID	embassy	Jakarta	-6.2017	106.8397
AT	IE	embassy	Dublin	53.3206	-6.2176
AT	IL	consulate	Jerusalem	31.7828	35.2200
AT	IL	embassy	Ramat Gan	32.0851	34.8046
AT	IN	embassy	New Delhi	28.5959	77.1828
AT	IR	embassy	Tehran	35.8136	51.4370
AT	IT	embassy	Rome	41.9172	12.4926
AT	IT	embassy	Rome	41.9195	12.5051
AT	JO	embassy	Amman	31.9532	35.9037
AT	JP	embassy	Tokyo	35.6559	139.7327
AT	KE	embassy	Nairobi	-1.2489	36.8208
AT	KR	embassy	Seoul	37.5710	126.9779
AT	KW	embassy	Kuwait City	29.3558	48.0134
AT	KZ	embassy	Astana	51.1473	71.4246
AT	LB	embassy	Beirut	33.8924	35.5125
AT	LT	embassy	Vilnius	54.6808	25.2864
AT	LU	embassy	Luxembourg	49.6133	6.1292
AT	LV	embassy	Riga	56.9590	24.1035
AT	LY	embassy	Tripoli	32.8878	13.1941
AT	MA	embassy	Rabat	34.0130	-6.8209
AT	MD	embassy	Chișinău	47.0142	28.8278
AT	ME	embassy	Podgorica	42.4399	19.2556
AT	MK	consulate	Bitola	41.0319	21.3347
AT	MK	embassy	Skopje	41.9940	21.4077
AT	MX	embassy	Mexico City	19.4138	-99.2265
AT	MY	embassy	Kuala Lumpur	3.1501	101.7084
AT	NG	embassy	Q3787	9.0795	7.5016
AT	NO	embassy	Oslo	59.9161	10.7042
AT	OM	embassy	Muscat	23.6055	58.4477
AT	PE	embassy	Lima	-12.0979	-77.0279
AT	PH	embassy	Q1508	14.5586	121.0563
AT	PK	embassy	Islamabad	33.7152	73.0325
AT	PL	consulate	Kraków	50.0623	19.9249
AT	PL	embassy	Warsaw	52.2076	21.0359
AT	PT	embassy	Lisbon	38.7084	-9.1674
AT	QA	embassy	Doha	25.3183	51.5273
AT	RO	embassy	Bucharest	44.4450	26.1053
AT	RS	embassy	Belgrade	44.8183	20.4512
AT	RU	embassy	Khamovniki District	55.7436	37.5950
AT	SA	embassy	Riyadh	24.6872	46.6259
AT	SE	embassy	Stockholm	59.3372	18.0869
AT	SG	embassy	Singapore	1.3001	103.8577
AT	SI	embassy	Ljubljana	46.0509	14.4979
AT	SK	embassy	Bratislava	48.1481	17.1070
AT	SN	embassy	Dakar	14.6639	-17.4361
AT	SY	embassy	Damascus	33.4974	36.2517
AT	TH	embassy	Bangkok	13.7224	100.5442
AT	TN	embassy	Tunis	36.8409	10.1806
AT	TR	consulate_general	Sarıyer	41.1261	29.0703
AT	TR	embassy	Ankara	39.9096	32.8570
AT	UA	embassy	Kyiv	50.4457	30.5087
AT	US	embassy	Washington, D.C.	38.9454	-77.0692
AT	VN	embassy	Hanoi	21.0186	105.8478
AT	XK	embassy	Pristina	42.6611	21.1501
AT	ZA	embassy	Pretoria	-25.7666	28.2333
AU	AE	embassy	Abu Dhabi	24.4804	54.3573
AU	AF	embassy	Kabul	34.5328	69.1658
AU	AG	consulate	Q36262	17.1211	-61.8447
AU	AO	consulate	Luanda	-8.8383	13.2344
AU	AR	embassy	Buenos Aires	-34.5647	-58.4439
AU	AT	embassy	Vienna	48.1986	16.3730
AU	BB	consulate	Saint Michael	13.1181	-59.6031
AU	BD	high_commission	Dhaka	23.8032	90.4110
AU	BE	embassy	Brussels	50.8411	4.3667
AU	BN	high_commission	Bandar Seri Begawan	4.8884	114.9420
AU	BO	consulate	La Paz	-16.4958	-68.1333
AU	BR	embassy	Brasília	-15.8084	-47.8741
AU	BS	consulate	Nassau	25.0781	-77.3386
AU	BW	consulate	Gaborone	-24.6569	25.9086
AU	CA	consulate	Vancouver	49.2858	-123.1223
AU	CA	consulate_general	Toronto	43.6709	-79.3826
AU	CA	high_commission	Ottawa	45.4210	-75.6989
AU	CH	embassy	Bern	46.9394	7.4755
AU	CK	high_commission	Avarua	-21.2070	-159.7756
AU	CL	embassy	Las Condes	-33.4144	-70.5931
AU	CN	consulate_general	Chengdu	30.6600	104.0633
AU	CN	consulate_general	Guangzhou	23.1300	113.2600
AU	CN	consulate_general	Hong Kong	22.2809	114.1757
AU	CN	consulate_general	Shanghai	31.2280	121.4557
AU	CN	embassy	Beijing	39.9420	116.4475
AU	CO	consulate_general	Bogotá	4.6097	-74.0817
AU	CO	embassy	Bogotá	4.6931	-74.0346
AU	CR	consulate	San José	9.9392	-84.1065
AU	CY	high_commission	Nicosia	35.1664	33.3671
AU	CZ	consulate	Prague	50.0875	14.4214
AU	DE	embassy	Berlin	52.5123	13.4094
AU	DO	consulate	Santo Domingo	18.4625	-69.9361
AU	EC	consulate	Guayaquil	-2.1900	-79.8875
AU	EE	consulate	Tallinn	59.4372	24.7453
AU	EG	embassy	Cairo	30.0637	31.2279
AU	ES	embassy	Madrid	40.4767	-3.6879
AU	ET	embassy	Addis Ababa	8.9967	38.7774
AU	FJ	high_commission	Suva	-18.1245	178.4378
AU	FM	embassy	Kolonia	6.9671	158.2134
AU	FR	consulate_general	Nouméa	-22.2809	166.4429
AU	FR	embassy	Paris	48.8551	2.2901
AU	GB	high_commission	City of Westminster	51.5129	-0.1157
AU	GH	high_commission	Accra	5.5763	-0.1821
AU	GR	embassy	Athens	37.9770	23.7521
AU	HR	embassy	Zagreb	45.8202	15.9773
AU	ID	consulate_general	Surabaya	-7.2865	112.7804
AU	ID	embassy	Jakarta	-6.2321	106.8341
AU	IE	embassy	Dublin	53.3376	-6.2558
AU	IL	embassy	Tel Aviv	32.0618	34.7706
AU	IN	high_commission	New Delhi	28.5955	77.1918
AU	IQ	embassy	Baghdad	33.3112	44.4073
AU	IR	embassy	Tehran	35.7375	51.4135
AU	IT	embassy	Rome	41.9005	12.4654
AU	IT	embassy	Rome	41.9168	12.5139
AU	JO	embassy	Amman	31.9343	35.8790
AU	JP	consulate_general	Fukuoka	33.5901	130.4017
AU	JP	consulate_general	Osaka	34.6927	135.5314
AU	JP	embassy	Tokyo	35.6515	139.7393
AU	KE	high_commission	Nairobi	-1.2206	36.8008
AU	KH	embassy	Phnom Penh	11.5529	104.9359
AU	KI	high_commission	South Tarawa	1.3292	172.9834
AU	KR	embassy	Seoul	37.5710	126.9779
AU	KW	embassy	Kuwait City	29.3815	47.9866
AU	LA	embassy	Vientiane	17.9349	102.6176
AU	LB	embassy	Beirut	33.8956	35.5001
AU	LK	high_commission	Colombo	6.9100	79.8688
AU	MA	embassy	Rabat	33.9734	-6.8449
AU	MM	embassy	Yangon	16.8336	96.1327
AU	MN	embassy	Ulaanbaatar	47.9127	106.9217
AU	MT	high_commission	Ta' Xbiex	35.8981	14.4996
AU	MU	high_commission	Port Louis	-20.1620	57.5006
AU	MX	embassy	Mexico City	19.4298	-99.1832
AU	MY	high_commission	Kuala Lumpur	3.1576	101.7443
AU	NG	high_commission	Q3787	9.0840	7.4839
AU	NP	embassy	Kathmandu	27.7415	85.3402
AU	NR	high_commission	Aiwo District	-0.5282	166.9145
AU	NU	high_commission	Alofi	-19.0653	-169.9308
AU	NZ	consulate_general	Auckland Region	-36.8433	174.7652
AU	NZ	high_commission	Wellington City	-41.2714	174.7810
AU	PE	embassy	Miraflores	-12.1286	-77.0266
AU	PG	high_commission	Port Moresby	-9.4370	147.1884
AU	PH	embassy	Q1508	14.5608	121.0165
AU	PK	high_commission	Islamabad	33.7233	73.1022
AU	PL	embassy	Warsaw	52.2300	21.0111
AU	PT	embassy	Lisbon	38.7213	-9.1458
AU	QA	embassy	Doha	25.3193	51.5280
AU	RS	embassy	Belgrade	44.8043	20.4281
AU	RU	consulate_general	Vladivostok	43.1293	131.8888
AU	RU	embassy	Moscow	55.7526	37.6423
AU	SA	embassy	Riyadh	24.6754	46.6217
AU	SB	high_commission	Honiara	-9.4317	159.9528
AU	SE	embassy	Stockholm	59.3311	18.0567
AU	SV	consulate	San Salvador	13.6976	-89.1912
AU	TH	embassy	Bangkok	13.7296	100.5474
AU	TL	embassy	Dili	-8.5536	125.5581
AU	TO	high_commission	Nukuʻalofa	-21.1369	-175.1957
AU	TR	embassy	Ankara	39.8957	32.8795
AU	TT	high_commission	Port of Spain	10.6634	-61.5202
AU	TV	high_commission	Funafuti	-8.5185	179.2002
AU	UA	embassy	Kyiv	50.4527	30.5244
AU	US	consulate_general	Chicago	41.8841	-87.6365
AU	US	consulate_general	Honolulu	21.3088	-157.8616
AU	US	consulate_general	Houston	29.7361	-95.4603
AU	US	consulate_general	Los Angeles	34.0595	-118.4139
AU	US	consulate_general	New York City	40.7508	-73.9755
AU	US	consulate_general	San Francisco	37.7896	-122.4004
AU	US	embassy	Washington, D.C.	38.9078	-77.0370
AU	VN	embassy	Hanoi	21.0326	105.8116
AU	VU	high_commission	Port Vila	-17.7425	168.3152
AU	WS	high_commission	Apia	-13.8326	-171.7655
AU	ZA	high_commission	Pretoria	-25.7464	28.2252
AU	ZW	embassy	Harare	-17.7620	31.0889
AZ	AR	embassy	Buenos Aires	-34.5695	-58.4394
AZ	AT	embassy	Vienna	48.1897	16.2857
AZ	AU	embassy	Canberra	-35.3545	149.1081
AZ	BA	embassy	Centar Municipality	43.8370	18.3174
AZ	BE	embassy	Woluwe-Saint-Pierre	50.8350	4.4221
AZ	BG	embassy	Stolichna Municipality	42.6744	23.3519
AZ	BR	embassy	Brasília	-15.8334	-47.8783
AZ	BY	embassy	Minsk	53.9222	27.5476
AZ	CA	embassy	Ottawa	45.4188	-75.7016
AZ	CH	embassy	Bern	46.9429	7.4606
AZ	CN	embassy	Beijing	39.9040	116.4075
AZ	CO	embassy	Bogotá	4.6907	-74.0308
AZ	CZ	embassy	Prague	50.1013	14.4135
AZ	DE	embassy	Berlin	52.4876	13.2841
AZ	EE	embassy	Tallinn	59.4467	24.8027
AZ	EG	embassy	Cairo	30.0444	31.2358
AZ	ES	embassy	Madrid	40.4543	-3.6363
AZ	FR	embassy	Paris	48.8709	2.2958
AZ	GB	embassy	London	51.5018	-0.1869
AZ	GE	embassy	Tbilisi	41.7225	44.7925
AZ	GR	embassy	Palaio Psychiko	37.9994	23.7701
AZ	HR	embassy	Zagreb	45.8259	15.9927
AZ	HU	embassy	Budapest District VI	47.5055	19.0649
AZ	ID	embassy	Jakarta	-6.2264	106.8295
AZ	IN	embassy	New Delhi	28.5643	77.1555
AZ	IR	consulate_general	Tabriz	38.0582	46.3558
AZ	IR	embassy	Tehran	35.6889	51.3897
AZ	IT	embassy	Rome	41.9026	12.4627
AZ	IT	embassy	Rome	41.9195	12.4988
AZ	JO	embassy	Amman	31.9500	35.9333
AZ	JP	embassy	Tokyo	35.6261	139.6685
AZ	KR	embassy	Seoul	37.5600	126.9900
AZ	KZ	embassy	Astana	51.1333	71.4333
AZ	LT	embassy	Vilnius	54.6892	25.2684
AZ	LV	embassy	Riga	56.9542	24.1094
AZ	MA	embassy	Rabat	33.9664	-6.8462
AZ	MD	embassy	Chișinău	47.0200	28.8256
AZ	MX	embassy	Mexico City	19.4052	-99.2424
AZ	MY	embassy	Kuala Lumpur	3.1478	101.6953
AZ	PE	embassy	Miraflores	-12.1273	-77.0165
AZ	PK	embassy	Islamabad	33.7208	73.0928
AZ	PL	embassy	Warsaw	52.2309	21.0534
AZ	QA	embassy	Doha	25.3630	51.5189
AZ	RO	embassy	Bucharest	44.4873	26.0898
AZ	RS	embassy	Rakovica City Municipality	44.7577	20.4539
AZ	RU	embassy	Presnensky District	55.7606	37.6053
AZ	SA	embassy	Riyadh	24.6796	46.6328
AZ	SE	embassy	Stockholm	59.3363	18.0580
AZ	SK	embassy	Bratislava	48.1433	17.1086
AZ	TR	embassy	Ankara	39.8519	32.8290
AZ	UA	embassy	Kyiv	50.4608	30.4906
AZ	US	embassy	Washington, D.C.	38.9257	-77.0661
AZ	ZA	embassy	Pretoria	-25.7795	28.2399
BA	AE	embassy	Abu Dhabi	24.4713	54.3828
BA	AL	embassy	Tirana	41.3288	19.8086
BA	AT	embassy	Vienna	48.1807	16.3210
BA	AU	embassy	Canberra	-35.3241	149.0911
BA	BE	embassy	Brussels	50.8424	4.3698
BA	BG	embassy	Sofia	42.6789	23.3556
BA	CA	embassy	Ottawa	45.4270	-75.6762
BA	CH	embassy	Muri bei Bern	46.9318	7.4870
BA	CN	embassy	Beijing	39.9442	116.4453
BA	CZ	embassy	Prague	50.0835	14.4322
BA	DE	embassy	Berlin	52.5556	13.4067
BA	EG	embassy	Giza	30.0487	31.2092
BA	ES	embassy	Madrid	40.4222	-3.6856
BA	FR	embassy	Paris	48.8813	2.3010
BA	GB	embassy	London	51.4956	-0.1899
BA	GR	embassy	Athens	37.9772	23.7449
BA	HR	embassy	Zagreb	45.8299	15.9620
BA	HU	embassy	Budapest	47.5268	19.0040
BA	ID	embassy	Jakarta	-6.2102	106.8314
BA	IL	embassy	Tel Aviv	32.0731	34.7821
BA	IN	embassy	New Delhi	28.5643	77.1597
BA	IR	embassy	Tehran	35.8128	51.4197
BA	IT	embassy	Rome	41.9162	12.4551
BA	JO	embassy	Amman	31.9543	35.8598
BA	JP	embassy	Tokyo	35.6535	139.7246
BA	KW	embassy	Kuwait City	29.2843	48.0471
BA	LY	embassy	Tripoli	32.8715	13.1206
BA	ME	embassy	Podgorica	42.4454	19.2764
BA	MK	embassy	Skopje	41.9982	21.4180
BA	MY	embassy	Kuala Lumpur	3.1296	101.6995
BA	NO	embassy	Oslo	59.9187	10.6963
BA	PK	embassy	Islamabad	33.7262	73.0468
BA	PL	embassy	Warsaw	52.2083	21.0244
BA	QA	embassy	Doha	25.3186	51.5303
BA	RO	embassy	Bucharest	44.4547	26.0969
BA	RS	embassy	Belgrade	44.7783	20.4707
BA	RU	embassy	Moscow	55.7213	37.5154
BA	SA	embassy	Riyadh	24.7269	46.6831
BA	SE	embassy	Stockholm	59.3400	18.0667
BA	SI	embassy	Ljubljana	46.0700	14.5030
BA	TR	consulate_general	Istanbul	41.0581	29.0067
BA	TR	embassy	Ankara	39.9017	32.8575
BA	US	embassy	Washington, D.C.	38.8961	-77.0472
BB	BE	embassy	Brussels	50.8043	4.3877
BB	BR	embassy	Brasília	-15.8456	-47.8750
BB	CA	high_commission	Ottawa	45.4222	-75.6962
BB	CN	embassy	Beijing	39.9499	116.4590
BB	CU	embassy	Havana	23.1215	-82.4183
BB	GB	high_commission	London Borough of Camden	51.5171	-0.1308
BB	PA	embassy	Panama City	8.9806	-79.5099
BB	US	embassy	Washington, D.C.	38.9169	-77.0487
BB	VE	embassy	Caracas	10.4931	-66.8547
BD	AE	embassy	Abu Dhabi	24.4575	54.3694
BD	AT	embassy	Vienna	48.2373	16.3395
BD	AU	high_commission	Canberra	-35.3507	149.1069
BD	BE	embassy	Brussels	50.8209	4.3681
BD	BH	embassy	Manama	26.2191	50.5594
BD	BN	high_commission		4.9420	114.9681
BD	BR	embassy	Brasília	-15.8314	-47.8683
BD	BT	embassy	Thimphu	27.4768	89.6331
BD	CA	high_commission	Ottawa	45.4186	-75.7056
BD	CN	embassy	Beijing	39.9115	116.4317
BD	DE	embassy	Bezirk Mitte	52.5254	13.3221
BD	DZ	embassy	Algiers	36.7653	3.0322
BD	EG	embassy	Cairo	30.0419	31.2061
BD	ES	embassy	Madrid	40.4574	-3.6558
BD	ET	embassy	Addis Ababa	8.9867	38.7241
BD	FR	embassy	Paris	48.8631	2.2706
BD	GB	high_commission	Birmingham	52.4748	-1.8979
BD	GB	high_commission	London	51.4983	-0.1802
BD	GB	high_commission	Manchester	53.4778	-2.1646
BD	GR	embassy	Filothei-Psychiko Municipality	38.0149	23.7842
BD	ID	embassy	Jakarta	-6.2374	106.8399
BD	IN	high_commission	Agartala	23.8333	91.2667
BD	IN	high_commission	Guwahati	26.1806	91.7502
BD	IN	high_commission	New Delhi	28.5899	77.1762
BD	IQ	embassy	Baghdad	33.3086	44.3532
BD	IR	embassy	Tehran	35.7459	51.4026
BD	IT	embassy	Rome	41.8254	12.4640
BD	JO	embassy	Amman	31.9620	35.8763
BD	JP	embassy	Chiyoda	35.6818	139.7376
BD	KE	high_commission	Nairobi	-1.2947	36.7742
BD	KR	embassy	Seoul	37.5277	126.9930
BD	KW	embassy	Kuwait City	29.2523	48.0914
BD	LB	embassy	Beirut	33.8997	35.4888
BD	LK	high_commission		6.9098	79.8670
BD	LY	embassy	Tripoli	32.8382	13.1971
BD	MA	embassy	Rabat	34.0161	-6.8214
BD	MM	embassy	Yangon	16.8075	96.1443
BD	MU	high_commission	Port Louis	-20.1662	57.5072
BD	MV	embassy	Malé	4.1725	73.5126
BD	MV	high_commission	Malé	4.1750	73.5083
BD	MX	embassy	Mexico City	19.4246	-99.2153
BD	MY	high_commission		3.1633	101.7130
BD	NP	embassy	Kathmandu	27.7414	85.3314
BD	OM	embassy	Muscat	23.6119	58.4519
BD	PH	embassy	Manila	14.5519	121.0169
BD	PK	high_commission		33.7363	73.0750
BD	PL	embassy	Warsaw	52.1746	21.0779
BD	PT	embassy	Lisbon	38.7051	-9.2144
BD	QA	embassy	Doha	25.2504	51.5128
BD	RO	embassy	Bucharest	44.4361	26.1183
BD	RU	embassy	Moscow	55.7402	37.5784
BD	SA	embassy	Riyadh	24.6857	46.6321
BD	SE	embassy	Solna Municipality	59.3508	17.9821
BD	SG	high_commission	Singapore	1.2729	103.8425
BD	TH	embassy	Bangkok	13.7389	100.5917
BD	TR	embassy	Ankara	39.8517	32.8265
BD	US	embassy	Washington, D.C.	38.9417	-77.0678
BD	UZ	embassy	Tashkent	41.2894	69.2633
BD	VN	embassy	Hanoi	21.0713	105.8109
BD	ZA	high_commission	Pretoria	-25.7513	28.2208
BE	AE	embassy	Abu Dhabi	24.4902	54.3648
BE	AM	embassy	Yerevan	40.1784	44.5111
BE	AO	embassy	Luanda	-8.8080	13.2505
BE	AR	embassy	Buenos Aires	-34.6070	-58.3641
BE	AT	embassy	Vienna	48.1895	16.3671
BE	AU	embassy	Canberra	-35.3057	149.1150
BE	AZ	embassy	Baku	40.3742	49.8449
BE	BA	embassy	Sarajevo	43.8553	18.4161
BE	BF	embassy	Ouagadougou	12.3676	-1.5185
BE	BG	embassy	Stolichna Municipality	42.6700	23.3143
BE	BI	embassy	Bujumbura	-3.3849	29.3608
BE	BJ	embassy	Cotonou	6.3565	2.3913
BE	BR	consulate_general	Rio de Janeiro	-22.9573	-43.1765
BE	BR	consulate_general	São Paulo	-23.5587	-46.6601
BE	BR	embassy	Brasília	-15.8239	-47.8933
BE	CA	consulate_general	Quebec	45.5029	-73.5751
BE	CA	embassy	Ottawa	45.4186	-75.7032
BE	CD	consulate_general	Lubumbashi	-11.6517	27.4764
BE	CD	embassy	Kinshasa	-4.3017	15.3126
BE	CG	embassy	Brazzaville	-4.2668	15.2754
BE	CH	embassy	Bern	46.9391	7.4731
BE	CI	embassy	Abidjan	5.3302	-3.9933
BE	CL	embassy	Santiago	-33.4187	-70.6021
BE	CM	embassy	Yaoundé	3.9000	11.5121
BE	CN	consulate_general	Guangzhou	23.1197	113.3166
BE	CN	consulate_general	Hong Kong	22.2777	114.1592
BE	CN	consulate_general	Shanghai	31.2129	121.4221
BE	CN	embassy	Beijing	39.9417	116.4501
BE	CO	embassy	Bogotá	4.6736	-74.0485
BE	CU	embassy	Havana	23.1088	-82.4391
BE	CZ	embassy	Prague	50.0914	14.4086
BE	DE	embassy	Bezirk Mitte	52.5143	13.3944
BE	DZ	embassy	El Biar	36.7653	3.0332
BE	EG	embassy	Cairo	30.0391	31.2326
BE	ES	embassy	Madrid	40.4286	-3.6890
BE	ET	embassy	Addis Ababa	9.0324	38.7841
BE	FI	embassy	Helsinki	60.1585	24.9597
BE	FR	consulate_general	2nd arrondissement of Marseille	43.3036	5.3652
BE	FR	embassy	Paris	48.8751	2.2944
BE	GB	embassy	City of Westminster	51.5010	-0.1531
BE	GN	embassy	Conakry	9.5387	-13.6841
BE	GR	embassy	Athens	37.9767	23.7392
BE	HR	embassy	Zagreb	45.8272	15.9610
BE	HU	embassy	Budapest District I	47.5052	19.0352
BE	ID	embassy	Jakarta	-6.1957	106.8244
BE	IE	embassy	Dublin	53.3301	-6.2372
BE	IL	embassy	Ramat Gan	32.0851	34.8046
BE	IN	consulate_general	Mumbai	19.0690	72.8690
BE	IN	embassy	New Delhi	28.5864	77.1839
BE	IR	embassy	Tehran	35.7976	51.4273
BE	IT	embassy	Rome	41.9197	12.4812
BE	IT	embassy	Rome	41.9199	12.4806
BE	JM	embassy	Kingston	18.0069	-76.7848
BE	JO	embassy	Amman	31.9574	35.8978
BE	JP	embassy	Tokyo	35.6851	139.7358
BE	KE	embassy	Nairobi	-1.2481	36.8150
BE	KR	consulate	Ulsan	35.5500	129.3167
BE	KR	embassy	Seoul	37.5364	126.9982
BE	KW	embassy	Kuwait City	29.2868	48.0469
BE	KZ	embassy	Astana	51.1472	71.4245
BE	LB	embassy	Beirut	33.8946	35.5048
BE	LU	embassy	Luxembourg	49.6028	6.1199
BE	MA	embassy	Rabat	34.0137	-6.8222
BE	ML	embassy	Bamako	12.6594	-7.9669
BE	MX	embassy	Mexico City	19.4332	-99.1964
BE	MY	embassy	Kuala Lumpur	3.1565	101.7208
BE	NE	embassy	Niamey	13.5264	2.0923
BE	NG	embassy	Q3787	9.0793	7.5016
BE	NO	embassy	Oslo	59.9185	10.6966
BE	PA	embassy	Panama City	8.9861	-79.5209
BE	PE	embassy	Miraflores	-12.1136	-77.0322
BE	PH	embassy	Q1508	14.5595	121.0177
BE	PK	embassy	Islamabad	33.7233	73.0495
BE	PL	embassy	Warsaw	52.2438	21.0036
BE	PS	consulate_general	Jerusalem	31.7943	35.2310
BE	PT	embassy	Lisbon	38.7248	-9.1536
BE	QA	embassy	Doha	25.3227	51.5030
BE	RO	embassy	Bucharest	44.4461	26.1053
BE	RS	embassy	Belgrade	44.8076	20.4665
BE	RU	embassy	Moscow	55.7537	37.5924
BE	SA	embassy	Riyadh	24.6889	46.6293
BE	SE	embassy	Stockholm	59.3322	18.0492
BE	SG	embassy	Singapore	1.2756	103.8475
BE	SN	embassy	Dakar	14.6590	-17.4352
BE	TH	embassy	Bangkok	13.7224	100.5294
BE	TN	embassy	Tunis	36.8281	10.1759
BE	TR	consulate_general	Beyoğlu	41.0348	28.9847
BE	TR	embassy	Ankara	39.9098	32.7966
BE	TZ	embassy	Dar es Salaam	-6.8027	39.2869
BE	UA	embassy	Kyiv	50.4160	30.5336
BE	UG	embassy	Kampala	0.3174	32.5797
BE	US	consulate_general	Atlanta	33.7607	-84.3879
BE	US	consulate_general	Los Angeles	34.0632	-118.3661
BE	US	consulate_general	Manhattan	40.7535	-73.9700
BE	US	embassy	Washington, D.C.	38.9023	-77.0332
BE	VN	embassy	Hanoi	21.0257	105.8462
BE	XK	embassy	Pristina	42.6685	21.1761
BE	ZA	consulate_general	Cape Town	-33.9190	18.4236
BE	ZA	embassy	Pretoria	-25.7639	28.2040
BF	AT	embassy	Vienna	48.1984	16.3834
BF	BE	embassy	Uccle	50.8152	4.3611
BF	BR	embassy	Brasília	-15.8471	-47.8720
BF	CA	embassy	Ottawa	45.4257	-75.6723
BF	CH	embassy	Geneva	46.2200	6.1439
BF	CI	embassy	Abidjan	5.3185	-4.0171
BF	CN	embassy	Beijing	39.9441	116.4452
BF	CU	embassy	Havana	23.1150	-82.4279
BF	DE	embassy	Paris	48.8567	2.3522
BF	DZ	embassy	El Biar	36.7605	3.0280
BF	EG	embassy	Cairo	29.9591	31.2566
BF	ET	embassy	Addis Ababa	8.9937	38.7296
BF	FR	embassy	Paris	48.8749	2.3092
BF	GA	embassy	Libreville	0.4287	9.4300
BF	GH	embassy	Accra	5.5660	-0.2091
BF	IN	embassy	New Delhi	28.5595	77.1621
BF	IT	embassy	Rome	41.9042	12.4579
BF	IT	embassy	Rome	41.9156	12.4493
BF	JP	embassy	Tokyo	35.6692	139.6776
BF	KE	embassy	Nairobi	-1.2582	36.8318
BF	KW	embassy	Kuwait City	29.3083	47.9860
BF	LY	embassy	Tripoli	32.8757	13.1342
BF	MA	embassy	Rabat	33.9919	-6.8448
BF	ML	embassy	Bamako	12.6310	-8.0150
BF	NE	embassy	Niamey	13.5357	2.0753
BF	NG	embassy	Q3787	9.0347	7.4664
BF	QA	embassy	Doha	25.3591	51.5102
BF	RU	embassy	Moscow	55.7289	37.6192
BF	SA	embassy	Riyadh	24.6767	46.6198
BF	SN	embassy	Dakar	14.7179	-17.4862
BF	TD	embassy	N'Djamena	12.1276	15.0435
BF	TN	embassy	Tunis	36.8428	10.1723
BF	TR	embassy	Ankara	39.8533	32.8561
BF	US	embassy	Washington, D.C.	38.9125	-77.0517
BF	ZA	embassy	Pretoria	-25.7650	28.2266
BG	AF	embassy	Kabul	34.5385	69.1791
BG	AL	embassy	Tirana	41.3298	19.8083
BG	AM	embassy	Yerevan	40.1440	44.5258
BG	AR	embassy	Buenos Aires	-34.5592	-58.4466
BG	AT	embassy	Vienna	48.1976	16.3737
BG	AU	embassy	Canberra	-35.3584	149.1081
BG	AZ	embassy	Baku	40.3687	49.8159
BG	BA	embassy	Sarajevo	43.8484	18.3992
BG	BE	embassy	Brussels	50.8088	4.3629
BG	BR	embassy	Brasília	-15.7867	-47.8651
BG	BY	embassy	Minsk	53.9036	27.5545
BG	CA	embassy	Ottawa	45.4304	-75.6766
BG	CH	embassy	Bern	46.9435	7.4482
BG	CN	consulate_general	Shanghai	31.2325	121.4692
BG	CN	embassy	Beijing	39.9101	116.4424
BG	CU	embassy	Havana	23.1116	-82.4352
BG	CY	embassy	Egkomi Lefkosias	35.1662	33.3474
BG	CZ	embassy	Prague	50.0778	14.4281
BG	DE	embassy	Berlin	52.5100	13.3882
BG	DZ	embassy	El Biar	36.7596	3.0413
BG	EG	embassy	Cairo	30.0634	31.2175
BG	ES	consulate_general	Barcelona	41.4052	2.1503
BG	ES	consulate_general	Valencia	39.4701	-0.3562
BG	ES	embassy	Madrid	40.4622	-3.6707
BG	ET	embassy	Addis Ababa	9.0122	38.7789
BG	FI	embassy	Helsinki	60.1867	24.8703
BG	FR	consulate_general	2nd arrondissement of Lyon	45.7648	4.8368
BG	FR	embassy	Paris	48.8617	2.3018
BG	GB	consulate	City of Edinburgh	55.9511	-3.1781
BG	GB	embassy	London	51.4999	-0.1796
BG	GE	embassy	Tbilisi	41.6743	44.8239
BG	GR	consulate	Thessaloniki	40.6086	22.9523
BG	GR	embassy	Palaio Psychiko	38.0129	23.7765
BG	HR	embassy	Zagreb	45.8162	15.9656
BG	HU	embassy	Budapest District VI	47.5127	19.0749
BG	ID	embassy	Jakarta	-6.1991	106.8278
BG	IE	embassy	Dublin	53.3305	-6.2467
BG	IL	embassy	Tel Aviv	32.0753	34.7838
BG	IN	embassy	New Delhi	28.5946	77.1802
BG	IR	embassy	Tehran	35.7460	51.4087
BG	IT	embassy	Rome	41.9238	12.4757
BG	IT	embassy	Rome	41.9475	12.4712
BG	JO	embassy	Amman	31.9651	35.8818
BG	JP	embassy	Tokyo	35.6738	139.6903
BG	KP	embassy	Pyongyang	39.0243	125.7986
BG	KR	embassy	Seoul	37.5379	127.0054
BG	KW	embassy	Jabriya	29.3147	48.0401
BG	KZ	embassy	Astana	51.1641	71.4355
BG	LB	embassy	Hazmiyeh	33.8582	35.5442
BG	MA	embassy	Rabat	34.0157	-6.8219
BG	MD	embassy	Chișinău	47.0255	28.8227
BG	ME	embassy	Podgorica	42.4431	19.2648
BG	MK	consulate_general	Bitola Municipality	41.0333	21.3333
BG	MK	embassy	Skopje	41.9949	21.4196
BG	MN	embassy	Ulaanbaatar	47.9146	106.9210
BG	MX	embassy	Mexico City	19.4058	-99.2260
BG	NG	embassy	Q3787	9.0917	7.4780
BG	NO	embassy	Oslo	59.9219	10.7093
BG	PK	embassy	Islamabad	33.7316	73.1294
BG	PL	embassy	Warsaw	52.2252	21.0235
BG	PT	embassy	Lisbon	38.7078	-9.1634
BG	QA	embassy	Doha	25.3478	51.5070
BG	RO	embassy	Bucharest	44.4592	26.0892
BG	RS	embassy	Belgrade	44.8028	20.4611
BG	RU	embassy	Moscow	55.7136	37.5102
BG	SA	embassy	Riyadh	24.6811	46.6331
BG	SE	embassy	Stockholm	59.3419	18.0714
BG	SI	embassy	Ljubljana	46.0367	14.5043
BG	SK	embassy	Bratislava	48.1493	17.1028
BG	TN	embassy	Tunis	36.8547	10.2527
BG	TR	embassy	Ankara	39.9032	32.8578
BG	UA	embassy	Kyiv	50.4373	30.5253
BG	US	embassy	Washington, D.C.	38.9122	-77.0483
BG	UZ	embassy	Tashkent	41.3001	69.2559
BG	VN	embassy	Hanoi	21.0309	105.8220
BG	XK	embassy	Pristina	42.6660	21.1521
BG	YE	embassy	Sanaa	15.3043	44.1982
BG	ZA	embassy	Pretoria	-25.7436	28.2337
BH	AE	embassy	Abu Dhabi	24.4252	54.4360
BH	BE	embassy	Brussels	50.8079	4.3853
BH	BR	embassy	Brasília	-15.8379	-47.8719
BH	CN	embassy	Beijing	39.9501	116.4592
BH	DE	embassy	Berlin	52.5070	13.3514
BH	DZ	embassy	Algiers	36.7764	3.0586
BH	EG	embassy	Cairo	30.0620	31.2234
BH	FR	embassy	Paris	48.8676	2.2944
BH	GB	embassy	London	51.4984	-0.1525
BH	ID	embassy	Jakarta	-6.2331	106.8353
BH	IL	embassy	Tel Aviv	32.0800	34.7800
BH	IN	embassy	New Delhi	28.5606	77.1680
BH	IQ	embassy	Baghdad	33.3153	44.3661
BH	IT	embassy	Rome	41.9159	12.5171
BH	JO	embassy	Amman	31.9725	35.8946
BH	JP	embassy	Tokyo	35.6688	139.7417
BH	KW	embassy	Kuwait City	29.3645	48.0153
BH	MA	embassy	Rabat	33.9514	-6.8223
BH	OM	embassy	Muscat	23.6050	58.4434
BH	PK	embassy	Islamabad	33.7396	73.0805
BH	RU	embassy	Moscow	55.7276	37.6160
BH	SA	embassy	Riyadh	24.6823	46.6261
BH	TH	embassy	Bangkok	13.7227	100.5303
BH	TN	embassy	Tunis	36.8356	10.2394
BH	TR	embassy	Ankara	39.8573	32.8564
BH	US	embassy	Washington, D.C.	38.9411	-77.0658
BI	BE	embassy	Brussels	50.8476	4.3798
BI	BR	embassy	Brasília	-15.8516	-47.8553
BI	CH	embassy	Geneva	46.2138	6.1461
BI	DE	embassy	Berlin	52.4867	13.3218
BI	EG	embassy	Giza	30.0535	31.1944
BI	FR	embassy	Paris	48.8784	2.4003
BI	GB	embassy	London	51.5072	-0.1283
BI	IN	embassy	New Delhi	28.5667	77.1634
BI	IT	embassy	Rome	41.9166	12.4527
BI	NG	embassy	Q3787	9.0267	7.5196
BI	NO	embassy	Oslo	59.9160	10.7208
BI	RU	embassy	Moscow	55.7284	37.6132
BI	TR	embassy	Ankara	39.8491	32.8182
BI	US	embassy	Washington, D.C.	38.9199	-77.0708
BI	ZA	embassy	Pretoria	-25.7376	28.2417
BJ	BR	embassy	Brasília	-15.8364	-47.8741
BJ	CH	embassy	Geneva	46.2228	6.1326
BJ	CU	embassy	Havana	23.1250	-82.4228
BJ	DE	embassy	Berlin	52.4623	13.3040
BJ	DK	embassy	Gentofte Municipality	55.7283	12.5571
BJ	FR	embassy	Paris	48.8700	2.2863
BJ	JP	embassy	Kasuga	35.7100	139.7469
BJ	NE	embassy	Niamey	13.5270	2.0694
BJ	RU	embassy	Moscow	55.7694	37.6089
BJ	SA	embassy	Riyadh	24.7319	46.6718
BJ	US	embassy	Washington, D.C.	38.9181	-77.0491
BJ	ZA	embassy	Pretoria	-25.7495	28.2247
BN	AU	high_commission	Canberra	-35.3231	149.0903
BN	BE	embassy	Brussels	50.7982	4.3946
BN	BH	embassy	Manama	26.2089	50.5817
BN	CA	high_commission	Ottawa	45.4285	-75.6764
BN	CN	embassy	Beijing	39.9511	116.4592
BN	DE	embassy	Berlin	52.5117	13.3910
BN	FR	embassy	Paris	48.8722	2.2944
BN	GB	high_commission	London	51.4984	-0.1545
BN	ID	embassy	Jakarta	-6.2339	106.8356
BN	IN	high_commission	New Delhi	28.5609	77.1633
BN	JP	embassy	Kita-Shinagawa	35.6259	139.7326
BN	RU	embassy	Dorogomilovo District	55.7396	37.6147
BN	SA	embassy	Riyadh	24.7273	46.6842
BN	SG	high_commission	Singapore	1.2972	103.8180
BN	TR	embassy	Ankara	39.8506	32.8176
BN	US	embassy	Washington, D.C.	38.9444	-77.0692
BO	AR	embassy	Buenos Aires	-34.6032	-58.3745
BO	AT	embassy	Vienna	48.1953	16.3648
BO	BE	embassy	Brussels	50.8282	4.3636
BO	BR	embassy	Brasília	-15.8252	-47.8946
BO	CA	embassy	Ottawa	45.4211	-75.6971
BO	CN	embassy	Beijing	39.9440	116.4453
BO	CO	embassy	Bogotá	-25.2924	-57.6122
BO	CR	embassy	San José	9.9277	-84.0373
BO	CU	embassy	Havana	23.1164	-82.4318
BO	DE	embassy	Berlin	52.5053	13.3482
BO	EC	embassy	Quito	-0.1855	-78.4774
BO	EG	embassy	Giza	30.0403	31.1980
BO	ES	embassy	Madrid	40.4720	-3.7320
BO	FR	embassy	Paris	48.8575	2.2870
BO	GB	embassy	City of Westminster	51.4971	-0.1511
BO	IN	embassy	New Delhi	28.5615	77.1593
BO	IT	embassy	Rome	41.9052	12.4579
BO	IT	embassy	Rome	41.9145	12.5028
BO	JP	embassy	Minato	35.6589	139.7464
BO	KR	embassy	Seoul	37.5653	126.9791
BO	MX	embassy	Mexico City	19.4321	-99.1759
BO	PA	embassy	Panama City	8.9914	-79.5263
BO	PE	embassy	San Isidro	-12.0938	-77.0505
BO	PY	embassy	Asunción	-25.2924	-57.6122
BO	RU	embassy	Moscow	55.7121	37.6166
BO	SE	embassy	Lidingö Municipality	59.3623	18.1233
BO	TR	embassy	Ankara	39.9358	32.8387
BO	US	embassy	Washington, D.C.	38.9192	-77.0608
BO	UY	embassy	Montevideo	-34.8981	-56.1592
BO	VE	embassy	Caracas	10.5045	-66.8477
BR	AE	embassy	Abu Dhabi	24.4556	54.3386
BR	AG	embassy	Q36262	17.1240	-61.8280
BR	AL	embassy	Tirana	41.3183	19.8296
BR	AM	embassy	Yerevan	40.1837	44.5153
BR	AO	embassy	Luanda	-8.8101	13.2527
BR	AR	embassy	Buenos Aires	-34.5922	-58.3830
BR	AT	embassy	Vienna	48.2013	16.3756
BR	AU	embassy	Canberra	-35.3034	149.1174
BR	AZ	embassy	Baku	40.3762	49.8584
BR	BA	embassy	Sarajevo	43.8528	18.4022
BR	BB	embassy	Christ Church	13.0779	-59.6045
BR	BD	embassy	Dhaka	23.7962	90.4176
BR	BE	embassy	Brussels	50.8222	4.3697
BR	BF	embassy	Ouagadougou	12.3083	-1.5152
BR	BG	embassy	Sofia	42.6943	23.3409
BR	BJ	embassy	Cotonou	6.3548	2.3974
BR	BO	embassy	La Paz	-16.5074	-68.1265
BR	BS	embassy	Nassau	25.0763	-77.3392
BR	BW	embassy	Gaborone	-24.6580	25.9180
BR	BY	embassy	Minsk	53.8972	27.5652
BR	BZ	embassy	Belmopan	17.2576	-88.7725
BR	CA	consulate_general	Montreal	45.4874	-73.5873
BR	CA	embassy	Ottawa	45.4289	-75.6767
BR	CD	embassy	Kinshasa	-4.3140	15.2769
BR	CG	embassy	Brazzaville	-4.2694	15.2794
BR	CH	embassy	Bern	46.9409	7.4354
BR	CI	embassy	Cocody	5.3316	-3.9988
BR	CL	embassy	Las Condes	-33.4175	-70.5980
BR	CM	embassy	Yaoundé	3.8983	11.5071
BR	CN	embassy	Chaowai Subdistrict	39.9124	116.4310
BR	CO	embassy	Bogotá	4.6768	-74.0516
BR	CR	embassy	San José	9.9355	-84.0893
BR	CU	embassy	Havana	23.1087	-82.4406
BR	CV	embassy	Praia	14.9105	-23.5121
BR	CY	embassy	Nicosia	35.1691	33.3460
BR	CZ	embassy	Prague	50.0847	14.4272
BR	DE	embassy	Berlin	52.5135	13.4138
BR	DO	embassy	Santo Domingo	18.4508	-69.9526
BR	DZ	embassy	El Biar	36.7610	3.0324
BR	EC	embassy	Quito	-0.1706	-78.4849
BR	EE	embassy	Tallinn	59.4314	24.7578
BR	EG	embassy	Cairo	30.0723	31.2283
BR	ES	embassy	Madrid	40.4282	-3.6942
BR	ET	embassy	Addis Ababa	8.9856	38.7849
BR	FI	embassy	Helsinki	60.1589	24.9579
BR	FR	consulate_general		48.8721	2.3098
BR	FR	consulate_general	Cayenne	4.9386	-52.3350
BR	FR	embassy	8th arrondissement of Paris	48.8650	2.3053
BR	GA	embassy	Libreville	0.4358	9.4178
BR	GB	consulate_general	City of Edinburgh	55.9477	-3.2101
BR	GB	embassy	London	51.5075	-0.1308
BR	GD	embassy	St. George's	12.0206	-61.7689
BR	GE	embassy	Tbilisi	41.7120	44.7590
BR	GH	embassy	Accra	5.6101	-0.1895
BR	GN	embassy	Conakry	9.5238	-13.6861
BR	GQ	embassy	Malabo	3.7539	8.7521
BR	GR	embassy	Athens	37.9759	23.7416
BR	GT	embassy	Guatemala City	14.5935	-90.5161
BR	GW	embassy	Bissau	11.8589	-15.5894
BR	GY	embassy	Georgetown	6.8094	-58.1485
BR	HN	embassy	Tegucigalpa	14.1032	-87.1926
BR	HR	embassy	Zagreb	45.8130	15.9851
BR	HT	embassy	Pétion-Ville	18.5135	-72.2899
BR	HU	embassy	Budapest	47.5027	19.0520
BR	ID	embassy	Jakarta	-6.2343	106.8222
BR	IE	embassy	Dublin	53.3335	-6.2641
BR	IL	embassy	Tel Aviv	32.0733	34.7820
BR	IN	consulate	Mumbai	19.0758	72.8775
BR	IN	embassy	New Delhi	28.6020	77.2195
BR	IQ	embassy	Baghdad	33.3134	44.3674
BR	IR	embassy	Tehran	35.8063	51.4213
BR	IT	embassy	Rome	41.8981	12.4728
BR	IT	embassy	Rome	41.9026	12.4617
BR	JM	embassy	Kingston	18.0309	-76.7588
BR	JO	embassy	Amman	31.9471	35.8987
BR	JP	consulate_general	Hamamatsu	34.7104	137.7277
BR	JP	consulate_general	Nagoya	35.1745	136.8948
BR	JP	consulate_general	Shinagawa	35.6268	139.7245
BR	JP	embassy	Minato	35.6708	139.7145
BR	KE	embassy	Nairobi	-1.2317	36.8091
BR	KP	embassy	Taedonggang-guyok	39.0208	125.7887
BR	KR	embassy	Seoul	37.5817	126.9805
BR	KW	embassy	Kuwait City	29.2837	48.0511
BR	KZ	embassy	Astana	51.1462	71.4235
BR	LB	embassy	Beirut	33.8952	35.4997
BR	LC	embassy	Gros Islet	14.0681	-60.9546
BR	LK	embassy	Colombo	6.9152	79.8653
BR	MA	embassy	Rabat	33.9513	-6.8487
BR	ML	embassy	Bamako	12.6205	-7.9997
BR	MM	embassy	Yangon	16.7888	96.1382
BR	MR	embassy	Nouakchott	18.1128	-15.9835
BR	MW	embassy	Lilongwe	-13.9487	33.8187
BR	MX	embassy	Mexico City	19.4153	-99.2139
BR	MY	embassy	Kuala Lumpur	3.1565	101.7208
BR	MZ	embassy	Maputo	-25.9564	32.5958
BR	NA	embassy	Windhoek	-22.5704	17.0805
BR	NG	embassy	Q3787	9.0394	7.4744
BR	NI	embassy	Managua	12.1156	-86.3150
BR	NO	embassy	Oslo	59.9196	10.6919
BR	NP	embassy	Kathmandu	27.7356	85.3363
BR	NZ	embassy	Wellington	-41.2823	174.7784
BR	OM	embassy	Muscat	23.6094	58.4704
BR	PA	embassy	Panama City	8.9862	-79.5209
BR	PE	embassy	Miraflores	-12.1184	-77.0376
BR	PH	embassy	Q1508	14.5606	121.0256
BR	PK	embassy	Islamabad	33.7211	73.0436
BR	PL	embassy	Warsaw	52.2268	21.0576
BR	PT	embassy	Q137383061	38.7422	-9.1646
BR	PY	embassy	Asunción	-25.2904	-57.6185
BR	QA	embassy	Doha	25.3566	51.4967
BR	RO	embassy	Bucharest	44.4612	26.0869
BR	RS	embassy	Belgrade	44.8082	20.4658
BR	RU	embassy	Moscow	55.7583	37.5886
BR	SA	embassy	Riyadh	24.6843	46.6293
BR	SD	embassy	Khartoum	15.5931	32.5755
BR	SE	embassy	Stockholm	59.3465	18.0666
BR	SG	embassy	Singapore	1.3174	103.8436
BR	SI	embassy	Ljubljana	46.0503	14.4998
BR	SK	embassy	Bratislava	48.1491	17.1027
BR	SN	embassy	Dakar	14.6942	-17.4595
BR	SR	embassy	Paramaribo	5.8123	-55.1792
BR	ST	embassy	São Tomé	0.3436	6.7360
BR	SV	embassy	San Salvador	13.6940	-89.2365
BR	SY	embassy	Damascus	33.4932	36.2356
BR	TG	embassy	Lomé	6.1833	1.2362
BR	TH	embassy	Bangkok	13.7232	100.5493
BR	TL	embassy	Dili	-8.5499	125.5668
BR	TN	embassy	Tunis	36.8371	10.2389
BR	TR	embassy	Ankara	39.8962	32.8699
BR	TT	embassy	Port of Spain	10.6674	-61.5219
BR	TZ	embassy	Dar es Salaam	-6.8112	39.2873
BR	UA	embassy	Kyiv	50.4612	30.5174
BR	US	consulate_general	Miami	25.7325	-80.2562
BR	US	embassy	Washington, D.C.	38.9190	-77.0608
BR	UY	embassy	Municipio CH	-34.9029	-56.1636
BR	VE	embassy	Caracas	10.4985	-66.8534
BR	VN	embassy	Hanoi	21.0242	105.8486
BR	ZA	embassy	Pretoria	-25.7874	28.2789
BR	ZM	embassy	Lusaka	-15.4279	28.3159
BR	ZW	embassy	Harare	-17.7346	31.1134
BS	AE	embassy	Abu Dhabi	24.4609	54.3217
BS	BE	embassy	Brussels	50.8420	4.3719
BS	CA	consulate_general	Toronto	43.7073	-79.3991
BS	CA	high_commission	Ottawa	45.4204	-75.7001
BS	CH	embassy	Geneva	46.2200	6.1439
BS	CN	embassy	Beijing	39.9441	116.4452
BS	CU	embassy	Havana	23.1192	-82.4255
BS	GB	high_commission	City of Westminster	51.5072	-0.1486
BS	JM	consulate_general	Kingston	18.0179	-76.7555
BS	US	consulate_general	Atlanta	33.8444	-84.3155
BS	US	consulate_general	Los Angeles	34.0598	-118.4427
BS	US	consulate_general	Miami	25.7758	-80.1882
BS	US	consulate_general	New York City	40.7531	-73.9710
BS	US	embassy	Washington, D.C.	38.9114	-77.0497
BT	BE	embassy	Woluwe-Saint-Pierre	50.8322	4.4177
BT	CH	embassy	Geneva	46.2238	6.1230
BT	IN	embassy	New Delhi	28.5864	77.1805
BT	TH	embassy	Bangkok	13.7778	100.5870
BW	AU	high_commission	Canberra	-35.3264	149.0913
BW	BE	embassy	Woluwe-Saint-Pierre	50.8368	4.4065
BW	BR	embassy	Brasília	-15.8317	-47.8781
BW	CH	embassy	Geneva	46.2167	6.1484
BW	CN	embassy	Beijing	39.9370	116.4546
BW	DE	embassy	Berlin	52.5117	13.3758
BW	ET	embassy	Addis Ababa	9.0003	38.7193
BW	FR	embassy	Neuilly-sur-Seine	48.8822	2.2698
BW	GB	high_commission	London	51.5150	-0.1491
BW	IN	high_commission	New Delhi	28.5662	77.1579
BW	JP	embassy	Tokyo	35.6256	139.7293
BW	SE	embassy	Stockholm	59.3462	18.0667
BW	US	embassy	Washington, D.C.	38.9106	-77.0417
BW	ZA	high_commission	Pretoria	-25.7387	28.2382
BY	AE	embassy	Abu Dhabi	24.4675	54.3769
BY	AM	embassy	Yerevan	40.2365	44.5789
BY	AR	embassy	Buenos Aires	-34.5536	-58.4441
BY	AT	embassy	Vienna	48.2031	16.2576
BY	AZ	embassy	Baku	40.3814	49.8776
BY	BE	embassy	Ixelles	50.8157	4.3542
BY	BG	embassy	Stolichna Municipality	42.6886	23.3589
BY	BR	embassy	Brasília	-15.8442	-47.8886
BY	CH	embassy	Muri bei Bern	46.9338	7.4885
BY	CN	consulate_general	Chongqing	29.5500	106.5069
BY	CN	consulate_general	Guangzhou	23.1300	113.2600
BY	CN	embassy	Beijing	39.9151	116.4423
BY	CO	embassy	Bogotá	4.6626	-74.0529
BY	CU	embassy	Havana	23.1118	-82.4350
BY	CZ	embassy	Prague	50.1168	14.4199
BY	DE	embassy	Berlin	52.4870	13.4637
BY	EE	embassy	Tallinn	59.4157	24.7381
BY	EG	embassy	Giza	30.0340	31.2108
BY	ES	embassy	Madrid	40.4834	-3.6681
BY	FI	embassy	Helsinki	60.1655	24.9511
BY	FR	embassy	Paris	48.8581	2.2647
BY	GB	embassy	London	51.5016	-0.1867
BY	GE	embassy	Tbilisi	41.6743	44.8195
BY	HU	embassy	Budapest District III	47.5318	19.0201
BY	ID	embassy	Jakarta	-6.2353	106.8341
BY	IL	embassy	Tel Aviv	32.0787	34.7746
BY	IN	embassy	New Delhi	28.5601	77.1589
BY	IR	embassy	Tehran	35.8111	51.4213
BY	IT	embassy	Rome	41.9366	12.5368
BY	JP	embassy	Tokyo	35.6306	139.7228
BY	KE	embassy	Nairobi	-1.2733	36.7855
BY	KG	embassy	Bishkek	42.8705	74.5785
BY	KR	embassy	Seoul	37.5373	126.9976
BY	KZ	embassy	Astana	51.1274	71.4762
BY	LT	embassy	Vilnius	54.6772	25.2732
BY	LV	consulate		55.8670	26.5300
BY	LV	embassy	Riga	56.9419	24.1248
BY	MD	embassy	Chișinău	47.0195	28.8214
BY	MN	embassy	Ulaanbaatar	47.8981	106.9093
BY	NG	embassy	Q3787	9.0247	7.5210
BY	PK	embassy	Islamabad	33.7370	73.0755
BY	PL	consulate_general	Białystok	53.1303	23.1723
BY	PL	embassy	Warsaw	52.1718	21.0816
BY	QA	embassy	Doha	25.3394	51.4621
BY	RO	embassy	Bucharest	44.4607	26.0828
BY	RS	embassy	Belgrade	44.8010	20.4645
BY	RU	embassy	Basmanny District	55.7584	37.6377
BY	SE	embassy	Nacka Municipality	59.3127	18.1573
BY	SK	embassy	Bratislava	48.1482	17.0883
BY	SY	embassy	Damascus	33.4971	36.2501
BY	TJ	embassy	Dushanbe	38.5784	68.7957
BY	TM	embassy	Ashgabat	37.8886	58.3591
BY	TR	embassy	Ankara	39.8828	32.8548
BY	UA	embassy	Kyiv	50.4467	30.5039
BY	US	embassy	Washington, D.C.	38.9119	-77.0406
BY	UZ	embassy	Tashkent	41.3075	69.2887
BY	VN	embassy	Hanoi	21.0687	105.8237
BY	ZA	embassy	Pretoria	-25.7925	28.2324
BZ	BE	embassy	Woluwe-Saint-Lambert	50.8418	4.4060
BZ	GB	high_commission	London	51.5189	-0.1652
BZ	GT	embassy	Guatemala City	14.5875	-90.5138
BZ	IT	embassy	Rome	41.8990	12.4683
BZ	JP	embassy	Nishi-Shinjuku	35.6895	139.6918
BZ	MX	embassy	Mexico City	19.4194	-99.2076
BZ	TW	embassy	Taipei	25.0375	121.5625
BZ	US	embassy	Washington, D.C.	38.9164	-77.0561
CA	AE	embassy	Abu Dhabi	24.4964	54.3828
CA	AF	embassy	Kabul	34.5331	69.1830
CA	AM	embassy	Yerevan	40.1814	44.5144
CA	AR	embassy	Buenos Aires	-34.5798	-58.3977
CA	AT	embassy	Vienna	48.2109	16.3785
CA	AU	high_commission	Canberra	-35.3026	149.1244
CA	BB	high_commission	Saint Michael	13.0951	-59.6000
CA	BD	high_commission	Dhaka District	23.7962	90.4209
CA	BE	embassy	Brussels	50.8407	4.3666
CA	BF	embassy	Ouagadougou	12.3694	-1.5163
CA	BN	high_commission	Bandar Seri Begawan	4.8873	114.9438
CA	BR	embassy	Brasília	-15.8153	-47.8796
CA	CD	embassy	Kinshasa	-4.3167	15.2752
CA	CH	embassy	Bern	46.9402	7.4573
CA	CI	embassy	Abidjan	5.3166	-4.0173
CA	CL	embassy	Las Condes	-33.4163	-70.6056
CA	CM	high_commission	Yaoundé	3.8991	11.5105
CA	CN	consulate_general	Chongqing	29.5608	106.5756
CA	CN	consulate_general	Guangzhou	23.1365	113.3281
CA	CN	consulate_general	Hong Kong	22.2839	114.1589
CA	CN	consulate_general	Shanghai	31.2325	121.4692
CA	CN	embassy	Beijing	39.9406	116.4432
CA	CO	embassy	Bogotá	4.6932	-74.0339
CA	CR	embassy	San José	9.9306	-84.1026
CA	CU	consulate	Varadero	23.1381	-81.2820
CA	CU	embassy	Havana	23.1178	-82.4236
CA	CZ	embassy	Prague	50.1081	14.4015
CA	DE	embassy	Berlin	52.5103	13.3772
CA	DO	embassy	Santo Domingo	18.4696	-69.9396
CA	DZ	embassy	Algiers	36.7612	3.0173
CA	EC	embassy	Quito	-0.1739	-78.4856
CA	EE	embassy	Tallinn	59.4367	24.7374
CA	EG	embassy	Cairo	30.0714	31.2280
CA	ES	embassy	Madrid	40.4767	-3.6879
CA	ET	embassy	Addis Ababa	8.9950	38.7358
CA	FI	embassy	Helsinki	60.1679	24.9493
CA	FR	embassy	Paris	48.8724	2.3124
CA	GB	high_commission	London	51.5079	-0.1295
CA	GH	high_commission	Korle-Klottey Municipal District	5.5706	-0.1906
CA	GL	consulate		64.1793	-51.7431
CA	GN	embassy	Conakry	9.5792	-13.6582
CA	GR	embassy	Chalandri	38.0146	23.7889
CA	GT	embassy	Guatemala City	14.5981	-90.5086
CA	GY	high_commission	Georgetown	6.8236	-58.1618
CA	HR	embassy	Donji grad	45.8105	15.9683
CA	HT	embassy	Delmas	18.5352	-72.2923
CA	HU	embassy	Budapest District II	47.5109	19.0368
CA	ID	embassy	Jakarta	-6.2153	106.8204
CA	IE	embassy	Dublin	53.3342	-6.2470
CA	IL	embassy	Tel Aviv	32.0625	34.7905
CA	IN	high_commission	New Delhi	28.5900	77.1848
CA	IS	embassy	Reykjavík	64.1480	-21.9450
CA	IT	embassy	Rome	41.9026	12.4633
CA	IT	embassy	Rome	41.9223	12.5012
CA	JM	high_commission	Kingston	18.0211	-76.7915
CA	JO	embassy	Amman	31.9573	35.8888
CA	JP	consulate	Nagoya	35.1753	136.9057
CA	JP	consulate_general	Osaka	34.6165	135.4481
CA	JP	embassy	Akasaka	35.6736	139.7284
CA	KE	high_commission	Nairobi	-1.2417	36.8130
CA	KR	embassy	Seoul	37.5668	126.9709
CA	KW	embassy	Kuwait City	29.3567	48.0184
CA	KZ	embassy	Astana	51.1374	71.4139
CA	LB	embassy	Beirut	33.9093	35.5781
CA	LK	high_commission	Colombo	6.9043	79.8535
CA	LV	embassy	Riga	56.9576	24.1212
CA	LY	embassy	La Goulette	36.8473	10.2769
CA	MA	embassy	Rabat	33.9700	-6.8469
CA	ML	embassy	Bamako	12.6595	-7.9630
CA	MM	embassy	Yangon	16.7729	96.1583
CA	MN	embassy	Ulaanbaatar	47.9181	106.9199
CA	MX	embassy	Mexico City	19.4290	-99.1862
CA	MY	high_commission	Kuala Lumpur	3.1565	101.7208
CA	MZ	high_commission	Maputo	-25.9547	32.5928
CA	NG	high_commission	Q3787	9.0436	7.4814
CA	NO	embassy	Oslo	59.9189	10.7317
CA	NZ	high_commission	Wellington	-41.2835	174.7750
CA	PA	embassy	Panama City	8.9828	-79.5094
CA	PE	embassy	Miraflores	-12.1208	-77.0361
CA	PH	embassy	Q1508	14.5608	121.0165
CA	PK	high_commission	Islamabad	33.7252	73.1056
CA	PL	embassy	Śródmieście	52.2247	21.0261
CA	PT	embassy	Lisbon	38.7213	-9.1458
CA	QA	embassy	Doha	25.3193	51.5280
CA	RO	embassy	Bucharest	44.4610	26.0818
CA	RS	embassy	Belgrade	44.8019	20.4563
CA	RU	embassy	Khamovniki District	55.7467	37.5950
CA	SA	embassy	Riyadh	24.6818	46.6273
CA	SD	embassy	Khartoum	15.5958	32.5374
CA	SE	embassy	Stockholm	59.3321	18.0629
CA	SG	high_commission	Singapore	1.2857	103.8478
CA	SN	embassy	Dakar	14.6616	-17.4382
CA	SS	embassy	Juba	4.8557	31.6087
CA	SV	embassy	San Salvador	13.7003	-89.2228
CA	TH	embassy	Bangkok	13.7272	100.5389
CA	TN	embassy	La Goulette	36.8473	10.2769
CA	TR	embassy	Ankara	39.8925	32.8558
CA	TT	high_commission	Port of Spain	10.6668	-61.5198
CA	TZ	high_commission	Dar es Salaam	-6.8133	39.2916
CA	UA	embassy	Kyiv	50.4527	30.5244
CA	US	consulate_general	Boston	42.3603	-71.0578
CA	US	consulate_general	Chicago	41.8854	-87.6227
CA	US	embassy	Washington, D.C.	38.8931	-77.0183
CA	UY	embassy	Montevideo	-34.9059	-56.1999
CA	VE	embassy	Caracas	10.4949	-66.8494
CA	VN	consulate_general	Ho Chi Minh City	10.7785	106.6999
CA	VN	embassy	Hanoi	21.0348	105.8351
CA	ZA	high_commission	Pretoria	-25.7479	28.2353
CA	ZW	embassy	Harare	-17.8207	31.0437
CD	AR	embassy	Buenos Aires	-34.5721	-58.4414
CD	BE	embassy	Brussels	50.8402	4.3711
CD	BR	embassy	Brasília	-15.8351	-47.8753
CD	CA	embassy	Ottawa	45.4275	-75.6733
CD	CH	embassy	Bern	46.9386	7.4353
CD	CI	embassy	Abidjan	5.3691	-3.9901
CD	CN	embassy	Beijing	39.9422	116.4519
CD	CZ	embassy	Prague	50.0912	14.4311
CD	DE	embassy	Berlin	52.5179	13.2658
CD	ES	embassy	Madrid	40.4627	-3.6879
CD	FR	embassy	Paris	48.8649	2.3058
CD	GB	embassy	London	51.5295	-0.1204
CD	GR	embassy	Palaio Psychiko	37.9999	23.7707
CD	IL	embassy	Tel Aviv	32.0857	34.7764
CD	IN	embassy	New Delhi	28.5470	77.1533
CD	IT	embassy	Rome	41.9020	12.5057
CD	IT	embassy	Rome	41.9041	12.4898
CD	JP	embassy	Tokyo	35.6701	139.7217
CD	PL	embassy	Warsaw	52.1322	21.0238
CD	PT	embassy	Lisbon	38.7035	-9.2138
CD	RO	embassy	Bucharest	44.4575	26.0952
CD	RS	embassy	Belgrade	44.7944	20.4718
CD	RU	embassy	Moscow	55.6556	37.4930
CD	SA	embassy	Riyadh	24.6804	46.6196
CD	SE	embassy	Lidingö Municipality	59.3622	18.1233
CD	SN	embassy	Dakar	14.6971	-17.4699
CD	TD	embassy	N'Djamena	12.1220	15.0325
CD	TR	embassy	Ankara	39.8568	32.8543
CD	ZA	embassy	Pretoria	-25.7475	28.2195
CF	BE	embassy	Brussels	50.8987	4.3497
CF	CH	embassy	Le Grand-Saconnex	46.2303	6.1200
CF	CI	embassy	Abidjan	5.3405	-4.0083
CF	FR	embassy	Paris	48.8488	2.2675
CF	RU	embassy	Moscow	55.6602	37.4858
CF	US	embassy	Washington, D.C.	38.9122	-77.0489
CF	ZA	embassy	Pretoria	-25.7446	28.2221
CG	BE	embassy	Brussels	50.8149	4.3774
CG	BR	embassy	Brasília	-15.8419	-47.8886
CG	CA	embassy	Ottawa	45.4140	-75.6918
CG	CH	embassy	Geneva	46.2159	6.1295
CG	CN	embassy	Beijing	39.9040	116.4075
CG	CU	embassy	Havana	23.1251	-82.4166
CG	DE	embassy	Berlin	52.5126	13.4105
CG	FR	embassy	Paris	48.8718	2.2880
CG	IL	embassy	Herzliya	32.1632	34.8088
CG	IN	embassy	New Delhi	28.5623	77.1530
CG	IT	embassy	Rome	41.9177	12.5033
CG	JP	embassy	Tokyo	35.5955	139.6636
CG	RU	embassy	Moscow	55.7290	37.6191
CG	SE	embassy	Stockholm	59.3402	18.0475
CG	TR	embassy	Ankara	39.8939	32.8693
CG	US	embassy	Washington, D.C.	38.9135	-77.0369
CG	ZA	embassy	Pretoria	-25.7478	28.2281
CH	AE	embassy	Abu Dhabi	24.4179	54.4406
CH	AL	embassy	Tirana	41.3227	19.8180
CH	AM	embassy	Yerevan	40.1764	44.5145
CH	AO	embassy	Luanda	-8.8374	13.2359
CH	AR	embassy	Buenos Aires	-34.5954	-58.3793
CH	AT	embassy	Vienna	48.1964	16.3761
CH	AU	embassy	Canberra	-35.3136	149.1211
CH	AZ	embassy	Baku	40.3654	49.8349
CH	BA	embassy	Sarajevo	43.8544	18.3983
CH	BD	embassy	Dhaka	23.7960	90.4175
CH	BE	embassy	Brussels	50.8388	4.3722
CH	BG	embassy	Sofia	42.6932	23.3428
CH	BO	embassy	La Paz	-16.5276	-68.1046
CH	BR	embassy	Brasília	-15.8308	-47.8978
CH	BY	embassy	Minsk	53.9036	27.5544
CH	CA	embassy	Ottawa	45.4282	-75.6748
CH	CD	embassy	Kinshasa	-4.3136	15.2690
CH	CI	embassy	Abidjan	5.3293	-3.9933
CH	CL	embassy	Las Condes	-33.4153	-70.5837
CH	CM	embassy	Yaoundé	3.8949	11.5171
CH	CN	embassy	Beijing	39.9431	116.4534
CH	CO	embassy	Bogotá	4.6577	-74.0554
CH	CR	embassy	San José	9.9360	-84.0964
CH	CU	embassy	Havana	23.1219	-82.4209
CH	CY	embassy	Nicosia	35.1631	33.3482
CH	CZ	embassy	Prague	50.0963	14.3883
CH	DE	embassy	Berlin	52.5211	13.3711
CH	DO	embassy	Santo Domingo	18.4749	-69.9350
CH	DZ	embassy	Algiers	36.7563	3.0454
CH	EC	embassy	Quito	-0.1804	-78.4866
CH	EG	embassy	Cairo	30.0513	31.2398
CH	ES	embassy	Madrid	40.4254	-3.6830
CH	ET	embassy	Addis Ababa	9.0051	38.7183
CH	FI	embassy	Helsinki	60.1583	24.9604
CH	FR	embassy	Paris	48.8580	2.3158
CH	GB	embassy	London	51.5185	-0.1608
CH	GE	embassy	Tbilisi	41.7063	44.7688
CH	GH	embassy	Accra	5.5683	-0.2007
CH	GR	embassy	Athens	37.9783	23.7491
CH	GT	embassy	Guatemala City	14.5958	-90.5169
CH	HR	embassy	Zagreb	45.8131	15.9801
CH	HT	embassy	Pétion-Ville	18.5111	-72.2867
CH	HU	embassy	Zugló	47.5106	19.0924
CH	ID	consulate	Denpasar	-8.6374	115.2329
CH	ID	embassy	Jakarta	-6.2351	106.8279
CH	IE	embassy	Dublin	53.3206	-6.2178
CH	IL	embassy	Tel Aviv	32.0903	34.7727
CH	IN	embassy	New Delhi	28.5965	77.1855
CH	IR	embassy	District 1	35.7866	51.4300
CH	IT	embassy	Rome	41.9058	12.4605
CH	IT	embassy	Rome	41.9266	12.4851
CH	JO	embassy	Amman	31.9387	35.8782
CH	JP	consulate	Osaka	34.6938	135.5021
CH	JP	embassy	Tokyo	35.6534	139.7238
CH	KE	embassy	Nairobi	-1.2284	36.8009
CH	KG	embassy	Bishkek	42.8686	74.6069
CH	KR	embassy	Seoul	37.5702	126.9651
CH	KW	embassy	Kuwait City	29.3123	47.9953
CH	KZ	embassy	Astana	51.1473	71.4246
CH	LB	embassy	Beirut	33.8921	35.5092
CH	LK	embassy	Colombo	6.9096	79.8737
CH	LU	embassy	Luxembourg	49.6134	6.1271
CH	LV	embassy	Riga	56.9505	24.1066
CH	LY	embassy	Tripoli	32.8807	13.2125
CH	MA	embassy	Rabat	34.0207	-6.8219
CH	MG	embassy	Antananarivo	-18.9085	47.5221
CH	MK	embassy	Skopje	41.9960	21.4284
CH	MM	embassy	Yangon	16.8335	96.1326
CH	MX	embassy	Mexico City	19.4303	-99.2114
CH	MY	embassy	Kuala Lumpur	3.1569	101.7276
CH	MZ	embassy	Maputo	-25.9728	32.5880
CH	NG	embassy	Q3787	9.0811	7.4826
CH	NO	embassy	Oslo	59.9216	10.7248
CH	NP	embassy	Lalitpur	27.6694	85.3111
CH	NZ	embassy	Wellington	-41.2821	174.7784
CH	OM	embassy	Muscat	23.6041	58.4486
CH	PE	embassy	Lima	-12.0993	-77.0568
CH	PH	embassy	Q1508	14.5580	121.0238
CH	PK	embassy	Islamabad	33.7212	73.1031
CH	PL	embassy	Warsaw	52.2242	21.0235
CH	PT	embassy	Lisbon	38.7140	-9.1638
CH	QA	embassy	Doha	25.3593	51.4958
CH	RO	embassy	Bucharest	44.4509	26.0902
CH	RS	embassy	Belgrade	44.8016	20.4659
CH	RU	consulate_general	Saint Petersburg	59.9500	30.3167
CH	RU	embassy	Moscow	55.7652	37.6410
CH	SA	embassy	Riyadh	24.6870	46.6254
CH	SD	embassy	Khartoum	15.5801	32.5475
CH	SE	embassy	Stockholm	59.3461	18.0681
CH	SG	embassy	Bukit Timah	1.3425	103.7896
CH	SI	embassy	Ljubljana	46.0503	14.4998
CH	SK	embassy	Bratislava	48.1446	17.1068
CH	SN	embassy	Dakar	14.6655	-17.4415
CH	TH	embassy	Bangkok	13.7454	100.5485
CH	TN	embassy	Le Kram	36.8307	10.3037
CH	TR	consulate_general	Beşiktaş	41.0764	29.0131
CH	TR	embassy	Ankara	39.8978	32.8619
CH	TZ	embassy	Dar es Salaam	-6.7912	39.2787
CH	UA	embassy	Kyiv	50.4284	30.5589
CH	US	consulate_general	Atlanta	33.7544	-84.3897
CH	US	consulate_general	Illinois	41.8995	-87.6233
CH	US	consulate_general	San Francisco	37.7750	-122.4194
CH	US	embassy	Washington, D.C.	38.9283	-77.0578
CH	UY	embassy	Montevideo	-34.9174	-56.1498
CH	UZ	embassy	Tashkent	41.2905	69.2615
CH	VE	embassy	Caracas	10.4968	-66.8511
CH	VN	embassy	Hanoi	21.0242	105.8486
CH	XK	embassy	Pristina	42.6599	21.1677
CH	ZA	embassy	Pretoria	-25.7701	28.2319
CH	ZW	embassy	Harare	-17.8053	31.0442
CI	AO	embassy	Luanda	-8.8104	13.2492
CI	AT	embassy	Vienna	48.2478	16.3674
CI	AU	embassy	Canberra	-35.3497	149.1151
CI	BE	embassy	Brussels	50.7986	4.3941
CI	BF	embassy	Ouagadougou	12.3699	-1.5075
CI	BR	embassy	Brasília	-15.7866	-47.8682
CI	CA	embassy	Ottawa	45.4280	-75.6746
CI	CD	embassy	Kinshasa	-4.3162	15.2775
CI	CG	embassy	Brazzaville	-4.2733	15.2791
CI	CH	embassy	Bern	46.9396	7.4505
CI	CM	embassy	Yaoundé	3.8968	11.5172
CI	CN	embassy	Beijing	39.9416	116.4448
CI	DE	embassy	Berlin	52.4925	13.2843
CI	DZ	embassy	Hydra	36.7469	3.0316
CI	EG	embassy	Cairo	29.9592	31.2718
CI	ES	embassy	Madrid	40.4444	-3.6854
CI	ET	embassy	Addis Ababa	8.9876	38.7304
CI	FR	embassy	16th arrondissement of Paris	48.8714	2.2850
CI	GA	embassy	Libreville	0.4074	9.4348
CI	GB	embassy	London	51.4990	-0.1510
CI	GH	embassy	Accra	5.5614	-0.1809
CI	GN	embassy	Kaloum	9.5085	-13.7154
CI	GQ	embassy	Malabo	3.7400	8.7736
CI	IL	embassy	Ramat Gan	32.0853	34.8004
CI	IN	embassy	New Delhi	28.5629	77.1611
CI	IR	embassy	Tehran	35.7807	51.4172
CI	IT	embassy	Rome	41.9114	12.5075
CI	IT	embassy	Rome	41.9183	12.5031
CI	JP	embassy	Tokyo	35.6324	139.7202
CI	KR	embassy	Seoul	37.5615	126.9748
CI	LB	embassy	Beirut	33.8711	35.4913
CI	LR	embassy	Monrovia	6.2897	-10.7773
CI	MA	embassy	Rabat	33.9676	-6.8471
CI	ML	embassy	Bamako	12.6351	-8.0298
CI	MX	embassy	Mexico City	19.4302	-99.1949
CI	NG	embassy	Q3787	9.0427	7.4800
CI	PT	embassy	Lisbon	38.7003	-9.2236
CI	RU	embassy	Moscow	55.7384	37.5996
CI	SA	embassy	Riyadh	24.7424	46.5883
CI	SN	embassy	Dakar	14.6986	-17.4587
CI	TD	embassy	N'Djamena	12.1267	14.9806
CI	TN	embassy	Aryanah	36.8542	10.1716
CI	TN	embassy	Tunis	36.8462	10.1813
CI	TR	embassy	Ankara	39.8885	32.8722
CI	US	embassy	Washington, D.C.	38.9136	-77.0533
CI	ZA	embassy	Pretoria	-25.7406	28.2190
CK	FJ	high_commission	Suva	-18.1472	178.4324
CK	NZ	high_commission	Wellington	-41.2757	174.7801
CL	AE	embassy	Abu Dhabi	24.4337	54.4059
CL	AR	embassy	Buenos Aires	-34.5814	-58.3988
CL	AT	embassy	Vienna	48.2100	16.3749
CL	AU	embassy	Canberra	-35.3510	149.1044
CL	AZ	embassy	Baku	40.3831	49.8715
CL	BE	embassy	Etterbeek	50.8363	4.4061
CL	BR	embassy	Brasília	-15.8109	-47.8781
CL	CA	embassy	Ottawa	45.4212	-75.6987
CL	CH	embassy	Bern	46.9409	7.4316
CL	CN	consulate_general	Hong Kong	22.2783	114.1586
CL	CN	embassy	Beijing	39.9384	116.4546
CL	CO	embassy	Bogotá	4.6839	-74.0450
CL	CR	embassy	San José	9.9294	-84.0604
CL	CU	embassy	Havana	23.1209	-82.4151
CL	CZ	embassy	Prague	50.0994	14.4115
CL	DE	embassy	Bezirk Mitte	52.5132	13.3948
CL	DO	embassy	Santo Domingo	18.4432	-69.9585
CL	DZ	embassy	Hydra	36.7491	3.0308
CL	EC	embassy	Quito	-0.1803	-78.4866
CL	EG	embassy	Cairo	30.0579	31.2181
CL	ES	consulate_general	Barcelona	41.3920	2.1667
CL	ES	embassy	Madrid	40.4299	-3.6847
CL	ET	embassy	Addis Ababa	9.0047	38.7970
CL	FI	embassy	Helsinki	60.1654	24.9442
CL	FR	embassy	7th arrondissement of Paris	48.8574	2.3097
CL	GB	embassy	London	51.5006	-0.1314
CL	GH	embassy	Accra	5.6091	-0.1860
CL	GR	embassy	Athens	37.9743	23.7427
CL	GT	embassy	Guatemala City	14.5818	-90.5202
CL	GY	embassy	Georgetown	6.8060	-58.1575
CL	HN	embassy	Tegucigalpa	14.0858	-87.1865
CL	HR	embassy	Zagreb	45.8023	16.0029
CL	HT	embassy	Port-au-Prince	18.5308	-72.2991
CL	HU	embassy	Budapest	47.5135	19.0311
CL	ID	embassy	Jakarta	-6.1991	106.8236
CL	IE	embassy	Dublin	53.3295	-6.2408
CL	IL	embassy	Tel Aviv	32.1102	34.8422
CL	IN	embassy	New Delhi	28.5606	77.1682
CL	IR	embassy	Tehran	35.7878	51.4342
CL	IT	embassy	Rome	41.9036	12.4583
CL	IT	embassy	Rome	41.9213	12.4948
CL	JM	embassy	Kingston	18.0072	-76.7846
CL	JO	embassy	Amman	31.9471	35.8952
CL	JP	embassy	Minato	35.6542	139.7456
CL	KE	embassy	Nairobi	-1.2353	36.8061
CL	KR	embassy	Seoul	37.5609	126.9826
CL	LB	embassy	Beirut	33.9173	35.5983
CL	MA	embassy	Rabat	33.9529	-6.8210
CL	MX	embassy	Mexico City	19.4269	-99.1958
CL	MY	embassy	Kuala Lumpur	3.1596	101.7088
CL	NI	embassy	Managua	12.1082	-86.2519
CL	NO	embassy	Oslo	59.9179	10.7205
CL	NZ	embassy	Wellington	-41.2872	174.7779
CL	PA	embassy	Panama City	8.9826	-79.5095
CL	PE	embassy	San Isidro	-12.0927	-77.0393
CL	PH	embassy	Q1508	14.5606	121.0256
CL	PL	embassy	Warsaw	52.1804	21.0630
CL	PT	embassy	Lisbon	38.7372	-9.1445
CL	PY	embassy	Asunción	-25.2998	-57.5754
CL	RO	embassy	Bucharest	44.4663	26.0825
CL	RU	embassy	Khamovniki District	55.7437	37.5874
CL	SE	embassy	Stockholm	59.3389	18.0567
CL	SG	embassy	Singapore	1.2952	103.8596
CL	SV	embassy	San Salvador	13.7037	-89.2532
CL	SY	embassy	Damascus	33.5193	36.2704
CL	TH	embassy	Bangkok	13.7311	100.5606
CL	TR	embassy	Ankara	39.8965	32.8703
CL	TT	embassy	Port of Spain	10.6652	-61.5217
CL	US	embassy	Washington, D.C.	38.9081	-77.0399
CL	UY	embassy	Montevideo	-34.9232	-56.1559
CL	VE	embassy	Caracas	10.4745	-66.8589
CL	VN	embassy	Hanoi	21.0430	105.8301
CL	ZA	embassy	Pretoria	-25.7376	28.2417
CM	BE	embassy	Forest	50.8182	4.3505
CM	BR	embassy	Brasília	-15.8519	-47.8803
CM	CA	high_commission	Ottawa	45.4051	-75.6912
CM	CH	embassy	Bern	46.9349	7.4616
CM	CI	embassy	Abidjan	5.3183	-4.0141
CM	CN	embassy	Beijing	39.9431	116.4511
CM	DE	embassy	Berlin	52.5173	13.2689
CM	ES	embassy	Madrid	40.4619	-3.6910
CM	FR	embassy	Paris	48.8478	2.2612
CM	GB	high_commission	London	51.5055	-0.2088
CM	IL	embassy	Ramat Gan	32.0861	34.8189
CM	IT	embassy	Rome	41.9185	12.4994
CM	IT	embassy	Rome	41.9281	12.4905
CM	JP	embassy	Setagaya	35.6324	139.6743
CM	RU	embassy	Moscow	55.7371	37.6245
CM	SA	embassy	Riyadh	24.6812	46.6261
CM	SN	embassy	Dakar	14.6630	-17.4354
CM	TD	embassy	N'Djamena	12.1182	15.0413
CM	TR	embassy	Ankara	39.8894	32.8727
CM	US	embassy	Washington, D.C.	38.9138	-77.0523
CM	ZA	high_commission	Pretoria	-25.7645	28.2332
CN	AE	consulate_general	Dubai	25.2697	55.3094
CN	AE	embassy	Abu Dhabi	24.4409	54.3711
CN	AF	embassy	Kabul	34.5274	69.1769
CN	AG	embassy	Q36262	17.1483	-61.8381
CN	AL	embassy	Tirana	41.3311	19.8071
CN	AM	embassy	Yerevan	40.1581	44.4661
CN	AO	embassy	Luanda	-8.8101	13.2543
CN	AR	embassy	Buenos Aires	-34.5629	-58.4961
CN	AT	embassy	Vienna	48.1977	16.3823
CN	AU	consulate_general	Adelaide	-34.9275	138.6000
CN	AU	consulate_general	Brisbane	-27.4678	153.0278
CN	AU	consulate_general	Melbourne	-37.8142	144.9631
CN	AU	consulate_general	New South Wales	-33.8886	151.1792
CN	AU	consulate_general	Perth	-31.9511	115.8772
CN	AU	embassy	Canberra	-35.3019	149.1233
CN	AZ	embassy	Baku	40.3777	49.8579
CN	BA	embassy	Sarajevo	43.8678	18.4060
CN	BB	embassy	Bridgetown	13.0975	-59.6167
CN	BD	embassy	Dhaka	23.7991	90.4215
CN	BE	embassy	Woluwe-Saint-Pierre	50.8235	4.4455
CN	BF	embassy	Ouagadougou	12.3686	-1.5275
CN	BG	embassy	Sofia	42.6740	23.3246
CN	BH	embassy	Manama	26.2338	50.5457
CN	BI	embassy	Bujumbura	-3.3825	29.3611
CN	BJ	embassy	Cotonou	6.3667	2.4167
CN	BN	embassy	Bandar Seri Begawan	4.9167	114.9167
CN	BO	consulate_general	Santa Cruz de la Sierra	-17.7892	-63.1975
CN	BO	embassy	La Paz	-16.5459	-68.0757
CN	BR	consulate_general	Recife	-8.0539	-34.8808
CN	BR	consulate_general	Rio de Janeiro	-22.9111	-43.2056
CN	BR	consulate_general	São Paulo	-23.5504	-46.6339
CN	BR	embassy	Brasília	-15.8369	-47.9063
CN	BS	embassy	Nassau	25.0781	-77.3386
CN	BW	embassy	Gaborone	-24.6569	25.9086
CN	BY	embassy	Minsk	53.9105	27.5915
CN	CA	consulate_general	Calgary	51.0475	-114.0625
CN	CA	consulate_general	Montreal	45.4912	-73.5821
CN	CA	consulate_general	Montreal	45.5033	-73.5868
CN	CA	consulate_general	Toronto	43.6703	-79.3867
CN	CA	consulate_general	Toronto	43.6724	-79.4017
CN	CA	consulate_general	Toronto	43.6724	-79.4022
CN	CA	consulate_general	Vancouver	49.2608	-123.1139
CN	CA	consulate_general	Vancouver	49.2634	-123.1349
CN	CA	embassy	Ottawa	45.4364	-75.6848
CN	CD	embassy	Kinshasa	-4.3009	15.3121
CN	CF	embassy	Bangui	4.3732	18.5628
CN	CG	embassy	Brazzaville	-4.2662	15.2725
CN	CH	consulate_general	Zurich	47.3744	8.5411
CN	CH	embassy	Bern	46.9394	7.4653
CN	CI	embassy	Abidjan	5.3316	-3.9419
CN	CL	consulate_general	Iquique	-20.2141	-70.1524
CN	CL	embassy	Santiago	-33.4280	-70.6101
CN	CM	consulate	Douala	4.0500	9.7000
CN	CM	embassy	Yaoundé	3.8979	11.5097
CN	CO	consulate	Barranquilla	10.9833	-74.8019
CN	CO	embassy	Bogotá	4.6836	-74.0491
CN	CR	embassy	San José	9.9410	-84.1133
CN	CU	embassy	Havana	23.1367	-82.3589
CN	CV	embassy	Praia	14.9059	-23.5144
CN	CW	consulate_general	Willemstad	12.1080	-68.9350
CN	CY	embassy	Nicosia	35.1604	33.3254
CN	CZ	embassy	Prague	50.1014	14.4073
CN	DE	consulate_general	Düsseldorf	51.2256	6.7767
CN	DE	consulate_general	Frankfurt	50.1106	8.6822
CN	DE	consulate_general	Hamburg	53.5474	9.8785
CN	DE	consulate_general	Munich	48.1553	11.5061
CN	DJ	embassy	Djibouti	11.5950	43.1481
CN	DM	embassy	Roseau	15.3000	-61.3833
CN	DO	embassy	Santo Domingo	18.4715	-69.9400
CN	DZ	embassy	Algiers	36.7764	3.0586
CN	EC	consulate_general	Guayaquil	-2.1900	-79.8875
CN	EC	embassy	Quito	-0.1821	-78.4872
CN	EE	embassy	Tallinn	59.4413	24.7893
CN	EG	consulate_general	Alexandria	31.1959	29.9182
CN	EG	consulate_general	Alexandria	31.1975	29.8925
CN	EG	embassy	Cairo	30.0444	31.2358
CN	ER	embassy	Asmara	15.3333	38.9167
CN	ES	consulate_general	Casa Carme Andreu	41.4143	2.1365
CN	ES	consulate_general	Madrid	40.4483	-3.6417
CN	ES	embassy	Madrid	40.4512	-3.6532
CN	ET	embassy	Addis Ababa	9.0358	38.7525
CN	FI	embassy	Helsinki	60.1831	25.0065
CN	FR	consulate_general	6th arrondissement of Lyon	45.7647	4.8484
CN	FR	consulate_general	Marseille	43.2686	5.3871
CN	FR	consulate_general	Saint-Denis	-20.8858	55.4532
CN	FR	consulate_general	Strasbourg	48.5879	7.7814
CN	FR	embassy	Paris	48.8662	2.3010
CN	GA	embassy	Libreville	0.4078	9.4403
CN	GB	consulate_general	Belfast	54.5766	-5.9446
CN	GB	consulate_general	Edinburgh	55.9451	-3.2438
CN	GB	consulate_general	Manchester	53.4545	-2.2189
CN	GB	embassy	Marylebone	51.5211	-0.1458
CN	GD	embassy	St. George's	12.0525	-61.7531
CN	GE	embassy	Tbilisi	41.7225	44.7925
CN	GH	embassy	Accra	5.5560	-0.1969
CN	GM	embassy	Banjul	13.4531	-16.5775
CN	GN	embassy	Conakry	9.5417	-13.6831
CN	GQ	consulate_general	Bata	1.8999	9.7949
CN	GQ	embassy	Malabo	3.7519	8.7713
CN	GR	embassy	Athens	38.0082	23.7723
CN	GW	embassy	Bissau	11.8632	-15.5844
CN	GY	embassy	Georgetown	6.8058	-58.1508
CN	HN	embassy	Tegucigalpa	14.1022	-87.1870
CN	HR	embassy	Zagreb	45.8513	15.9596
CN	HU	embassy	Budapest District VI	47.5092	19.0759
CN	ID	consulate_general	Denpasar	-8.6717	115.2339
CN	ID	consulate_general	Medan	3.5894	98.6739
CN	ID	consulate_general	Surabaya	-7.2912	112.7148
CN	ID	embassy	Jakarta	-6.2256	106.8256
CN	IE	embassy	Dublin	53.3203	-6.2223
CN	IL	embassy	Tel Aviv	32.0944	34.7748
CN	IN	consulate_general	Kolkata	22.5675	88.3700
CN	IN	consulate_general	Mumbai	19.0758	72.8775
CN	IN	embassy	New Delhi	28.6016	77.1908
CN	IQ	consulate_general	Basra	30.5150	47.8100
CN	IQ	consulate_general	Erbil	36.1911	44.0094
CN	IQ	embassy	Baghdad	33.3153	44.3661
CN	IR	consulate_general	Bandar Abbas	27.1864	56.2808
CN	IR	embassy	District 1	35.8046	51.4775
CN	IS	embassy	Reykjavík	64.1448	-21.9136
CN	IT	consulate_general	Florence	43.7714	11.2542
CN	IT	consulate_general	Milan	45.4669	9.1900
CN	IT	embassy	Rome	41.9228	12.4996
CN	JM	embassy	Kingston	17.9714	-76.7931
CN	JO	embassy	Amman	31.9500	35.9333
CN	JP	consulate_general	Fukuoka	33.5906	130.3607
CN	JP	consulate_general	Nagasaki	32.7779	129.8665
CN	JP	consulate_general	Nagoya	35.1731	136.9159
CN	JP	consulate_general	Niigata	37.9252	139.0367
CN	JP	consulate_general	Osaka	34.6827	135.4873
CN	JP	consulate_general	Sapporo	43.0393	141.3243
CN	JP	embassy	Minato	35.6563	139.7272
CN	KE	embassy	Nairobi	-1.2864	36.8172
CN	KG	consulate_general	Osh	40.5333	72.7833
CN	KH	embassy	Phnom Penh	11.5696	104.9210
CN	KI	embassy	South Tarawa	1.3292	172.9842
CN	KM	embassy	Moroni	-11.6911	43.2594
CN	KP	consulate_general	Chongjin	41.7828	129.8241
CN	KP	embassy	Moranbong-guyok	39.0546	125.7530
CN	KR	consulate_general	Busan	35.1780	129.0746
CN	KR	consulate_general	Gwangju	35.1474	126.8885
CN	KR	consulate_general	Jeju Province	33.4908	126.5204
CN	KR	embassy	Seoul	37.5622	126.9828
CN	KW	embassy	Hawalli	29.2756	48.0562
CN	KZ	consulate_general	Aktobe	50.2836	57.2297
CN	KZ	consulate_general	Almaty	43.2400	76.9150
CN	KZ	embassy	Astana	51.1333	71.4333
CN	LA	consulate_general	Luang Prabang	19.8900	102.1347
CN	LA	consulate_general	Phongsālī	21.6833	102.1000
CN	LA	embassy	Vientiane	17.9344	102.6207
CN	LB	embassy	Beirut	33.8869	35.5131
CN	LC	embassy	Castries	14.0765	-60.9532
CN	LK	embassy	Colombo	6.9267	79.8606
CN	LR	embassy	Monrovia	6.2637	-10.7236
CN	LS	embassy	Maseru	-29.3071	27.4661
CN	LU	embassy	Luxembourg	49.6368	6.1446
CN	LV	embassy	Riga	56.9696	24.1070
CN	LY	embassy	Tripoli	32.8875	13.1875
CN	MA	embassy	Rabat	34.0211	-6.8414
CN	MD	embassy	Chișinău	47.0317	28.8264
CN	ME	embassy	Podgorica	42.4281	19.2539
CN	MG	consulate	Toamasina	-18.1550	49.4100
CN	MG	embassy	Antananarivo	-18.8850	47.5503
CN	MH	embassy	Majuro	7.0918	171.3802
CN	MK	embassy	Skopje	41.9836	21.4327
CN	ML	embassy	Bamako	12.6458	-7.9922
CN	MM	consulate_general	Mandalay	21.9747	96.0836
CN	MM	embassy	Yangon	16.7888	96.1345
CN	MN	consulate_general	Zamyn-Üüd	43.7181	111.9061
CN	MN	embassy	Ulaanbaatar	47.9234	106.9242
CN	MR	embassy	Nouakchott	18.0912	-15.9914
CN	MT	embassy	Valletta	35.8978	14.5125
CN	MU	embassy	Port Louis	-20.2515	57.4850
CN	MV	embassy	Malé	4.1750	73.5083
CN	MW	embassy	Lilongwe	-13.9614	33.8098
CN	MX	consulate_general	Tijuana	32.5365	-117.0371
CN	MX	embassy	Mexico City	19.4331	-99.2043
CN	MY	consulate_general	Kota Kinabalu	5.9750	116.0725
CN	MY	consulate_general	Kuching	1.5575	110.3439
CN	MY	consulate_general	Penang	5.4025	100.3650
CN	MY	embassy	Kuala Lumpur	3.1628	101.7164
CN	MZ	embassy	Maputo	-25.9544	32.6048
CN	NA	embassy	Windhoek	-22.5700	17.0836
CN	NE	embassy	Niamey	13.5254	2.0672
CN	NG	consulate_general	Lagos	6.4561	3.3936
CN	NG	embassy	Q3787	9.0419	7.4810
CN	NI	embassy	Managua	12.0897	-86.2668
CN	NO	embassy	Oslo Municipality	59.9414	10.7015
CN	NP	embassy	Baluwatar	27.7217	85.3327
CN	NZ	consulate_general	Auckland Region	-36.8963	174.8017
CN	NZ	consulate_general	Christchurch	-43.5383	172.5739
CN	NZ	embassy	Wellington	-41.2799	174.7672
CN	OM	embassy	Muscat	23.6052	58.4316
CN	PA	embassy	Panama City	8.9948	-79.4999
CN	PE	embassy	Lima	-12.0968	-77.0484
CN	PH	consulate	Laoag	18.1787	120.5903
CN	PH	consulate_general	Cebu City	10.3199	123.9032
CN	PH	consulate_general	Davao City	7.0561	125.5980
CN	PH	embassy	Manila	14.5958	120.9772
CN	PK	consulate_general	Karachi	24.8059	67.0315
CN	PK	consulate_general	Lahore	31.5497	74.3436
CN	PK	embassy	Islamabad	33.7342	73.1360
CN	PL	consulate_general	Gdańsk	54.3749	18.6207
CN	PL	embassy	Warsaw	52.2505	21.0017
CN	PS	embassy	Ramallah	31.9110	35.1870
CN	PT	embassy	Lisbon	38.7070	-9.1650
CN	QA	embassy	Doha	25.2861	51.5294
CN	RO	consulate	Constanța County	44.2700	28.3100
CN	RO	consulate_general	Constanța	44.1767	28.6508
CN	RO	embassy	Bucharest	44.4761	26.0913
CN	RS	embassy	Belgrade	44.7839	20.4541
CN	RU	consulate_general	Irkutsk	52.2892	104.2800
CN	RU	consulate_general	Khabarovsk	48.4833	135.0667
CN	RU	consulate_general	Saint Petersburg	59.9500	30.3167
CN	RU	consulate_general	Vladivostok	43.0962	131.8648
CN	RU	consulate_general	Vladivostok	43.0962	131.8651
CN	RU	consulate_general	Yekaterinburg	56.8123	60.6191
CN	RU	embassy	Moscow	55.7110	37.5160
CN	RW	embassy	Kigali	-1.9541	30.0615
CN	SA	consulate_general	Jeddah	21.5292	39.1611
CN	SA	embassy	Riyadh	24.6734	46.6262
CN	SB	embassy	Honiara	-9.4333	159.9500
CN	SC	embassy	Victoria	-4.6236	55.4448
CN	SD	embassy	Khartoum	15.5928	32.5778
CN	SE	consulate_general	Gothenburg	57.7028	11.9662
CN	SE	embassy	Stockholm	59.3322	18.1222
CN	SG	embassy	Singapore	1.3035	103.8209
CN	SI	embassy	Ljubljana	46.0528	14.5268
CN	SK	embassy	Bratislava	48.1517	17.1093
CN	SL	embassy	Freetown	8.4872	-13.2356
CN	SN	embassy	Dakar	14.6726	-17.4320
CN	SO	embassy	Mogadishu	2.0370	45.3398
CN	SR	embassy	Paramaribo	5.8392	-55.1208
CN	SS	embassy	Juba	4.8513	31.5909
CN	ST	embassy	São Tomé	0.3372	6.7360
CN	SV	embassy	San Salvador	13.7009	-89.2303
CN	SY	embassy	Damascus	33.5212	36.2803
CN	TD	embassy	N'Djamena	12.1182	15.0315
CN	TG	embassy	Lomé	6.1300	1.2158
CN	TH	consulate_general	Chiang Mai	18.7889	98.9833
CN	TH	consulate_general	Khon Kaen	16.4297	102.8297
CN	TH	consulate_general	Songkhla	7.2061	100.5967
CN	TH	embassy	Bangkok	13.7632	100.5668
CN	TJ	embassy	Dushanbe	38.5731	68.7864
CN	TL	embassy	Dili	-8.5536	125.5783
CN	TM	embassy	Ashgabat	37.9500	58.3833
CN	TN	embassy	Tunis	36.8008	10.1800
CN	TO	embassy	Nukuʻalofa	-21.1361	-175.1929
CN	TR	consulate_general	Istanbul	41.1480	29.0491
CN	TR	consulate_general	İzmir	38.4028	26.9972
CN	TR	embassy	Ankara	39.8515	32.8326
CN	TT	embassy	Port of Spain	10.6718	-61.5215
CN	TZ	consulate_general	Zanzibar City	-6.1667	39.2000
CN	TZ	embassy	Dar es Salaam	-6.7840	39.2863
CN	UA	consulate_general	Odesa	46.4838	30.7509
CN	UA	embassy	Kyiv	50.4442	30.5407
CN	UG	embassy	Kampala	0.3136	32.5811
CN	US	consulate_general	Chicago	41.8945	-87.6315
CN	US	consulate_general	Los Angeles	34.0657	-118.2900
CN	US	consulate_general	New York City	40.7621	-74.0003
CN	US	consulate_general	San Francisco	37.7846	-122.4278
CN	US	embassy	Washington, D.C.	38.9426	-77.0670
CN	UY	embassy	Montevideo	-34.8899	-56.0619
CN	UZ	embassy	Tashkent	41.3111	69.2797
CN	VE	embassy	Caracas	10.5061	-66.9144
CN	VN	consulate_general	Da Nang	16.0363	108.2421
CN	VN	consulate_general	Ho Chi Minh City	10.7756	106.7019
CN	VN	embassy	Hanoi	21.0321	105.8383
CN	VU	embassy	Port Vila	-17.7333	168.3167
CN	WS	embassy	Apia	-13.8333	-171.8333
CN	YE	consulate_general	Aden	12.8000	45.0333
CN	ZA	consulate_general	Cape Town	-33.9253	18.4239
CN	ZA	consulate_general	Durban	-29.8583	31.0250
CN	ZA	consulate_general	Johannesburg	-26.2044	28.0416
CN	ZA	embassy	Pretoria	-25.7446	28.2289
CN	ZM	embassy	Lusaka	-15.4167	28.2833
CN	ZW	embassy	Harare	-17.8292	31.0522
CO	AE	embassy	Abu Dhabi	24.5034	54.3684
CO	AR	embassy	Buenos Aires	-34.5921	-58.3813
CO	AT	embassy	Vienna	48.2093	16.3562
CO	AU	embassy	Canberra	-35.3079	149.1359
CO	AZ	embassy	Baku	40.3830	49.8715
CO	BE	embassy	Brussels	50.8082	4.3851
CO	BO	embassy	La Paz	-16.5422	-68.0828
CO	BR	embassy	Brasília	-15.8102	-47.8776
CO	CA	embassy	Ottawa	45.4183	-75.7030
CO	CH	embassy	Bern	46.9450	7.4300
CO	CL	embassy	Las Condes	-33.4060	-70.5704
CO	CN	consulate_general	Shanghai	31.2325	121.4692
CO	CN	embassy	Beijing	39.9116	116.4382
CO	CR	embassy	San José	9.9356	-84.0585
CO	CU	embassy	Havana	23.1233	-82.4168
CO	DE	embassy	Bezirk Mitte	52.5131	13.3927
CO	DO	embassy	Santo Domingo	18.4724	-69.9353
CO	DZ	embassy	Hydra	36.7494	3.0307
CO	EC	embassy	Quito	-0.2051	-78.4848
CO	EG	embassy	Cairo	30.0565	31.2221
CO	ES	embassy	Madrid	40.4351	-3.6900
CO	FI	embassy	Helsinki	60.1654	24.9511
CO	FR	consulate_general	Paris	48.8724	2.3044
CO	FR	embassy	Paris	48.8701	2.3177
CO	GB	embassy	London	51.4991	-0.1615
CO	GH	embassy	Accra	5.6091	-0.1860
CO	GT	embassy	Guatemala City	14.5874	-90.5138
CO	HN	embassy	Tegucigalpa	14.1008	-87.1827
CO	HU	embassy	Budapest District XIII	47.5144	19.0476
CO	ID	embassy	Jakarta	-6.2012	106.8297
CO	IE	embassy	Dublin	53.3303	-6.2388
CO	IL	embassy	Ramat Gan	32.0851	34.8046
CO	IN	embassy	New Delhi	28.5596	77.1617
CO	IT	embassy	Rome	41.9068	12.4598
CO	IT	embassy	Rome	41.9139	12.4733
CO	JM	embassy	Kingston	18.0074	-76.7863
CO	JP	embassy	Tokyo	35.6322	139.7178
CO	KE	embassy	Nairobi	-1.2262	36.8134
CO	KR	embassy	Seoul	37.5709	126.9779
CO	LB	embassy	Beirut	33.8999	35.5717
CO	MA	embassy	Rabat	33.9529	-6.8210
CO	MX	embassy	Mexico City	19.4265	-99.1696
CO	MY	embassy	Kuala Lumpur	3.1527	101.7120
CO	NI	embassy	Managua	12.0931	-86.2394
CO	NO	embassy	Oslo	59.9206	10.7242
CO	PA	embassy	Panama City	8.9827	-79.5093
CO	PE	embassy	Lima	-12.0961	-77.0481
CO	PH	embassy	Taguig	14.5598	121.0560
CO	PL	embassy	Warsaw	52.2318	21.0565
CO	PT	embassy	Lisbon	38.7287	-9.1471
CO	PY	embassy	Asunción	-25.2937	-57.6054
CO	RU	embassy	Moscow	55.7390	37.5799
CO	SE	embassy	Stockholm	59.3423	18.0749
CO	SG	embassy	Singapore	1.2989	103.8593
CO	SV	embassy	San Salvador	13.7118	-89.2472
CO	TH	embassy	Bangkok	13.7412	100.5487
CO	TR	embassy	Ankara	39.8846	32.8564
CO	TT	embassy	Port of Spain	10.6644	-61.5189
CO	US	embassy	Washington, D.C.	38.9108	-77.0450
CO	UY	embassy	Montevideo	-34.9172	-56.1547
CO	VE	embassy	Caracas	10.4923	-66.8625
CO	VN	embassy	Hanoi	21.0212	105.8552
CO	ZA	embassy	Pretoria	-25.7583	28.2398
CR	AE	embassy	Abu Dhabi	24.4061	54.5116
CR	AR	embassy	Buenos Aires	-34.5989	-58.3755
CR	AT	embassy	Vienna	48.2174	16.3747
CR	AU	embassy	Canberra	-35.2806	149.1255
CR	BE	embassy	Brussels	50.8167	4.3713
CR	BO	embassy	La Paz	-16.5322	-68.0747
CR	BR	embassy	Brasília	-15.7849	-47.8904
CR	CA	embassy	Ottawa	45.4186	-75.7056
CR	CH	embassy	Bern	46.9480	7.4448
CR	CL	embassy	Las Condes	-33.4176	-70.5961
CR	CN	embassy	Beijing	39.9079	116.4315
CR	CO	embassy	Bogotá	4.6757	-74.0482
CR	CU	embassy	Havana	23.1118	-82.4362
CR	DE	embassy	Berlin	52.5220	13.3784
CR	DO	embassy	Santo Domingo	18.4581	-69.9350
CR	EC	embassy	Quito	-0.1834	-78.4783
CR	ES	embassy	Madrid	40.4415	-3.6955
CR	FR	embassy	7th arrondissement of Paris	48.8587	2.3010
CR	GB	embassy	London	51.5120	-0.1785
CR	GT	embassy	Guatemala City	14.5860	-90.5154
CR	HN	embassy	Tegucigalpa	14.0858	-87.1865
CR	ID	embassy	Jakarta	-6.2059	106.8214
CR	IL	embassy	Ramat Gan	32.0846	34.8010
CR	IN	embassy	New Delhi	28.5694	77.1593
CR	IT	embassy	Rome	41.9047	12.4641
CR	IT	embassy	Rome	41.9241	12.4897
CR	JM	embassy	Kingston	18.0085	-76.7824
CR	JP	embassy	Minato	35.6615	139.7315
CR	KE	embassy	Nairobi	-1.2274	36.8065
CR	KR	embassy	Seoul	37.5609	126.9826
CR	MX	embassy	Mexico City	19.4296	-99.1684
CR	NI	embassy	Managua	12.0978	-86.2308
CR	NO	embassy	Oslo	59.9127	10.7495
CR	PA	embassy	Panama City	8.9762	-79.5218
CR	PE	embassy	San Isidro	-12.1008	-77.0563
CR	PY	embassy	Asunción	-25.2845	-57.5571
CR	QA	embassy	Doha	25.3212	51.4987
CR	RU	embassy	Moscow	55.7456	37.4259
CR	SG	embassy	Singapore	1.2786	103.8484
CR	SV	embassy	San Salvador	13.6998	-89.2448
CR	TR	embassy	Ankara	39.8882	32.8497
CR	US	embassy	Washington, D.C.	38.9136	-77.0478
CR	UY	embassy	Montevideo	-34.9079	-56.2088
CU	AO	embassy	Luanda	-8.8263	13.2373
CU	AR	embassy	Buenos Aires	-34.5632	-58.4463
CU	AT	embassy	Vienna	48.2055	16.3400
CU	AU	embassy	Canberra	-35.3565	149.1069
CU	BE	embassy	Forest	50.8191	4.3516
CU	BG	embassy	Sofia	42.6730	23.3498
CU	BJ	embassy	Cotonou	6.3508	2.4180
CU	BO	embassy	La Paz	-16.5192	-68.0858
CU	BR	embassy	Brasília	-15.8482	-47.9025
CU	BY	embassy	Minsk	53.9101	27.5861
CU	BZ	embassy	Belmopan	17.2391	-88.7719
CU	CA	embassy	Ottawa	45.4033	-75.6752
CU	CH	embassy	Bern	46.9523	7.4375
CU	CL	embassy	Providencia	-33.4316	-70.6020
CU	CO	embassy	Bogotá	4.6728	-74.0452
CU	CR	embassy	San José	9.9420	-84.1087
CU	CY	embassy	Strovolos	35.1446	33.3647
CU	CZ	embassy	Prague	50.0672	14.3772
CU	DE	embassy	Berlin	52.5563	13.4109
CU	EC	embassy	Quito	-0.1745	-78.4792
CU	ES	embassy	Madrid	40.4619	-3.6801
CU	FI	embassy	Helsinki	60.1680	24.9324
CU	FR	embassy	Paris	48.8525	2.2965
CU	GB	embassy	London	51.5161	-0.1254
CU	GN	embassy	Kaloum	9.5471	-13.6729
CU	GR	embassy	Filothei-Psychiko Municipality	38.0029	23.7731
CU	HU	embassy	Budapest District XII	47.5020	18.9718
CU	ID	embassy	Jakarta	-6.2181	106.7882
CU	IE	embassy	Dublin	53.3442	-6.2475
CU	IN	embassy	New Delhi	28.5668	77.2164
CU	IT	embassy	Rome	41.8820	12.4848
CU	IT	embassy	Rome	41.8995	12.4496
CU	JP	embassy	Minato	35.6555	139.7440
CU	KP	embassy	Pyongyang	39.0244	125.7915
CU	KR	embassy	Jung District	37.5579	126.9753
CU	MN	embassy	Ulaanbaatar	47.9214	106.9055
CU	MX	embassy	Mexico City	19.4318	-99.2056
CU	NE	embassy	Niamey	13.5234	2.1010
CU	NO	embassy	Oslo	59.9171	10.7198
CU	NZ	embassy	Wellington	-41.2422	174.7912
CU	PA	embassy	Panama City	8.9693	-79.5358
CU	PE	embassy	San Isidro	-12.1000	-77.0327
CU	PL	embassy	Warsaw	52.1836	21.0089
CU	PT	embassy	Lisbon	38.7039	-9.2095
CU	PY	embassy	Asunción	-25.2843	-57.5999
CU	RO	embassy	Bucharest	44.4738	26.1015
CU	RS	embassy	Belgrade	44.7738	20.4608
CU	RU	embassy	Moscow	55.7320	37.6239
CU	SA	embassy	Riyadh	24.6808	46.6962
CU	SC	embassy	Victoria	-4.6289	55.4539
CU	SE	embassy	Danderyd Municipality	59.3873	18.0540
CU	SR	embassy	Paramaribo	5.8328	-55.1783
CU	TR	embassy	Ankara	39.8629	32.8539
CU	UA	embassy	Kyiv	50.4571	30.4951
CU	US	embassy	Washington, D.C.	38.9242	-77.0369
CU	UY	embassy	Montevideo	-34.9005	-56.1561
CU	VE	embassy	Nuestra Señora del Rosario de Baruta	10.4829	-66.8438
CU	VN	embassy	Hanoi	21.0245	105.8412
CU	ZA	embassy	Pretoria	-25.7631	28.2313
CV	AO	embassy	Luanda	-8.8324	13.2363
CV	BE	embassy	Ixelles	50.8146	4.3792
CV	BR	embassy	Brasília	-15.8409	-47.8672
CV	CH	embassy	Geneva	46.2211	6.1477
CV	CN	embassy	Beijing	39.9454	116.4513
CV	DE	embassy	Berlin	52.5563	13.4096
CV	ES	embassy	Madrid	40.4367	-3.6794
CV	FR	embassy	Paris	48.8752	2.3190
CV	GW	embassy	Bissau	11.8600	-15.5833
CV	IT	embassy	Rome	41.9065	12.4945
CV	LU	embassy	Luxembourg	49.6126	6.1244
CV	PT	embassy	Lisbon	38.7004	-9.2163
CV	US	embassy	Washington, D.C.	38.9251	-77.0678
CY	AE	embassy	Abu Dhabi	24.4755	54.3869
CY	AT	embassy	Vienna	48.1996	16.3741
CY	AU	high_commission	Canberra	-35.3259	149.0907
CY	BG	embassy	Sofia	42.7007	23.3267
CY	BR	embassy	Brasília	-15.8346	-47.8785
CY	CA	high_commission	Ottawa	45.4200	-75.6950
CY	CN	embassy	Beijing	39.9455	116.4512
CY	CU	embassy	Havana	23.1044	-82.4432
CY	CZ	embassy	Prague	50.0805	14.4294
CY	DE	embassy	Berlin	52.5003	13.3135
CY	EG	embassy	Cairo	30.0682	31.2224
CY	ES	embassy	Madrid	40.4357	-3.6898
CY	FI	embassy	Helsinki	60.1651	24.9389
CY	FR	embassy	Paris	48.8689	2.2941
CY	GB	high_commission	London	51.5074	-0.1364
CY	GR	embassy	Athens	37.9744	23.7347
CY	HU	embassy	Budapest	47.4972	19.0498
CY	IE	embassy	Dublin	53.3340	-6.2546
CY	IL	embassy	Tel Aviv	32.0755	34.7746
CY	IN	high_commission	New Delhi	28.6007	77.1846
CY	IR	embassy	Tehran	35.8125	51.4138
CY	IT	embassy	Rome	41.8951	12.4717
CY	IT	embassy	Rome	41.9071	12.4885
CY	JO	embassy	Amman	31.9507	35.8905
CY	JP	embassy	Minato	35.6499	139.7271
CY	KW	embassy	Kuwait City	29.3034	48.0800
CY	LB	embassy	Baabda	33.8370	35.5613
CY	MX	embassy	Mexico City	19.4185	-99.2131
CY	OM	embassy	Muscat	23.6034	58.4457
CY	PL	embassy	Warsaw	52.1902	21.0204
CY	PT	embassy	Lisbon	38.7228	-9.1486
CY	QA	embassy	Doha	25.3303	51.5178
CY	RO	embassy	Bucharest	44.4604	26.0786
CY	RS	embassy	Belgrade	44.7776	20.4651
CY	RU	embassy	Arbat District	55.7536	37.5954
CY	SE	embassy	Stockholm	59.3322	18.0853
CY	SK	embassy	Bratislava	48.1446	17.1068
CY	UA	embassy	Kyiv	50.4512	30.4977
CY	US	embassy	Washington, D.C.	38.9128	-77.0494
CY	ZA	high_commission	Pretoria	-25.7685	28.2476
CZ	AE	embassy	Abu Dhabi	24.4729	54.3184
CZ	AF	embassy	Kabul	34.5330	69.1847
CZ	AL	embassy	Tirana	41.3295	19.8084
CZ	AM	embassy	Yerevan	40.1797	44.5171
CZ	AR	embassy	Buenos Aires	-34.5914	-58.3953
CZ	AT	embassy	Vienna	48.1896	16.3122
CZ	AU	embassy	Canberra	-35.3507	149.1048
CZ	AZ	embassy	Baku	40.3854	49.8289
CZ	BA	embassy	Sarajevo	43.8563	18.4341
CZ	BE	embassy	Ixelles	50.8132	4.3849
CZ	BG	embassy	Stolichna Municipality	42.6944	23.3286
CZ	BR	embassy	Brasília	-15.8166	-47.8863
CZ	BY	embassy	Minsk	53.8971	27.5893
CZ	CA	embassy	Ottawa	45.4182	-75.6922
CZ	CH	embassy	Bern	46.9418	7.4683
CZ	CL	embassy	Las Condes	-33.4130	-70.5930
CZ	CN	embassy	Beijing	39.9095	116.4356
CZ	CO	embassy	Bogotá	4.6806	-74.0432
CZ	CU	embassy	Havana	23.1129	-82.4012
CZ	CY	embassy	Nicosia	35.1607	33.3562
CZ	DE	embassy	Bezirk Mitte	52.5111	13.3839
CZ	DZ	embassy	Algiers	36.7607	3.0448
CZ	EE	embassy	Tallinn	59.4393	24.7840
CZ	EG	embassy	Giza	30.0313	31.2117
CZ	ES	embassy	Madrid	40.4661	-3.6747
CZ	ET	embassy	Addis Ababa	9.0160	38.7536
CZ	FI	embassy	Helsinki	60.1569	24.9391
CZ	FR	consulate		48.8561	2.3343
CZ	FR	embassy	Paris	48.8558	2.2955
CZ	GB	consulate_general	Manchester	53.4642	-2.2766
CZ	GB	embassy	London	51.5094	-0.1935
CZ	GE	embassy	Tbilisi	41.7114	44.7591
CZ	GH	embassy	Accra	5.5759	-0.1981
CZ	GN	embassy	Conakry	9.5092	-13.7122
CZ	GR	embassy	Filothei-Psychiko Municipality	38.0134	23.7691
CZ	HR	embassy	Zagreb	45.8024	16.0057
CZ	HU	embassy	Budapest District VI	47.5079	19.0688
CZ	ID	embassy	Jakarta	-6.1912	106.8278
CZ	IE	embassy	Dublin	53.3339	-6.2369
CZ	IL	embassy	Tel Aviv	32.0795	34.7846
CZ	IN	embassy	New Delhi	28.5848	77.1854
CZ	IQ	embassy	Baghdad	33.3103	44.3544
CZ	IR	embassy	Tehran	35.8006	51.4754
CZ	IT	embassy	Rome	41.9058	12.4608
CZ	IT	embassy	Rome	41.9096	12.4682
CZ	JO	embassy	Amman	31.9444	35.8931
CZ	JP	embassy	Tokyo	35.6519	139.7168
CZ	KE	embassy	Nairobi	-1.2732	36.7749
CZ	KP	embassy	Pyongyang	39.0262	125.7981
CZ	KR	embassy	Seoul	37.5746	126.9792
CZ	KW	embassy	Kuwait City	29.3257	47.9578
CZ	KZ	embassy	Astana	51.1361	71.4140
CZ	LB	embassy	Baabda	33.8341	35.5393
CZ	LT	embassy	Vilnius	54.6880	25.2475
CZ	LU	embassy	Luxembourg	49.6177	6.1262
CZ	LV	embassy	Riga	56.9585	24.1097
CZ	MA	embassy	Rabat	33.9647	-6.8355
CZ	MD	embassy	Chișinău	47.0190	28.8393
CZ	ME	embassy	Podgorica	42.4529	19.2190
CZ	MK	embassy	Skopje	41.9848	21.4177
CZ	ML	embassy	Bamako	12.6352	-8.0254
CZ	MM	embassy	Yangon	16.8130	96.1460
CZ	MN	embassy	Ulaanbaatar	47.9139	106.9250
CZ	MX	embassy	Mexico City	19.4330	-99.1800
CZ	MY	embassy	Kuala Lumpur	3.1617	101.7204
CZ	NG	embassy	Q3787	9.0419	7.5218
CZ	NO	embassy	Oslo	59.9168	10.7048
CZ	PE	embassy	San Isidro	-12.0958	-77.0540
CZ	PH	embassy	Q1508	14.5581	121.0182
CZ	PK	embassy	Islamabad	33.7282	73.0711
CZ	PL	embassy	Warsaw	52.2217	21.0206
CZ	PT	embassy	Lisbon	38.7038	-9.2126
CZ	RO	embassy	Bucharest	44.4336	26.1014
CZ	RS	embassy	Belgrade	44.8098	20.4666
CZ	RU	embassy	Moscow	55.7700	37.5883
CZ	SA	embassy	Riyadh	24.7500	46.7088
CZ	SE	embassy	Stockholm	59.3439	18.0743
CZ	SI	embassy	Ljubljana	46.0434	14.4981
CZ	SK	embassy	Bratislava	48.1410	17.1070
CZ	SN	embassy	Dakar	14.6643	-17.4376
CZ	SY	embassy	Damascus	33.5204	36.2824
CZ	TH	embassy	Bangkok	13.7375	100.5509
CZ	TN	embassy	Tunis	36.8183	10.1794
CZ	TR	embassy	Ankara	39.8970	32.8777
CZ	UA	embassy	Kyiv	50.4530	30.5083
CZ	US	embassy	Washington, D.C.	38.9394	-77.0541
CZ	UZ	embassy	Tashkent	41.3461	69.3381
CZ	VN	embassy	Hanoi	21.0320	105.8366
CZ	XK	embassy	Pristina	42.6667	21.1523
CZ	ZA	embassy	Pretoria	-25.7448	28.2261
CZ	ZM	embassy	Lusaka	-15.4241	28.3361
DE	AE	consulate_general	Dubai	25.2223	55.2573
DE	AE	embassy	Abu Dhabi	24.4959	54.3828
DE	AF	embassy	Kabul	34.5320	69.1803
DE	AL	embassy	Tirana	41.3294	19.8075
DE	AM	embassy	Yerevan	40.1798	44.5280
DE	AO	embassy	Luanda	-8.8100	13.2328
DE	AR	embassy	Buenos Aires	-34.5672	-58.4396
DE	AT	embassy	Vienna	48.1978	16.3828
DE	AU	consulate_general	New South Wales	-33.8741	151.2170
DE	AU	embassy	Canberra	-35.3080	149.1122
DE	AZ	embassy	Baku	40.3742	49.8449
DE	BA	embassy	Sarajevo	43.8553	18.4159
DE	BD	embassy	Dhaka District	23.7979	90.4223
DE	BE	embassy	Brussels	50.8439	4.3738
DE	BF	embassy	Ouagadougou	12.3786	-1.5076
DE	BG	embassy	Sofia	42.6700	23.3493
DE	BH	embassy	Manama	26.2198	50.5817
DE	BI	embassy	Bujumbura	-3.3849	29.3602
DE	BJ	embassy	Cotonou	6.3529	2.4211
DE	BN	embassy	Bandar Seri Begawan	4.8876	114.9408
DE	BO	embassy	La Paz	-16.5083	-68.1253
DE	BR	consulate_general	Porto Alegre	-30.0306	-51.2235
DE	BR	consulate_general	Recife	-8.1176	-34.9028
DE	BR	consulate_general	Rio de Janeiro	-22.9102	-43.1715
DE	BR	consulate_general	São Paulo	-23.5869	-46.6810
DE	BR	embassy	Brasília	-15.8213	-47.8863
DE	BW	embassy	Gaborone	-24.6580	25.9136
DE	BY	embassy	Minsk	53.9071	27.5766
DE	CA	consulate_general	Montreal	45.4974	-73.5701
DE	CA	consulate_general	Toronto	43.6709	-79.3866
DE	CA	consulate_general	Vancouver	49.2879	-123.1120
DE	CA	embassy	Ottawa	45.4185	-75.6818
DE	CD	embassy	Gombe	-4.3059	15.2752
DE	CG	embassy	Brazzaville	-4.2748	15.2821
DE	CH	embassy	Bern	46.9353	7.4621
DE	CI	embassy	Abidjan	5.3285	-4.0057
DE	CL	embassy	Santiago	-33.3967	-70.5755
DE	CM	embassy	Yaoundé	3.8859	11.5091
DE	CN	consulate_general	Chengdu	30.6600	104.0633
DE	CN	consulate_general	Hong Kong	22.2786	114.1654
DE	CN	consulate_general	Shanghai	31.2091	121.4429
DE	CN	consulate_general	Shenyang	41.8025	123.4281
DE	CN	consulate_general	Tianhe District	23.1271	113.3561
DE	CN	embassy	Beijing	39.9417	116.4517
DE	CO	embassy	Bogotá	4.6907	-74.0388
DE	CR	embassy	San José	9.9392	-84.1065
DE	CU	embassy	Havana	23.1371	-82.3966
DE	CY	embassy	Nicosia District	35.1597	33.3522
DE	CZ	embassy	Prague	50.0871	14.3981
DE	DJ	embassy	Djibouti	11.5644	43.1633
DE	DO	embassy	Santo Domingo	18.4743	-69.9358
DE	DZ	embassy	Algiers Province	36.7658	3.0435
DE	EC	embassy	Quito	-0.1777	-78.4789
DE	EE	embassy	Tallinn	59.4290	24.7375
DE	EG	embassy	Cairo	30.0550	31.2190
DE	ER	embassy	Asmara	15.3249	38.9217
DE	ES	consulate	Las Palmas de Gran Canaria	28.1417	-15.4309
DE	ES	consulate	Málaga	36.7139	-4.4345
DE	ES	consulate	Palma	39.5667	2.6497
DE	ES	consulate_general	Barcelona	41.3878	2.1971
DE	ES	embassy	Madrid	40.4298	-3.6907
DE	ET	embassy	Addis Ababa	9.0401	38.7795
DE	FI	embassy	Helsinki	60.1859	24.8671
DE	FJ	embassy	Suva	-18.1571	178.4298
DE	FR	consulate_general	2nd arrondissement of Marseille	43.3050	5.3680
DE	FR	consulate_general	6th arrondissement of Lyon	45.7749	4.8495
DE	FR	consulate_general	Bordeaux	44.8503	-0.5750
DE	FR	consulate_general	Strasbourg	48.5875	7.7621
DE	FR	embassy	Paris	48.8661	2.3097
DE	GA	embassy	Libreville	0.3842	9.4455
DE	GB	consulate_general	City of Edinburgh	55.9487	-3.2213
DE	GB	embassy	London	51.4982	-0.1542
DE	GE	embassy	Tbilisi	41.6891	44.8230
DE	GH	embassy	Accra	5.5674	-0.1987
DE	GM	embassy	Kanifing	13.4458	-16.7186
DE	GN	embassy	Conakry	9.5123	-13.7160
DE	GR	consulate_general	Thessaloniki	40.6134	22.9526
DE	GR	embassy	Athens	37.9761	23.7440
DE	GT	embassy	Guatemala City	14.6045	-90.5150
DE	HN	embassy	Tegucigalpa	14.0949	-87.1820
DE	HR	embassy	Zagreb	45.7992	15.9693
DE	HT	embassy	Pétion-Ville	18.5068	-72.2806
DE	HU	embassy	Budapest	47.5030	19.0290
DE	ID	embassy	Jakarta	-6.1968	106.8237
DE	IE	embassy	Dublin	53.3109	-6.2031
DE	IL	embassy	Tel Aviv	32.0746	34.7832
DE	IN	consulate_general	Bengaluru	12.9683	77.6004
DE	IN	consulate_general	Chennai	13.0251	80.2508
DE	IN	consulate_general	Kolkata	22.5250	88.3343
DE	IN	consulate_general	Mumbai	18.9254	72.8212
DE	IN	embassy	New Delhi	28.5892	77.1883
DE	IQ	consulate_general	Erbil	36.1911	44.0094
DE	IQ	embassy	Baghdad	33.3152	44.3447
DE	IR	embassy	District 12	35.6931	51.4205
DE	IS	embassy	Reykjavík	64.1428	-21.9366
DE	IT	consulate_general	Milan	45.4779	9.1883
DE	IT	embassy	Rome	41.9051	12.5033
DE	IT	embassy	Rome	41.9205	12.4851
DE	JM	embassy	Kingston Parish	18.0174	-76.7914
DE	JO	embassy	Amman	31.9554	35.8902
DE	JP	consulate_general	Osaka Prefecture	34.7053	135.4901
DE	JP	embassy	Tokyo	35.6508	139.7252
DE	KE	embassy	Nairobi	-1.2693	36.7840
DE	KG	embassy	Bishkek	42.8688	74.6036
DE	KH	embassy	Phnom Penh	11.5596	104.9195
DE	KP	embassy	Taedonggang-guyok	39.0230	125.7921
DE	KR	embassy	Jung District	37.5558	126.9736
DE	KW	embassy	Kuwait City	29.3793	47.9931
DE	KZ	consulate_general	Almaty	43.2400	76.9150
DE	KZ	embassy	Astana	51.1475	71.4244
DE	LA	embassy	Vientiane	17.9442	102.6256
DE	LB	embassy	Dekwaneh	33.8825	35.5447
DE	LK	embassy	Colombo	6.8984	79.8572
DE	LR	embassy	Monrovia	6.2730	-10.7456
DE	LT	embassy	Vilnius	54.6838	25.2644
DE	LU	embassy	Luxembourg	49.6129	6.1214
DE	LV	embassy	Riga	56.9516	24.1147
DE	MA	embassy	Rabat	34.0182	-6.8331
DE	MD	embassy	Chișinău	47.0000	28.8167
DE	ME	embassy	Podgorica Capital City	42.4430	19.2616
DE	MG	embassy	Antananarivo	-18.9088	47.5362
DE	MK	embassy	Skopje	41.9935	21.3963
DE	ML	embassy	Bamako	12.6250	-7.9882
DE	MM	embassy	Yangon	16.8025	96.1625
DE	MN	embassy	Ulaanbaatar	47.9245	106.9172
DE	MR	embassy	Nouakchott	18.0960	-15.9745
DE	MT	embassy	Ta' Xbiex	35.8982	14.4967
DE	MW	embassy	Lilongwe	-13.9600	33.7881
DE	MX	embassy	Mexico City	19.4347	-99.2053
DE	MY	embassy	Kuala Lumpur	3.1565	101.7208
DE	MZ	embassy	Maputo	-25.9585	32.5980
DE	NA	embassy	Windhoek	-22.5678	17.0838
DE	NE	embassy	Niamey	13.5194	2.0996
DE	NG	consulate_general	Lagos	6.4396	3.4057
DE	NG	embassy	Q3787	9.0979	7.4821
DE	NI	embassy	Managua	12.1154	-86.2582
DE	NO	embassy	Oslo	59.9201	10.7226
DE	NP	embassy	Kathmandu	27.7095	85.3334
DE	NZ	embassy	Wellington City	-41.2710	174.7801
DE	OM	embassy	Muscat	23.5872	58.5353
DE	PA	embassy	Panama City	8.9805	-79.5202
DE	PE	embassy	San Isidro	-12.0959	-77.0220
DE	PH	embassy	Q1508	14.5608	121.0165
DE	PK	consulate_general	Karachi	24.8176	67.0299
DE	PK	embassy	Islamabad	33.7240	73.1041
DE	PL	consulate	Opole	50.6646	17.9178
DE	PL	consulate_general	Kraków	50.0603	19.9391
DE	PL	consulate_general	Wrocław	51.1066	17.0418
DE	PL	consulate_general	Wrzeszcz Górny	54.3741	18.6223
DE	PL	embassy	Warsaw	52.2231	21.0296
DE	PT	embassy	Lisbon	38.7213	-9.1408
DE	PY	embassy	Asunción	-25.2845	-57.5627
DE	QA	embassy	Doha	25.3107	51.4951
DE	RO	consulate	Sibiu	45.7921	24.1549
DE	RO	consulate	Timișoara	45.7487	21.2214
DE	RO	embassy	Bucharest	44.4594	26.0873
DE	RS	embassy	Savski Venac City Municipality	44.8018	20.4548
DE	RU	consulate_general	Saint Petersburg	59.9500	30.3167
DE	RU	embassy	Moscow	55.7174	37.5170
DE	RW	embassy	Kigali	-1.9470	30.0641
DE	SA	consulate_general	Jeddah	21.5292	39.1611
DE	SA	embassy	Riyadh	24.6862	46.6238
DE	SD	embassy	Khartoum	15.6052	32.5378
DE	SE	embassy	Stockholm	59.3344	18.1063
DE	SG	embassy	Singapore	1.2848	103.8520
DE	SI	embassy	Ljubljana	46.0520	14.4985
DE	SK	embassy	Bratislava I	48.1408	17.1066
DE	SL	embassy	Freetown	8.4619	-13.2528
DE	SN	embassy	Dakar	14.6610	-17.4368
DE	SS	embassy	Juba	4.8548	31.5861
DE	SV	embassy	San Salvador	13.7073	-89.2327
DE	SY	embassy	Damascus	33.5184	36.2746
DE	TD	embassy	N'Djamena	12.1007	15.0502
DE	TG	embassy	Lomé	6.1173	1.2090
DE	TH	embassy	Bangkok	13.7241	100.5419
DE	TJ	embassy	Dushanbe	38.5808	68.7480
DE	TM	embassy	Ashgabat	37.9525	58.3645
DE	TN	embassy	Tunis	32.8841	13.1883
DE	TN	embassy	Tunis	36.8331	10.2429
DE	TR	consulate	Antalya	36.8513	30.7684
DE	TR	consulate_general	Balçova district	38.3895	27.0374
DE	TR	consulate_general	Beyoğlu	41.0353	28.9892
DE	TR	embassy	Ankara	39.9046	32.8560
DE	TT	embassy	Port of Spain	10.6679	-61.5226
DE	TZ	embassy	Dar es Salaam	-6.8126	39.2916
DE	UA	embassy	Kyiv	50.4461	30.5111
DE	UG	embassy	Kampala	0.3306	32.5886
DE	US	consulate_general	Atlanta	33.7620	-84.3849
DE	US	consulate_general	Boston	42.3471	-71.0773
DE	US	consulate_general	Chicago	41.8947	-87.6238
DE	US	consulate_general	Houston	29.7536	-95.4603
DE	US	consulate_general	Manhattan	40.7532	-73.9669
DE	US	consulate_general	Miami	25.7755	-80.1872
DE	US	consulate_general	San Francisco	37.7936	-122.4264
DE	US	consulate_general	United States	34.0631	-118.3634
DE	US	embassy	Washington, D.C.	38.9144	-77.0887
DE	UY	embassy	Montevideo Department	-34.9142	-56.1844
DE	UZ	embassy	Tashkent	41.3256	69.2722
DE	VE	embassy	Caracas	10.4988	-66.8520
DE	VN	consulate_general	Ho Chi Minh City	10.7818	106.7006
DE	VN	embassy	Hanoi	21.0305	105.8407
DE	XK	embassy	Pristina	42.6690	21.1535
DE	ZA	consulate_general	Cape Town	-33.9327	18.4262
DE	ZA	embassy	Pretoria	-25.7706	28.2226
DE	ZM	embassy	Lusaka	-15.4195	28.3089
DE	ZW	embassy	Harare	-17.7866	31.0378
DJ	BE	embassy	Brussels	50.8017	4.3900
DJ	CH	embassy	Geneva	46.2198	6.1366
DJ	CN	embassy	Beijing	39.9040	116.4075
DJ	CU	embassy	Havana	23.1202	-82.4199
DJ	DE	embassy	Berlin	52.5047	13.3442
DJ	FR	embassy	Paris	48.8690	2.2791
DJ	IN	embassy	New Delhi	28.5693	77.1605
DJ	JP	embassy	Tokyo	35.6299	139.7026
DJ	KE	embassy	Nairobi	-1.2859	36.8237
DJ	RU	embassy	Moscow	55.7704	37.5991
DJ	SA	embassy	Riyadh	24.6804	46.6200
DJ	TR	embassy	Ankara	39.8545	32.8539
DJ	US	embassy	Washington, D.C.	38.9054	-77.0348
DK	DE	consulate_general	Flensburg	54.7819	9.4367
DK	MM	embassy	Yangon	16.8053	96.1561
DK	MY	embassy	Kuala Lumpur	3.1478	101.6953
DK	RW	embassy	Kigali	-1.9525	30.1150
DK	SN	embassy	Dakar	14.6726	-17.4320
DM	BE	embassy	Brussels	50.8298	4.3594
DM	GB	high_commission	London	51.4914	-0.1870
DO	AR	embassy	Buenos Aires	-34.5951	-58.3802
DO	AT	embassy	Vienna	48.1955	16.3762
DO	BE	embassy	Brussels	50.8247	4.3659
DO	BR	embassy	Brasília	-15.8264	-47.8959
DO	CA	embassy	Ottawa	45.4214	-75.6972
DO	CH	embassy	Bern	46.9391	7.4731
DO	CL	embassy	Vitacura	-33.3964	-70.5919
DO	CN	embassy	Beijing	39.9040	116.4075
DO	CO	embassy	Bogotá	4.7029	-74.0469
DO	CR	embassy	San José	9.9250	-84.0437
DO	DE	embassy	Berlin	52.4924	13.3010
DO	EC	embassy	Quito	-0.1796	-78.4762
DO	ES	embassy	Madrid	40.4316	-3.6882
DO	FR	consulate_general	Marseille	43.2869	5.3794
DO	FR	consulate_general	Paris	48.8842	2.2910
DO	FR	consulate_general	Pointe-à-Pitre	16.2417	-61.5698
DO	FR	embassy	Paris	48.8765	2.3079
DO	GB	embassy	London	51.5156	-0.1874
DO	IL	embassy	Tel Aviv	32.0695	34.7825
DO	IN	embassy	New Delhi	28.5670	77.1640
DO	IT	embassy	Rome	41.9042	12.4579
DO	IT	embassy	Rome	41.9071	12.4892
DO	JP	consulate_general	Minato	35.6562	139.7364
DO	JP	embassy	Tokyo	35.6894	139.6917
DO	MX	embassy	Mexico City	19.3964	-99.2321
DO	PA	embassy	Panama City	8.9829	-79.5184
DO	PE	embassy	San Isidro	-12.1010	-77.0564
DO	PT	embassy	Lisbon	38.7501	-9.1503
DO	PY	embassy	Asunción	-25.2915	-57.6148
DO	RU	embassy	Moscow	55.7580	37.6459
DO	SE	embassy	Stockholm	59.3312	18.0483
DO	TR	embassy	Ankara	39.9358	32.8387
DO	US	embassy	Washington, D.C.	38.9131	-77.0483
DO	UY	embassy	Montevideo	-34.9040	-56.1383
DO	ZA	embassy	Pretoria	-25.7608	28.2035
DZ	AE	embassy	Abu Dhabi	24.4887	54.3691
DZ	AL	embassy	Tirana	41.3289	19.8084
DZ	AO	embassy	Luanda	-8.8383	13.2344
DZ	AR	embassy	Buenos Aires	-34.5890	-58.3849
DZ	AT	embassy	Vienna	48.2444	16.3464
DZ	AU	embassy	Canberra	-35.3610	149.1064
DZ	AZ	embassy	Baku	40.3804	49.8873
DZ	BE	embassy	Ixelles	50.8155	4.3517
DZ	BF	embassy	Ouagadougou	12.3843	-1.4933
DZ	BG	embassy	Sofia	42.6926	23.3296
DZ	BH	embassy	Manama	26.2063	50.5819
DZ	BJ	embassy	Cotonou	6.3667	2.4167
DZ	BR	embassy	Brasília	-15.8346	-47.8762
DZ	CA	embassy	Ottawa	45.4303	-75.6733
DZ	CD	embassy	Kinshasa	-4.3219	15.3119
DZ	CG	embassy	Brazzaville	-4.2694	15.2711
DZ	CH	embassy	Bern	46.9350	7.4630
DZ	CI	embassy	Abidjan	5.3307	-4.0208
DZ	CL	embassy	Las Condes	-33.4183	-70.5854
DZ	CM	embassy	Yaoundé	3.8994	11.5091
DZ	CN	embassy	Beijing	39.9040	116.4075
DZ	CO	embassy	Bogotá	4.6750	-74.0476
DZ	CU	embassy	Havana	23.1191	-82.4256
DZ	CZ	embassy	Prague	50.1022	14.4120
DZ	DE	embassy	Berlin	52.5667	13.3996
DZ	DK	embassy	Copenhagen	55.7342	12.5617
DZ	EC	embassy	Quito	-0.1561	-78.4582
DZ	EG	embassy	Cairo	30.0612	31.2226
DZ	ES	consulate_general	Barcelona	41.4108	2.1369
DZ	ES	embassy	Madrid	40.4362	-3.6859
DZ	ET	embassy	Addis Ababa	8.9878	38.7248
DZ	FI	embassy	Helsinki	60.1656	24.9502
DZ	FR	consulate		47.2471	6.0253
DZ	FR	consulate	Metz	49.1101	6.1703
DZ	FR	consulate	Nouvelle-Aquitaine	44.8315	-0.6009
DZ	FR	consulate	Rouen	49.4431	1.1025
DZ	FR	consulate	Val-de-Marne	48.7845	2.4579
DZ	FR	consulate_general		48.8488	2.3984
DZ	FR	consulate_general	6th arrondissement of Lyon	45.7659	4.8547
DZ	FR	consulate_general	Lille	50.6323	3.0528
DZ	FR	consulate_general	Marseille	43.2774	5.3837
DZ	FR	consulate_general	Strasbourg	48.5721	7.7146
DZ	FR	embassy	Paris	48.8776	2.3097
DZ	GA	embassy	Libreville	0.4409	9.4163
DZ	GB	consulate_general	London	51.5217	-0.2630
DZ	GB	embassy	London	51.5183	-0.1426
DZ	GH	embassy	Accra	5.5789	-0.1809
DZ	GM	embassy	Banjul	13.4531	-16.5775
DZ	GN	embassy	Conakry	9.5056	-13.7158
DZ	GQ	embassy	Malabo	3.7521	8.7737
DZ	GR	embassy	Athens	37.9708	23.7417
DZ	HR	embassy	Zagreb	45.8223	15.9894
DZ	HU	embassy	Budapest	47.5176	18.9881
DZ	ID	embassy	Jakarta	-6.2300	106.8337
DZ	IE	embassy	Dublin	53.3203	-6.2679
DZ	IN	embassy	New Delhi	28.5780	77.1728
DZ	IQ	embassy	Baghdad	33.3153	44.3661
DZ	IR	embassy	Tehran	35.8071	51.3996
DZ	IT	embassy	Rome	41.9125	12.5096
DZ	JM	embassy	Kingston	18.0274	-76.7559
DZ	JO	embassy	Amman	31.9552	35.9124
DZ	JP	embassy	Tokyo	35.6391	139.7102
DZ	KE	embassy	Nairobi	-1.2597	36.8343
DZ	KR	embassy	Seoul	37.5409	126.9953
DZ	KW	embassy	Kuwait City	29.3665	48.0145
DZ	LB	embassy	Beirut	33.8669	35.4835
DZ	LY	embassy	Tripoli	32.8921	13.1879
DZ	MG	embassy	Antananarivo	-18.9007	47.5221
DZ	ML	embassy	Bamako	12.6089	-7.9768
DZ	MR	embassy	Nouakchott	18.0981	-15.9743
DZ	MX	embassy	Mexico City	19.4225	-99.2135
DZ	MY	embassy	Kuala Lumpur	3.1638	101.7296
DZ	MZ	embassy	Maputo	-25.9709	32.5939
DZ	NA	embassy	Windhoek	-22.5644	17.1135
DZ	NE	embassy	Niamey	13.5250	2.0714
DZ	NG	embassy	Q3787	9.0365	7.5232
DZ	NO	embassy	Oslo Municipality	59.9195	10.6914
DZ	OM	embassy	Muscat	23.6030	58.4289
DZ	PE	embassy	Lima	-12.0985	-77.0420
DZ	PK	embassy	Islamabad	33.7284	73.0463
DZ	PL	embassy	Warsaw	52.1910	21.0217
DZ	PT	embassy	Lisbon	38.7000	-9.2159
DZ	QA	embassy	Doha	25.3418	51.5183
DZ	RO	embassy	Bucharest	44.4426	26.0900
DZ	RS	embassy	Belgrade	44.7865	20.4606
DZ	RU	embassy	Moscow	55.7667	37.6000
DZ	SA	embassy	Riyadh	24.6775	46.6200
DZ	SD	embassy	Khartoum	15.6031	32.5265
DZ	SE	embassy	Stockholm	59.3426	18.0694
DZ	SN	embassy	Dakar	14.6608	-17.4374
DZ	SY	embassy	Damascus	33.5131	36.2919
DZ	TD	embassy	N'Djamena	12.1188	15.0339
DZ	TN	embassy	Tunis	36.8100	10.1800
DZ	TR	embassy	Ankara	39.8909	32.8589
DZ	TZ	embassy	Dar es Salaam	-6.8017	39.2852
DZ	UA	embassy	Kyiv	50.4041	30.5561
DZ	UG	embassy	Kampala	0.3341	32.5880
DZ	US	embassy	Washington, D.C.	38.9181	-77.0486
DZ	UZ	embassy	Tashkent	41.2929	69.2588
DZ	VE	embassy	Caracas	10.5077	-66.8538
DZ	VN	embassy	Hanoi	21.0221	105.8560
DZ	YE	embassy	Sanaa	15.3358	44.1894
DZ	ZA	embassy	Pretoria	-25.7480	28.2269
DZ	ZM	embassy	Lusaka	-15.4178	28.3539
DZ	ZW	embassy	Harare	-17.8092	31.0456
EC	AR	embassy	Buenos Aires	-34.5878	-58.3905
EC	AT	embassy	Vienna	48.2093	16.3703
EC	AU	embassy	Canberra	-35.3096	149.1063
EC	BE	embassy	Brussels	50.8211	4.3692
EC	BO	embassy	La Paz	-16.5423	-68.0848
EC	BR	embassy	Brasília	-15.8304	-47.8781
EC	CA	embassy	Ottawa	45.4204	-75.7001
EC	CH	embassy	Bern	46.9481	7.4497
EC	CL	embassy	Providencia	-33.4201	-70.6104
EC	CN	embassy	Beijing	39.9507	116.4571
EC	CO	embassy	Bogotá	4.6727	-74.0516
EC	CR	embassy	San José	9.9284	-84.1004
EC	CU	embassy	Havana	23.1148	-82.4274
EC	DE	embassy	Berlin	52.5026	13.3309
EC	DO	embassy	Santo Domingo	18.4774	-69.9214
EC	EG	embassy	Cairo	30.0650	31.2167
EC	ES	embassy	Madrid	40.4358	-3.6830
EC	ET	embassy	Addis Ababa	8.9872	38.7775
EC	FR	embassy	Paris	48.8774	2.3112
EC	GB	embassy	London	51.4990	-0.1614
EC	GT	embassy	Guatemala City	14.5872	-90.5161
EC	HN	embassy	Tegucigalpa	14.0971	-87.1913
EC	HU	embassy	Budapest District VI	47.5022	19.0582
EC	ID	embassy	Jakarta	-6.2152	106.8203
EC	IL	embassy	Tel Aviv	32.0700	34.7866
EC	IN	embassy	New Delhi	28.5656	77.1583
EC	IR	embassy	Tehran	35.7977	51.4154
EC	IT	embassy	Rome	41.9042	12.4579
EC	IT	embassy	Rome	41.9214	12.4915
EC	JM	consulate	Kingston	18.0072	-76.7846
EC	JP	embassy	Minato	35.6600	139.7404
EC	KR	embassy	Jongno District	37.5709	126.9823
EC	MX	embassy	Mexico City	19.4344	-99.1946
EC	MY	embassy	Kuala Lumpur	3.1596	101.7088
EC	NI	embassy	Managua	12.1388	-86.2799
EC	PA	embassy	Panama City	8.9865	-79.5216
EC	PE	embassy	San Isidro	-12.0942	-77.0387
EC	PY	embassy	Asunción	-25.2784	-57.5839
EC	QA	embassy	Doha	25.3503	51.5178
EC	RU	embassy	Moscow	55.7650	37.6674
EC	SE	embassy	Stockholm	59.3310	18.0697
EC	SV	embassy	San Salvador	13.7105	-89.2402
EC	TR	embassy	Ankara	39.8899	32.8689
EC	US	embassy	Washington, D.C.	38.9231	-77.0347
EC	UY	embassy	Montevideo	-34.9177	-56.1524
EC	ZA	embassy	Pretoria	-25.7724	28.2318
EE	AE	embassy	Abu Dhabi	24.4589	54.3218
EE	AT	embassy	Vienna	48.1964	16.3741
EE	AU	embassy	Canberra	-35.3031	149.1159
EE	BE	embassy	Brussels	50.8436	4.3697
EE	BR	embassy	Brasília	-15.7939	-47.8828
EE	BY	embassy	Minsk	53.9046	27.5893
EE	CA	embassy	Ottawa	45.4305	-75.6928
EE	CN	consulate_general	Shanghai	31.2325	121.4692
EE	CN	embassy	Beijing	39.9544	116.4599
EE	CZ	embassy	Prague	50.0857	14.4083
EE	DE	embassy	Berlin	52.5085	13.3590
EE	EG	embassy	Cairo	30.0635	31.2162
EE	ES	embassy	Madrid	40.4306	-3.6859
EE	FI	embassy	Helsinki	60.1578	24.9595
EE	FR	embassy	Paris	48.8747	2.3127
EE	GB	embassy	London	51.4988	-0.1828
EE	GE	embassy	Tbilisi	41.7167	44.7681
EE	GR	embassy	Athens	37.9847	23.7607
EE	HU	embassy	Budapest District II	47.5181	19.0269
EE	IE	embassy	Dublin	53.3325	-6.2620
EE	IL	embassy	Tel Aviv	32.0738	34.7893
EE	IN	embassy	New Delhi	28.6022	77.1849
EE	IT	embassy	Rome	41.9186	12.5049
EE	JP	embassy	Tokyo	35.6730	139.7117
EE	KR	embassy	Seoul	37.5600	126.9900
EE	KZ	embassy	Astana	51.1350	71.4166
EE	LT	embassy	Vilnius	54.6902	25.2554
EE	LV	embassy	Riga	56.9577	24.1183
EE	NO	embassy	Oslo	59.9148	10.7274
EE	PL	embassy	Warsaw	52.1931	20.9997
EE	PT	embassy	Lisbon	38.7313	-9.1499
EE	RO	embassy	Bucharest	44.4563	26.0881
EE	RU	consulate_general	Saint Petersburg	59.9500	30.3167
EE	RU	embassy	Moscow	55.7555	37.6022
EE	SE	embassy	Stockholm	59.3460	18.0660
EE	SG	embassy	Singapore	1.3026	103.8374
EE	TR	embassy	Ankara	39.8997	32.8709
EE	UA	embassy	Kyiv	50.4405	30.5165
EE	US	consulate_general	Manhattan	40.7529	-73.9691
EE	US	consulate_general	San Francisco	37.7870	-122.3990
EE	US	embassy	Washington, D.C.	38.9119	-77.0486
EG	AE	embassy	Abu Dhabi	24.4253	54.4370
EG	AL	embassy	Tirana	41.3101	19.8378
EG	AR	embassy	Buenos Aires	-34.5704	-58.4600
EG	AT	embassy	Vienna	48.2503	16.3553
EG	AU	embassy	Canberra	-35.3044	149.1156
EG	AZ	embassy	Baku	40.3942	49.8234
EG	BA	embassy	Centar Municipality	43.8526	18.4178
EG	BE	embassy	Brussels	50.8000	4.3943
EG	BG	embassy	Sofia	42.6939	23.3300
EG	BH	embassy	Manama	26.2167	50.5833
EG	BO	embassy	La Paz	-16.5399	-68.0876
EG	BR	embassy	Brasília	-15.7851	-47.8645
EG	CA	embassy	Ottawa	45.4285	-75.6747
EG	CH	embassy	Bern	46.9361	7.4647
EG	CI	embassy	Abidjan	5.3301	-4.0056
EG	CL	embassy	Providencia	-33.4356	-70.5983
EG	CN	consulate_general	Hong Kong	22.2783	114.1586
EG	CN	embassy	Beijing	39.9040	116.4075
EG	CO	embassy	Bogotá	4.6869	-74.0489
EG	CY	embassy	Egkomi Lefkosias	35.1653	33.3414
EG	CZ	embassy	Prague	50.1004	14.4076
EG	DE	embassy	Berlin	52.5087	13.3633
EG	DJ	embassy	Djibouti	11.6188	43.1483
EG	EC	embassy	Quito	-0.2119	-78.4979
EG	ES	embassy	Madrid	40.4307	-3.6839
EG	FI	embassy	Helsinki	60.1577	24.9527
EG	FR	consulate_general	Marseille	43.2468	5.3932
EG	FR	embassy	Paris	48.8678	2.2962
EG	GB	embassy	London	51.5081	-0.1520
EG	GN	embassy	Conakry	9.5294	-13.6838
EG	GR	embassy	Athens	37.9764	23.7367
EG	HR	embassy	Zagreb	45.8023	16.0029
EG	ID	embassy	Jakarta	-6.1970	106.8325
EG	IE	embassy	Dublin	53.3291	-6.2366
EG	IL	embassy	Tel Aviv	32.0894	34.7819
EG	IN	embassy	New Delhi	28.5861	77.1893
EG	IQ	embassy	Baghdad	33.3153	44.3661
EG	IT	embassy	Rome	41.9036	12.4585
EG	IT	embassy	Rome	41.9262	12.5024
EG	JO	embassy	Amman	31.9446	35.9009
EG	JP	embassy	Tokyo	35.6491	139.6985
EG	KP	embassy	Pyongyang	39.0337	125.7846
EG	KR	embassy	Seoul	37.5363	127.0120
EG	KW	embassy	Kuwait City	29.3750	47.9800
EG	LB	embassy	Beirut	33.8869	35.5131
EG	LY	embassy	Tripoli	32.8875	13.1875
EG	MA	embassy	Rabat	34.0211	-6.8414
EG	MR	embassy	Nouakchott	18.0858	-15.9785
EG	MT	embassy	Ta' Xbiex	35.9002	14.4981
EG	MX	embassy	Mexico City	19.4322	-99.1955
EG	NE	embassy	Niamey III	13.5059	2.1122
EG	NO	embassy	Oslo	59.9163	10.6999
EG	NZ	embassy	Wellington	-41.2871	174.7777
EG	OM	embassy	Muscat	23.6139	58.5922
EG	PA	embassy	Panama City	8.9860	-79.5296
EG	PE	embassy	San Isidro	-12.0958	-77.0465
EG	PT	embassy	Lisbon	38.7025	-9.2185
EG	QA	embassy	Doha	25.3470	51.5173
EG	RO	embassy	Bucharest	44.4604	26.0786
EG	RS	embassy	Belgrade	44.7738	20.4608
EG	RU	embassy	Khamovniki District	55.7391	37.5914
EG	SA	embassy	Riyadh	24.6722	46.6228
EG	SD	embassy	Khartoum	15.6031	32.5265
EG	SE	embassy	Stockholm	59.3319	18.0888
EG	SI	embassy	Ljubljana	46.0394	14.5067
EG	SK	embassy	Bratislava	48.1424	17.1073
EG	SO	embassy	Mogadishu	2.0392	45.3419
EG	SY	embassy	Damascus	33.5042	36.2796
EG	TD	embassy	N'Djamena	12.1277	15.0447
EG	TG	embassy	Lomé	6.1835	1.2180
EG	TN	embassy	Tunis	36.8008	10.1800
EG	TR	consulate_general	Beşiktaş	41.0744	29.0442
EG	TR	embassy	Ankara	39.9028	32.8580
EG	UA	embassy	Kyiv	50.4550	30.5015
EG	US	embassy	Washington, D.C.	38.9450	-77.0681
EG	UY	embassy	Montevideo	-34.9079	-56.1564
EG	YE	embassy	Sanaa	15.3505	44.1985
EG	ZA	embassy	Pretoria	-25.7626	28.2067
ER	BE	embassy	Uccle	50.8003	4.3411
ER	CA	consulate_general		43.6625	-79.3761
ER	CH	embassy	Geneva	46.2156	6.1337
ER	CN	embassy	Beijing	39.9441	116.4452
ER	DE	embassy	Berlin	52.5561	13.4100
ER	FR	embassy	Paris	48.8444	2.3097
ER	GB	embassy	London	51.5328	-0.1074
ER	IL	embassy	Tel Aviv	32.0625	34.7905
ER	IN	embassy	New Delhi	28.5675	77.1581
ER	IT	embassy	Rome	41.9085	12.4945
ER	JP	embassy	Minato	35.6381	139.7261
ER	RU	embassy	Moscow	55.7287	37.6163
ER	SA	embassy	Riyadh	24.6759	46.6678
ER	SE	embassy	Lidingö Municipality	59.3622	18.1233
ER	US	embassy	Washington, D.C.	38.9128	-77.0406
ER	ZA	embassy	Pretoria	-25.7328	28.2583
ES	AD	embassy	Andorra la Vella	42.5071	1.5248
ES	AE	embassy	Abu Dhabi	24.4717	54.3848
ES	AF	embassy	Kabul	34.5363	69.1752
ES	AL	embassy	Tirana	41.3304	19.8076
ES	AO	embassy	Luanda	-8.8184	13.2428
ES	AR	consulate_general	Bahía Blanca	-38.7182	-62.2673
ES	AR	consulate_general	Córdoba	-31.4167	-64.1833
ES	AR	consulate_general	Mendoza	-32.8897	-68.8444
ES	AR	consulate_general	Rosario	-32.9466	-60.6332
ES	AR	embassy	Comuna 14 (Buenos Aires)	-34.5816	-58.4018
ES	AT	embassy	Vienna	48.1917	16.3745
ES	AU	embassy	Canberra	-35.3059	149.1136
ES	BA	embassy	Sarajevo	43.8562	18.4359
ES	BD	embassy	Dhaka	23.7817	90.4158
ES	BE	embassy	Brussels	50.8424	4.3716
ES	BG	embassy	Stolichna Municipality	42.6925	23.3411
ES	BO	consulate_general	Santa Cruz de la Sierra	-17.7892	-63.1975
ES	BO	embassy	La Paz	-16.5140	-68.1213
ES	BR	consulate_general	Porto Alegre	-30.0328	-51.2300
ES	BR	consulate_general	Rio de Janeiro	-22.9111	-43.2056
ES	BR	consulate_general	Salvador	-12.9831	-38.4928
ES	BR	consulate_general	São Paulo	-23.5504	-46.6339
ES	BR	embassy	Brasília	-15.8335	-47.8993
ES	CA	consulate_general	Montreal	45.5033	-73.5868
ES	CA	consulate_general	Toronto	43.6703	-79.3867
ES	CA	embassy	Ottawa	45.4411	-75.6908
ES	CD	embassy	Kinshasa	-4.3068	15.2772
ES	CH	embassy	Bern	46.9382	7.4631
ES	CI	embassy	Abidjan	5.3462	-4.0059
ES	CL	embassy	Santiago	-33.4228	-70.6165
ES	CM	embassy	Yaoundé	3.8944	11.5138
ES	CN	consulate_general	Beijing	39.9396	116.4578
ES	CN	consulate_general	Guangzhou	23.1173	113.3218
ES	CN	consulate_general	Hong Kong	22.2783	114.1586
ES	CN	consulate_general	Shanghai	31.2353	121.5060
ES	CN	embassy	Chaoyang District	39.9410	116.4491
ES	CO	embassy	Bogotá	4.6749	-74.0498
ES	CR	embassy	San José	9.9348	-84.0935
ES	CU	embassy	Havana	23.1438	-82.3570
ES	CV	embassy	Praia	14.9080	-23.5176
ES	CY	embassy	Nicosia	35.1723	33.3455
ES	CZ	embassy	Prague	50.0973	14.4082
ES	DE	embassy	Berlin	52.5105	13.3455
ES	DO	embassy	Santo Domingo	18.4568	-69.9187
ES	DZ	consulate_general	Algiers	36.7764	3.0586
ES	DZ	consulate_general	Oran	35.6969	-0.6331
ES	DZ	embassy	El Biar	36.7651	3.0303
ES	EC	consulate_general	Guayaquil	-2.1900	-79.8875
ES	EC	embassy	Quito	-0.2057	-78.4832
ES	EE	embassy	Tallinn	59.4285	24.7498
ES	EG	consulate_general	Alexandria	31.1999	29.9117
ES	EG	embassy	Cairo	30.0623	31.2226
ES	ET	embassy	Addis Ababa	9.0621	38.7603
ES	FI	embassy	Helsinki	60.1593	24.9588
ES	FR	consulate	Perpignan	42.6991	2.8857
ES	FR	consulate_general	Bayonne	43.4954	-1.4811
ES	FR	consulate_general	Bordeaux	44.8494	-0.5728
ES	FR	consulate_general	Marseille	43.2889	5.3734
ES	FR	consulate_general	Montpellier	43.6067	3.8723
ES	FR	consulate_general	Paris	48.8567	2.3522
ES	FR	consulate_general	Pau	43.2944	-0.3705
ES	FR	consulate_general	Strasbourg	48.5865	7.7451
ES	FR	consulate_general	Toulouse	43.5991	1.4510
ES	FR	consulate_general	Villeurbanne	45.7792	4.8607
ES	FR	embassy	Paris	48.8664	2.3011
ES	GA	embassy	Libreville	0.3895	9.4432
ES	GB	consulate_general	Edinburgh	55.9533	-3.1892
ES	GB	embassy	London	51.4978	-0.1536
ES	GH	embassy	Accra	5.6068	-0.1779
ES	GN	embassy	Conakry	9.5237	-13.6865
ES	GQ	embassy	Malabo	3.7524	8.7725
ES	GR	embassy	Athens	37.9694	23.7276
ES	GT	embassy	Guatemala City	14.6089	-90.5182
ES	GW	embassy	Bissau	11.8623	-15.5843
ES	HN	embassy	Tegucigalpa	14.0899	-87.1843
ES	HR	embassy	Zagreb	45.8267	15.9713
ES	HT	embassy	Pétion-Ville	18.5135	-72.2899
ES	HU	embassy	Budapest District VI	47.5056	19.0651
ES	ID	embassy	Jakarta	-6.1879	106.8250
ES	IE	embassy	Dublin	53.3214	-6.2147
ES	IL	embassy	Tel Aviv	32.0746	34.7832
ES	IN	embassy	New Delhi	28.5990	77.2191
ES	IQ	embassy	Baghdad	33.3157	44.3456
ES	IR	embassy	Tehran	35.7679	51.4487
ES	IT	consulate_general	Milan	45.4669	9.1900
ES	IT	consulate_general	Naples	40.8358	14.2486
ES	IT	consulate_general	Rome	41.9031	12.4776
ES	IT	embassy	Rome	41.9039	12.4765
ES	IT	embassy	Rome	41.9050	12.4826
ES	JM	embassy	Kingston	18.0069	-76.7849
ES	JO	embassy	Amman	31.9546	35.9049
ES	JP	embassy	Tokyo	35.6651	139.7415
ES	KE	embassy	Nairobi	-1.2978	36.8132
ES	KR	embassy	Seoul	37.5417	127.0022
ES	KW	embassy	Kuwait City	29.3074	48.0122
ES	KZ	embassy	Astana	51.1333	71.4333
ES	LB	embassy	Beirut	33.8384	35.5331
ES	LT	embassy	Vilnius	54.6893	25.2684
ES	LU	embassy	Luxembourg	49.6183	6.1267
ES	LV	embassy	Riga	56.9591	24.1023
ES	LY	embassy	Tripoli	32.8833	13.2055
ES	MA	consulate_general	Agadir	30.4214	-9.5831
ES	MA	consulate_general	Casablanca	33.5992	-7.6200
ES	MA	consulate_general	Larache	35.1952	-6.1529
ES	MA	consulate_general	Nador	35.1740	-2.9281
ES	MA	consulate_general	Rabat	34.0175	-6.8251
ES	MA	consulate_general	Tangier	35.7696	-5.8034
ES	MA	consulate_general	Tétouan	35.5705	-5.3739
ES	MA	embassy	Rabat	34.0115	-6.8413
ES	MK	embassy	Skopje	41.9969	21.4290
ES	ML	embassy	Bamako	12.6270	-8.0257
ES	MR	embassy	Nouakchott	18.0951	-15.9742
ES	MT	embassy	Ta' Xbiex	35.8981	14.4967
ES	MX	consulate_general	Guadalajara	20.6764	-103.3422
ES	MX	consulate_general	Monterrey	25.6844	-100.3181
ES	MX	embassy	Mexico City	19.4334	-99.1928
ES	MY	embassy	Kuala Lumpur	3.1565	101.7222
ES	MZ	embassy	Maputo	-25.9596	32.5990
ES	NA	embassy	Windhoek	-22.5695	17.0802
ES	NE	embassy	Niamey	13.5360	2.0987
ES	NG	embassy	Q3787	9.0786	7.4974
ES	NI	embassy	Managua	12.0988	-86.2328
ES	NO	embassy	Oslo	59.9215	10.6962
ES	NZ	embassy	Wellington	-41.2904	174.7756
ES	OM	embassy	Muscat	23.6107	58.4577
ES	PA	embassy	Panama City	8.9695	-79.5369
ES	PE	embassy	Lima	-12.0947	-77.0373
ES	PH	embassy	Manila	14.5580	121.0238
ES	PK	embassy	Islamabad	33.7227	73.1050
ES	PL	embassy	Warsaw	52.2184	21.0380
ES	PS	consulate_general	Jerusalem	31.7961	35.2296
ES	PT	consulate_general	Palacete Mayer	38.7193	-9.1457
ES	PT	consulate_general	Porto	41.1500	-8.6108
ES	PT	embassy	Lisbon	38.7193	-9.1457
ES	PY	embassy	Asunción	-25.2800	-57.6344
ES	PY	embassy	Asunción	-25.2842	-57.6335
ES	QA	embassy	Doha	25.3576	51.4993
ES	RO	embassy	Bucharest	44.4528	26.0887
ES	RS	embassy	Belgrade	44.8050	20.4701
ES	RU	consulate	Saint Petersburg	59.9450	30.3528
ES	RU	embassy	Moscow	55.7581	37.5894
ES	SA	embassy	Riyadh	24.6855	46.6303
ES	SD	embassy	Khartoum	15.6064	32.5705
ES	SE	embassy	Stockholm	59.3264	18.0981
ES	SG	embassy	Singapore	1.2954	103.8585
ES	SI	embassy	Ljubljana	46.0412	14.5088
ES	SK	embassy	Bratislava	48.1432	17.1056
ES	SN	embassy	Dakar	14.6629	-17.4362
ES	SV	embassy	San Salvador	13.6937	-89.2330
ES	SY	embassy	Damascus	33.5219	36.2823
ES	TD	embassy	N'Djamena	12.1357	15.0557
ES	TH	embassy	Bangkok	13.7311	100.5605
ES	TN	embassy	Tunis	36.8255	10.1810
ES	TR	consulate_general	Istanbul	41.0814	29.0161
ES	TR	embassy	Ankara	39.8848	32.8568
ES	TT	embassy	Port of Spain	10.6663	-61.5195
ES	TZ	embassy	Dar es Salaam	-6.7906	39.2783
ES	UA	embassy	Kyiv	50.4697	30.5210
ES	US	consulate_general	Boston	42.3603	-71.0578
ES	US	consulate_general	Chicago	41.8819	-87.6278
ES	US	consulate_general	Houston	29.7628	-95.3831
ES	US	consulate_general	Los Angeles	34.0522	-118.2437
ES	US	consulate_general	Miami	25.7833	-80.2167
ES	US	consulate_general	New York City	40.7612	-73.9680
ES	US	consulate_general	Puerto Rico	18.2500	-66.5000
ES	US	consulate_general	San Francisco	37.7750	-122.4194
ES	US	consulate_general	Washington, D.C.	38.8950	-77.0367
ES	US	embassy	Washington, D.C.	38.9032	-77.0511
ES	UY	embassy	Montevideo	-34.9093	-56.1544
ES	VE	embassy	Caracas	10.5032	-66.8574
ES	VN	embassy	Hanoi	21.0337	105.8371
ES	ZA	embassy	Pretoria	-25.7701	28.2508
ES	ZW	embassy	Harare	-17.8032	31.0440
ET	AU	embassy	Canberra	-35.3367	149.1280
ET	BE	embassy	Etterbeek	50.8389	4.4027
ET	BR	embassy	Brasília	-15.8452	-47.8897
ET	CA	embassy	Ottawa	45.4205	-75.6975
ET	CH	embassy	Geneva	46.2156	6.1337
ET	CI	embassy	Abidjan	5.3232	-4.0185
ET	CN	consulate_general	Guangzhou	23.1300	113.2600
ET	CN	consulate_general	Yuzhong District	29.5559	106.5650
ET	CN	embassy	Beijing	39.9102	116.4459
ET	CU	embassy	Havana	23.1118	-82.4362
ET	DE	embassy	Steglitz-Zehlendorf	52.4346	13.3235
ET	FR	embassy	Paris	48.8534	2.2990
ET	GB	embassy	London	51.5015	-0.1725
ET	GN	embassy	Conakry	9.5059	-13.7160
ET	ID	embassy	Jakarta	-6.2360	106.8046
ET	IE	embassy	Dublin	53.3354	-6.2474
ET	IE	embassy	Dublin	53.5515	-6.4020
ET	IL	consulate	Jerusalem	31.7840	35.2237
ET	IL	embassy	Tel Aviv	32.0631	34.7804
ET	IN	embassy	New Delhi	28.5881	77.1880
ET	IT	embassy	Rome	41.9115	12.5068
ET	JP	embassy	Tokyo	35.6350	139.7315
ET	RU	embassy	Moscow	55.7832	37.6399
ET	SA	embassy	Riyadh	24.6775	46.6251
ET	SE	embassy	Stockholm	59.3387	18.0680
ET	TR	embassy	Ankara	39.8520	32.8279
ET	US	embassy	Washington, D.C.	38.9418	-77.0675
ET	ZA	embassy	Pretoria	-25.7649	28.2262
FI	AE	embassy	Abu Dhabi	24.4902	54.3644
FI	AF	embassy	Kabul	34.5357	69.1870
FI	AR	embassy	Buenos Aires	-34.5954	-58.3793
FI	AT	embassy	Vienna	48.2024	16.3682
FI	AU	embassy	Canberra	-35.3029	149.1160
FI	BE	embassy	Brussels	50.8443	4.3878
FI	BG	embassy	Stolichna Municipality	42.7006	23.3267
FI	BR	embassy	Brasília	-15.8227	-47.8878
FI	CA	embassy	Ottawa	45.4219	-75.6964
FI	CH	embassy	Bern	46.9389	7.4734
FI	CL	embassy	Las Condes	-33.4174	-70.5887
FI	CN	consulate_general		22.2799	114.1575
FI	CN	consulate_general	Shanghai	31.2305	121.4511
FI	CN	embassy	Beijing	39.9125	116.4542
FI	CO	embassy	Bogotá	4.6930	-74.0346
FI	CY	embassy	Nicosia	35.1682	33.3602
FI	CZ	embassy	Prague	50.0842	14.4060
FI	DE	embassy	Berlin	52.5089	13.3507
FI	DZ	embassy	El Mouradia	36.7514	3.0478
FI	EE	embassy	Tallinn	59.4368	24.7405
FI	EG	embassy	Cairo	30.0635	31.2162
FI	ES	embassy	Madrid	40.4282	-3.6903
FI	ET	embassy	Addis Ababa	8.9984	38.7417
FI	FR	embassy	Paris	48.8622	2.3114
FI	GB	embassy	London	51.4975	-0.1542
FI	GR	embassy	Athens	37.9770	23.7521
FI	HR	embassy	Zagreb	45.8022	15.9749
FI	HU	embassy	Budapest District XI	47.4829	19.0491
FI	ID	embassy	Jakarta	-6.2272	106.8264
FI	IE	embassy	Dublin	53.3367	-6.2616
FI	IL	embassy	Tel Aviv	32.0617	34.7883
FI	IN	consulate_general	Mumbai	19.0689	72.8691
FI	IN	embassy	New Delhi	28.5956	77.1845
FI	IQ	embassy	Baghdad	33.3184	44.4252
FI	IR	embassy	Tehran	35.7885	51.4386
FI	IS	embassy	Reykjavík	64.1483	-21.9507
FI	IT	embassy	Rome	41.8931	12.4607
FI	IT	embassy	Rome	41.9248	12.4963
FI	JP	embassy	Tokyo	35.6502	139.7287
FI	KE	embassy	Nairobi	-1.2686	36.8068
FI	KR	embassy	Seoul	37.5710	126.9779
FI	KZ	embassy	Astana	51.1533	71.4293
FI	LB	embassy	Beirut	33.8924	35.5125
FI	LT	embassy	Vilnius	54.6822	25.2698
FI	LV	embassy	Riga	56.9581	24.1068
FI	MA	embassy	Rabat	33.9674	-6.8330
FI	MM	embassy	Yangon	16.8391	96.1341
FI	MX	embassy	Mexico City	19.4265	-99.2037
FI	MY	embassy	Kuala Lumpur	3.1609	101.7325
FI	MZ	embassy	Maputo	-25.9708	32.5960
FI	NA	embassy	Windhoek	-22.5600	17.0866
FI	NG	embassy	Q3787	9.0289	7.5195
FI	NO	embassy	Oslo	59.9148	10.7072
FI	NP	embassy	Kathmandu	27.7221	85.3355
FI	PE	embassy	San Isidro	-12.1025	-77.0362
FI	PH	embassy	Q1508	14.5337	121.0232
FI	PK	embassy	Islamabad	33.6989	73.0369
FI	PL	embassy	Warsaw	52.2229	21.0229
FI	PT	embassy	Lisbon	38.7125	-9.1653
FI	QA	embassy	Doha	25.2861	51.5294
FI	RO	embassy	Bucharest	44.4570	26.0903
FI	RS	embassy	Belgrade	44.8017	20.4644
FI	RU	embassy	Khamovniki District	55.7391	37.5906
FI	SA	embassy	Riyadh	24.6802	46.6246
FI	SE	embassy	Stockholm	59.3356	18.1066
FI	SG	embassy	Singapore	1.3174	103.8436
FI	SN	embassy	Dakar	14.6726	-17.4320
FI	SY	embassy	Damascus	33.5131	36.2919
FI	TH	embassy	Bangkok	13.7412	100.5487
FI	TN	embassy	Tunis	36.8308	10.2293
FI	TR	embassy	Ankara	39.8935	32.8675
FI	TZ	embassy	Dar es Salaam	-6.8130	39.2918
FI	UA	embassy	Kyiv	50.4534	30.5116
FI	US	consulate_general	Los Angeles	34.0480	-118.4621
FI	US	consulate_general	New York City	40.7490	-73.9750
FI	US	embassy	Washington, D.C.	38.9244	-77.0652
FI	VN	embassy	Hanoi	21.0322	105.8127
FI	XK	embassy	Pristina	42.6571	21.1573
FI	ZA	embassy	Pretoria	-25.7646	28.2046
FI	ZM	embassy	Lusaka	-15.4162	28.3187
FJ	AU	high_commission	Canberra	-35.3251	149.0913
FJ	BE	embassy	Schaerbeek	50.8513	4.3960
FJ	GB	high_commission	London	51.5008	-0.1817
FJ	ID	embassy	Jakarta	-6.2131	106.8205
FJ	IN	high_commission	New Delhi	28.5797	77.1692
FJ	JP	embassy	Tokyo	35.6593	139.7425
FJ	NZ	high_commission	Wellington City	-41.2757	174.7795
FM	CN	embassy	Beijing	39.9094	116.4379
FM	FJ	embassy	Suva	-18.1441	178.4244
FM	JP	embassy	Tokyo	35.6316	139.7042
FM	US	embassy	Washington, D.C.	38.9074	-77.0395
FR	AD	embassy	Andorra la Vella	42.5097	1.5252
FR	AE	consulate_general	Dubai	25.0854	55.1417
FR	AE	embassy	Abu Dhabi	24.4589	54.3218
FR	AF	embassy	Kabul	34.5294	69.1795
FR	AL	embassy	Tirana	41.3302	19.8082
FR	AM	embassy	Yerevan	40.1740	44.5065
FR	AO	embassy	Luanda	-8.8166	13.2360
FR	AR	embassy	Buenos Aires	-34.5918	-58.3825
FR	AT	embassy	Vienna	48.1986	16.3745
FR	AU	consulate	Melbourne	-37.8142	144.9631
FR	AU	consulate_general	New South Wales	-33.8561	151.1930
FR	AU	embassy	Canberra	-35.3043	149.1174
FR	AZ	embassy	Baku	40.3704	49.8405
FR	BA	embassy	Sarajevo	43.8617	18.4157
FR	BD	embassy	Dhaka	23.7979	90.4221
FR	BE	consulate_general		50.8466	4.3685
FR	BE	consulate_general	Antwerp	51.2211	4.3997
FR	BE	embassy	Brussels	50.8469	4.3674
FR	BF	embassy	Ouagadougou	12.3721	-1.5111
FR	BG	embassy	Sofia	42.6949	23.3410
FR	BH	embassy	Manama	26.2388	50.5951
FR	BI	embassy	Bujumbura	-3.3810	29.3701
FR	BJ	embassy	Cotonou	6.3524	2.4137
FR	BN	embassy	Bandar Seri Begawan	4.8876	114.9408
FR	BO	embassy	La Paz	-16.5264	-68.1085
FR	BR	consulate_general	Recife	-8.0539	-34.8808
FR	BR	consulate_general	Rio de Janeiro	-22.9098	-43.1763
FR	BR	consulate_general	São Paulo	-23.5477	-46.6364
FR	BR	embassy	Brasília	-15.8057	-47.8737
FR	BW	embassy	Gaborone	-24.6594	25.9175
FR	BY	embassy	Minsk	53.9036	27.5545
FR	CA	consulate_general	Duke of Kent House	46.8127	-71.2199
FR	CA	consulate_general	Moncton	46.0944	-64.7754
FR	CA	consulate_general	Montreal	45.5022	-73.5713
FR	CA	consulate_general	Toronto	43.6535	-79.3840
FR	CA	consulate_general	Vancouver	49.2611	-123.1140
FR	CA	embassy	Ottawa	45.4433	-75.6944
FR	CD	embassy	Kinshasa	-4.3211	15.2733
FR	CF	embassy	Bangui	4.3638	18.5911
FR	CG	consulate_general	Pointe-Noire	-4.7975	11.8503
FR	CG	embassy	Brazzaville	-4.2735	15.2835
FR	CH	consulate_general	Geneva	46.1983	6.1471
FR	CH	consulate_general	Zurich	47.3744	8.5411
FR	CH	embassy	Bern	46.9469	7.4665
FR	CI	consulate_general	Abidjan	5.3364	-4.0267
FR	CI	embassy	Abidjan	5.3264	-4.0176
FR	CL	embassy	Providencia	-33.4358	-70.6286
FR	CM	consulate_general	Douala	4.0368	9.6827
FR	CM	consulate_general	Yaoundé	3.8578	11.5181
FR	CM	embassy	Yaoundé	3.8516	11.5138
FR	CN	consulate_general	Chengdu	30.6564	104.0810
FR	CN	consulate_general	Guangzhou	23.1300	113.2600
FR	CN	consulate_general	Hong Kong	22.2795	114.1650
FR	CN	consulate_general	Shanghai	31.2325	121.4692
FR	CN	consulate_general	Shenyang	41.7820	123.4180
FR	CN	consulate_general	Wuhan	30.5950	114.2699
FR	CN	embassy	Beijing	39.9515	116.4630
FR	CO	embassy	Bogotá	4.6745	-74.0473
FR	CR	embassy	San José	9.9233	-84.0398
FR	CU	embassy	Havana	23.1253	-82.4193
FR	CV	embassy	Praia	14.9184	-23.5070
FR	CY	embassy	Nicosia	35.1594	33.3526
FR	CZ	embassy	Prague	50.0859	14.4063
FR	DE	consulate_general	Düsseldorf	51.2256	6.7767
FR	DE	consulate_general	Frankfurt	50.1106	8.6822
FR	DE	consulate_general	Hamburg	53.5500	10.0000
FR	DE	consulate_general	Munich	48.1375	11.5750
FR	DE	consulate_general	Saarbrücken	49.2333	7.0000
FR	DE	consulate_general	Stuttgart	48.7775	9.1800
FR	DE	embassy	Berlin	52.5169	13.3789
FR	DJ	embassy	Djibouti	11.6077	43.1513
FR	DO	embassy	Santo Domingo	18.4761	-69.9344
FR	DZ	consulate_general	Annaba	36.9000	7.7667
FR	DZ	consulate_general	Oran	35.6969	-0.6331
FR	DZ	embassy	Hydra	36.7503	3.0348
FR	EC	embassy	Quito	-0.2090	-78.4948
FR	EE	embassy	Tallinn	59.4284	24.7358
FR	EG	consulate_general	Alexandria	31.2000	29.8942
FR	EG	consulate_general	Cairo	30.0444	31.2358
FR	EG	embassy	Giza	30.0234	31.2172
FR	ER	embassy	Asmara	15.3383	38.9360
FR	ES	consulate_general	Barcelona	41.3825	2.1769
FR	ES	consulate_general	Bilbao	43.2631	-2.9350
FR	ES	consulate_general	Seville	37.3886	-5.9950
FR	ES	embassy	Madrid	40.4208	-3.6899
FR	ET	embassy	Addis Ababa	9.0518	38.7701
FR	FI	embassy	Helsinki	60.1568	24.9603
FR	FJ	embassy	Suva	-18.1379	178.4250
FR	GA	embassy	Libreville	0.3833	9.4468
FR	GB	consulate_general	Edinburgh	55.9492	-3.1922
FR	GB	embassy	London	51.5025	-0.1583
FR	GE	embassy	Tbilisi	41.6707	44.8113
FR	GH	embassy	Greater Accra Region	5.5766	-0.1890
FR	GL	consulate_general	Sermersooq	66.0000	-40.0000
FR	GN	embassy	Conakry	9.5117	-13.7153
FR	GQ	embassy	Malabo	3.7533	8.7713
FR	GR	consulate_general	Thessaloniki	40.6403	22.9356
FR	GR	embassy	Athens	37.9762	23.7379
FR	GT	embassy	Guatemala City	14.5844	-90.5158
FR	GW	embassy	Bissau	11.8622	-15.6261
FR	HN	embassy	Tegucigalpa	14.1017	-87.1915
FR	HR	embassy	Zagreb	45.8096	15.9773
FR	HT	embassy	Port-au-Prince	18.5391	-72.3349
FR	HU	embassy	Budapest District V	47.5086	19.0473
FR	ID	embassy	Jakarta	-6.1966	106.8224
FR	IE	embassy	Dublin	53.3382	-6.2500
FR	IL	consulate	Haifa	32.8290	34.9854
FR	IL	consulate_general	Jerusalem	31.7750	35.2242
FR	IL	consulate_general	Tel Aviv	32.0735	34.7680
FR	IL	embassy	Tel Aviv	32.0809	34.7679
FR	IN	consulate_general	Bengaluru	12.9791	77.5913
FR	IN	consulate_general	Chennai	11.9363	79.8359
FR	IN	consulate_general	Mumbai	19.0758	72.8775
FR	IN	embassy	New Delhi	28.5956	77.1879
FR	IQ	consulate_general	Erbil	36.1911	44.0094
FR	IQ	embassy	Baghdad	33.3121	44.4215
FR	IR	embassy	District 11	35.6965	51.4102
FR	IS	embassy	Reykjavík	64.1482	-21.9473
FR	IT	consulate_general	Milan	45.4762	9.1947
FR	IT	consulate_general	Naples	40.8362	14.2297
FR	IT	consulate_general	Turin	45.0663	7.6816
FR	IT	embassy	Rome	41.8948	12.4708
FR	IT	embassy	Rome	41.9093	12.4994
FR	JM	embassy	Kingston	18.0170	-76.7783
FR	JO	embassy	Amman	31.9537	35.9053
FR	JP	consulate_general	Sakyō-ku	35.0261	135.7783
FR	JP	embassy	Tokyo	35.6472	139.7255
FR	KE	embassy	Nairobi	-1.2846	36.8178
FR	KG	embassy	Bishkek	42.8690	74.6021
FR	KH	embassy	Phnom Penh	11.5834	104.9152
FR	KM	embassy	Moroni	-11.7099	43.2466
FR	KR	embassy	Seoul	37.5613	126.9662
FR	KW	embassy	Kuwait City	29.3793	47.9931
FR	KZ	consulate_general	Almaty	43.2400	76.9150
FR	KZ	embassy	Astana	51.1472	71.4245
FR	LA	embassy	Vientiane	17.9615	102.6132
FR	LB	embassy	Beirut	33.8802	35.5129
FR	LC	embassy	Castries	14.0200	-60.9981
FR	LK	embassy	Colombo	6.9145	79.8724
FR	LR	embassy	Monrovia	6.2923	-10.7835
FR	LT	embassy	Vilnius	54.6809	25.2877
FR	LU	embassy	Luxembourg	49.6097	6.1208
FR	LV	embassy	Riga	56.9524	24.1133
FR	LY	embassy	Tripoli	32.8824	13.1932
FR	MA	consulate	Tangier	35.7814	-5.8126
FR	MA	consulate_general	Agadir	30.4214	-9.5831
FR	MA	consulate_general	Casablanca	33.5992	-7.6200
FR	MA	consulate_general	Fez	34.0433	-5.0033
FR	MA	consulate_general	Marrakech	31.6295	-7.9811
FR	MA	consulate_general	Tangier	35.7696	-5.8034
FR	MA	embassy	Rabat	34.0069	-6.8467
FR	MC	embassy	Monaco	43.7491	7.4337
FR	MD	embassy	Chișinău	47.0264	28.8213
FR	ME	embassy	Podgorica	42.4424	19.2445
FR	MG	consulate_general	Antananarivo	-18.9100	47.5250
FR	MG	embassy	Antananarivo	-18.9079	47.5231
FR	MK	consulate	Bitola	41.0319	21.3347
FR	MK	embassy	Skopje	41.9796	21.4255
FR	ML	embassy	Bamako	12.6361	-7.9942
FR	MM	embassy	Yangon	16.7905	96.1427
FR	MN	embassy	Ulaanbaatar	47.9172	106.9135
FR	MR	embassy	Nouakchott	18.0952	-15.9821
FR	MT	embassy	Valletta	35.8983	14.5104
FR	MU	embassy	Port Louis	-20.1665	57.5005
FR	MX	consulate_general	Mexico City	19.3538	-99.1359
FR	MX	embassy	Mexico City	19.4281	-99.1994
FR	MY	embassy	Kuala Lumpur	3.1617	101.7204
FR	MZ	embassy	Maputo	-25.9608	32.6019
FR	NA	embassy	Windhoek	-22.5550	17.0847
FR	NE	embassy	Niamey	13.5254	2.0783
FR	NG	embassy	Q3787	9.0804	7.5064
FR	NI	embassy	Managua	12.1473	-86.2859
FR	NO	embassy	Oslo	59.9133	10.7058
FR	NP	embassy	Kathmandu	27.7201	85.3196
FR	NZ	embassy	Wellington	-41.2902	174.7753
FR	OM	embassy	Muscat	23.6050	58.4269
FR	PA	embassy	Panama City	8.9502	-79.5322
FR	PE	embassy	San Isidro	-12.0998	-77.0318
FR	PG	embassy	Port Moresby	-9.4646	147.1555
FR	PH	embassy	Q1508	14.5610	121.0271
FR	PK	consulate_general	Karachi	24.8600	67.0100
FR	PK	embassy	Islamabad	33.7170	73.1061
FR	PL	consulate_general	Kraków	50.0596	19.9386
FR	PL	embassy	Warsaw	52.2238	21.0273
FR	PT	embassy	Lisbon	38.7073	-9.1566
FR	PY	embassy	Asunción	-25.2861	-57.6159
FR	QA	embassy	Doha	25.3300	51.5367
FR	RO	embassy	Bucharest	44.4452	26.0946
FR	RS	embassy	Belgrade	44.8188	20.4521
FR	RU	consulate_general	Saint Petersburg	59.9424	30.3234
FR	RU	consulate_general	Yekaterinburg	56.8435	60.5905
FR	RU	embassy	Moscow	55.7321	37.6128
FR	RW	embassy	Kigali	-1.9486	30.0668
FR	SA	consulate_general	Jeddah	21.5292	39.1611
FR	SA	embassy	Riyadh	24.6849	46.6278
FR	SC	embassy	Victoria	-4.6306	55.4565
FR	SD	embassy	Khartoum	15.5808	32.5469
FR	SE	embassy	Stockholm	59.3389	18.0792
FR	SG	embassy	Singapore	1.3222	103.8141
FR	SI	embassy	Ljubljana	46.0461	14.5014
FR	SK	embassy	Bratislava	48.1435	17.1078
FR	SN	consulate_general		14.6689	-17.4301
FR	SN	embassy	Dakar	14.6683	-17.4279
FR	SR	embassy	Paramaribo	5.8280	-55.1537
FR	SS	embassy	Juba	4.8557	31.5860
FR	SV	embassy	San Salvador	13.7029	-89.2300
FR	TD	embassy	N'Djamena	12.1160	15.0308
FR	TG	embassy	Lomé	6.1268	1.2191
FR	TH	embassy	Bang Rak	13.7269	100.5140
FR	TJ	embassy	Dushanbe	38.6145	68.7804
FR	TM	embassy	Ashgabat	37.9534	58.3610
FR	TN	consulate_general	Tunis	36.7990	10.1791
FR	TN	embassy	Tunis	36.7990	10.1791
FR	TR	consulate_general	Istanbul	41.0364	28.9839
FR	TR	embassy	Kavaklıdere	39.9024	32.8567
FR	TT	embassy	Port of Spain	10.6659	-61.5193
FR	TZ	embassy	Dar es Salaam	-6.7892	39.2782
FR	UA	embassy	Kyiv	50.4539	30.5080
FR	UG	embassy	Kampala	0.3199	32.5770
FR	US	consulate_general		38.8951	-77.0366
FR	US	consulate_general	Atlanta	33.7550	-84.3900
FR	US	consulate_general	Boston	42.3578	-71.0617
FR	US	consulate_general	Houston	29.7628	-95.3831
FR	US	consulate_general	Illinois	41.8826	-87.6309
FR	US	consulate_general	Los Angeles	34.0536	-118.2430
FR	US	consulate_general	Miami	25.7607	-80.1917
FR	US	consulate_general	New Orleans	29.9667	-90.0500
FR	US	consulate_general	New York City	40.7739	-73.9656
FR	US	consulate_general	San Francisco	37.7750	-122.4180
FR	US	embassy	Washington, D.C.	38.9137	-77.0779
FR	UY	embassy	Montevideo	-34.9033	-56.1982
FR	UZ	embassy	Former building of people's control	41.3058	69.2857
FR	VE	embassy	Caracas	10.4835	-66.8598
FR	VN	consulate_general	Ho Chi Minh City	10.7756	106.7019
FR	VN	embassy	Hanoi	21.0209	105.8506
FR	VU	embassy	Port Vila	-17.7366	168.3133
FR	XK	embassy	Pristina	42.6692	21.1544
FR	YE	embassy	Sanaa	15.3373	44.2006
FR	ZA	consulate_general	Cape Town	-33.9278	18.4151
FR	ZA	consulate_general	Johannesburg	-26.2044	28.0456
FR	ZA	embassy	Pretoria	-25.7726	28.2266
FR	ZM	embassy	Lusaka	-15.4200	28.3045
FR	ZW	embassy	Harare	-17.8265	31.0485
GA	BE	embassy	Uccle	50.8124	4.3536
GA	BR	embassy	Brasília	-15.8356	-47.8755
GA	CA	embassy	Ottawa	45.3862	-75.6154
GA	CI	embassy	Abidjan	5.3476	-4.0040
GA	DE	embassy	Berlin	52.4757	13.3145
GA	ES	embassy	Madrid	40.4617	-3.6938
GA	FR	embassy	Paris	48.8764	2.3145
GA	GB	embassy	London	51.4980	-0.1810
GA	IN	embassy	New Delhi	28.5651	77.1565
GA	IT	embassy	Rome	41.9162	12.4551
GA	IT	embassy	Rome	41.9221	12.5127
GA	JP	embassy	Tokyo	35.6306	139.6663
GA	RU	embassy	Moscow	55.7448	37.5872
GA	SA	embassy	Riyadh	24.6809	46.6243
GA	SN	embassy	Dakar	14.7433	-17.5161
GA	TD	embassy	N'Djamena	12.1349	15.0557
GA	TR	embassy	Ankara	39.8558	32.8544
GA	US	embassy	Washington, D.C.	38.9180	-77.0458
GA	ZA	embassy	Pretoria	-25.7473	28.2256
GB	AE	embassy	Abu Dhabi	24.4836	54.3514
GB	AF	embassy	Kabul	34.5342	69.1802
GB	AG	high_commission	Q36262	17.1211	-61.8447
GB	AL	embassy	Tirana	41.3306	19.8072
GB	AM	embassy	Yerevan	40.1924	44.5049
GB	AO	embassy	Ingombota	-8.8119	13.2226
GB	AR	embassy	Buenos Aires	-34.5850	-58.3961
GB	AT	embassy	Vienna	48.1975	16.3814
GB	AU	consulate	Brisbane	-27.4678	153.0278
GB	AU	consulate	Canberra	-35.2931	149.1269
GB	AU	consulate	New South Wales	-32.0000	147.0000
GB	AU	consulate_general	Melbourne	-37.8142	144.9631
GB	AU	high_commission	Canberra	-35.3013	149.1250
GB	AZ	embassy	Baku	40.3756	49.8509
GB	BA	embassy	Sarajevo	43.8523	18.3936
GB	BB	high_commission	Bridgetown	13.0925	-59.6033
GB	BD	consulate	Sylhet	24.9000	91.8667
GB	BD	high_commission	Dhaka	23.7990	90.4194
GB	BE	embassy	Brussels	50.8417	4.3845
GB	BG	consulate	Plovdiv	42.1421	24.7415
GB	BG	embassy	Sofia	42.6972	23.3273
GB	BH	embassy	Manama	26.2375	50.5834
GB	BI	embassy	Bujumbura	-3.3817	29.3606
GB	BN	high_commission	Bandar Seri Begawan	4.8868	114.9404
GB	BO	embassy	La Paz	-16.5123	-68.1218
GB	BR	consulate	Belo Horizonte	-19.9281	-43.9419
GB	BR	consulate	Recife	-8.0539	-34.8808
GB	BR	consulate	Rio de Janeiro	-22.9111	-43.2056
GB	BR	consulate_general	São Paulo	-23.5504	-46.6339
GB	BR	embassy	Brasília	-15.8093	-47.8745
GB	BS	high_commission	Nassau	25.0678	-77.3805
GB	BW	high_commission	Gaborone	-24.6580	25.9135
GB	BY	embassy	Minsk	53.8998	27.5612
GB	BZ	high_commission	Belmopan	17.2530	-88.7733
GB	CA	consulate	Calgary	51.0475	-114.0625
GB	CA	consulate	Montreal	45.5033	-73.5868
GB	CA	consulate	Toronto	43.6703	-79.3867
GB	CA	consulate	Vancouver	49.2608	-123.1139
GB	CA	high_commission	Ottawa	45.4375	-75.6991
GB	CD	embassy	Kinshasa	-4.3072	15.2744
GB	CH	embassy	Bern	46.9407	7.4573
GB	CI	embassy	Abidjan	5.3319	-3.9918
GB	CL	embassy	Las Condes	-33.4158	-70.6005
GB	CM	high_commission	Yaoundé	3.8767	11.5174
GB	CN	consulate	Chongqing	29.5500	106.5069
GB	CN	consulate_general	Hong Kong	22.2762	114.1650
GB	CN	consulate_general	Shanghai	31.2325	121.4692
GB	CN	consulate_general	Tianhe District	23.1203	113.3181
GB	CN	consulate_general	Wuhan	30.5950	114.2975
GB	CN	embassy	Chaowai Subdistrict	39.9124	116.4423
GB	CO	embassy	Bogotá	4.6605	-74.0542
GB	CR	embassy	San José	9.9364	-84.0964
GB	CU	embassy	Havana	23.1161	-82.4248
GB	CY	high_commission	Nicosia	35.1823	33.3471
GB	CZ	embassy	Prague	50.0897	14.4031
GB	DE	consulate	Düsseldorf	51.2184	6.7954
GB	DE	consulate_general	Munich	48.1428	11.6004
GB	DE	embassy	Berlin	52.5158	13.3808
GB	DO	embassy	Santo Domingo	18.4696	-69.9396
GB	DZ	embassy	El Mouradia	36.7569	3.0449
GB	EC	embassy	Quito	-0.1898	-78.4915
GB	EE	embassy	Tallinn	59.4327	24.7316
GB	EG	consulate_general	Alexandria	31.1975	29.8925
GB	EG	embassy	Cairo	30.0394	31.2315
GB	ER	embassy	Asmara	15.3370	38.9282
GB	ES	consulate	Alicante	38.3453	-0.4831
GB	ES	consulate	Barcelona	41.3825	2.1769
GB	ES	consulate	Ibiza	38.9800	1.4300
GB	ES	consulate	Las Palmas de Gran Canaria	28.1272	-15.4314
GB	ES	consulate	Málaga	36.7167	-4.4167
GB	ES	consulate	Palma	39.5667	2.6497
GB	ES	consulate	Santa Cruz de Tenerife	28.4667	-16.2500
GB	ES	embassy	Madrid	40.4767	-3.6879
GB	ET	embassy	Addis Ababa	9.0315	38.7867
GB	FI	embassy	Helsinki	60.1563	24.9601
GB	FJ	high_commission	Suva	-18.1457	178.4261
GB	FR	consulate	Bordeaux	44.8421	-0.5789
GB	FR	consulate	Marseille	43.3065	5.3664
GB	FR	consulate_general		48.8704	2.3213
GB	FR	embassy	Paris	48.8692	2.3188
GB	GD	high_commission	St. George's	12.0525	-61.7531
GB	GE	embassy	Tbilisi	41.6724	44.8150
GB	GH	high_commission	Accra	5.5645	-0.1914
GB	GM	high_commission	Banjul	13.4757	-16.6905
GB	GN	embassy	Conakry	9.5238	-13.6861
GB	GR	consulate	Corfu	39.6239	19.9214
GB	GR	consulate	Crete	35.3097	24.8933
GB	GR	consulate	Rhodes	36.1700	27.9200
GB	GR	embassy	Athens	37.9764	23.7453
GB	GT	embassy	Guatemala City	14.5958	-90.5169
GB	GY	high_commission	Georgetown	6.8188	-58.1641
GB	HR	consulate	Split	43.5100	16.4400
GB	HR	embassy	Zagreb	45.7978	15.9700
GB	HT	embassy	Delmas	18.5350	-72.2923
GB	HU	embassy	Budapest District II	47.5151	19.0263
GB	ID	consulate	Bali	-8.5000	115.0000
GB	ID	embassy	Jakarta	-6.2308	106.8345
GB	IE	embassy	Ballsbridge	53.3251	-6.2238
GB	IL	embassy	Tel Aviv	32.0878	34.7715
GB	IN	consulate	Ahmedabad	23.0219	72.5797
GB	IN	consulate	Bengaluru	12.9791	77.5913
GB	IN	consulate	Chandigarh	30.7364	76.7883
GB	IN	consulate	Chennai	13.0825	80.2750
GB	IN	consulate	Hyderabad	17.3617	78.4747
GB	IN	consulate	Kolkata	22.5675	88.3700
GB	IN	consulate	Mumbai	19.0758	72.8775
GB	IN	consulate	Panaji	15.4800	73.8300
GB	IN	consulate_general	Chennai	13.0825	80.2750
GB	IN	high_commission	Chanakyapuri	28.5977	77.1931
GB	IQ	consulate	Erbil	36.1911	44.0094
GB	IQ	embassy	Baghdad	33.3121	44.3969
GB	IR	embassy	District 12	35.6957	51.4186
GB	IS	embassy	Reykjavík	64.1428	-21.9372
GB	IT	consulate_general	Milan	45.4669	9.1900
GB	IT	embassy	Rome	41.9082	12.5013
GB	JM	high_commission	Kingston	18.0094	-76.7841
GB	JO	embassy	Amman	31.9448	35.8991
GB	JP	consulate_general	Osaka	34.6786	135.5008
GB	JP	embassy	Tokyo	35.6864	139.7444
GB	KE	high_commission	Nairobi	-1.2877	36.8163
GB	KG	embassy	Bishkek	42.8685	74.6070
GB	KH	embassy	Phnom Penh	11.5815	104.9174
GB	KP	embassy	Pyongyang	39.0230	125.7922
GB	KR	embassy	Jung District	37.5669	126.9751
GB	KW	embassy	Kuwait City	29.3900	47.9950
GB	KZ	embassy	Astana	51.1472	71.4245
GB	LA	embassy	Vientiane	17.9696	102.6208
GB	LB	embassy	Beirut	33.8951	35.4997
GB	LC	high_commission	Castries	14.0144	-60.9911
GB	LK	high_commission	Colombo	6.9061	79.8730
GB	LR	embassy	Monrovia	6.2895	-10.7830
GB	LS	high_commission	Maseru	-29.3100	27.4800
GB	LT	embassy	Vilnius	54.6939	25.3047
GB	LU	embassy	Luxembourg	49.6082	6.1210
GB	LV	embassy	Riga	56.9566	24.1100
GB	MA	embassy	Rabat	33.9734	-6.8449
GB	MD	embassy	Chișinău	47.0226	28.8244
GB	ME	embassy	Podgorica	42.4432	19.2746
GB	MG	embassy	Antananarivo	-18.8854	47.5262
GB	MK	embassy	Skopje	41.9794	21.4263
GB	ML	embassy	Bamako	12.6364	-7.9693
GB	MM	embassy	Yangon	16.7695	96.1635
GB	MN	embassy	Ulaanbaatar	47.9127	106.9217
GB	MT	high_commission	Ta' Xbiex	35.8981	14.4967
GB	MU	high_commission	Port Louis	-20.1657	57.5026
GB	MV	high_commission	Malé	4.1750	73.5083
GB	MW	high_commission	Lilongwe	-13.9581	33.7876
GB	MX	consulate	Cancun	21.1614	-86.8248
GB	MX	embassy	Cuauhtémoc	19.4258	-99.1675
GB	MY	high_commission	Kuala Lumpur	3.1595	101.7188
GB	MZ	high_commission	Maputo	-25.9708	32.5765
GB	NA	high_commission	Windhoek	-22.5612	17.0863
GB	NE	embassy	Niamey	13.5150	2.1175
GB	NG	consulate	Calabar	4.9992	8.3506
GB	NG	high_commission	Q3787	9.0419	7.4784
GB	NO	embassy	Oslo	59.9146	10.7049
GB	NP	embassy	Kathmandu	27.7209	85.3169
GB	NZ	consulate	Auckland Region	-36.8471	174.7656
GB	NZ	high_commission	Wellington	-41.2766	174.7750
GB	OM	embassy	Muscat	23.6079	58.4388
GB	PA	embassy	Panama City	8.9807	-79.5195
GB	PE	embassy	Lima	-12.1312	-77.0296
GB	PG	high_commission	Port Moresby	-9.4341	147.1919
GB	PH	embassy	Taguig	14.5407	121.0538
GB	PK	consulate	Karachi	24.8600	67.0100
GB	PK	high_commission	Islamabad	33.7242	73.1114
GB	PL	embassy	Warsaw	52.2184	21.0404
GB	PS	consulate_general	Jerusalem	31.7933	35.2330
GB	PT	consulate	Portimão	37.1333	-8.5333
GB	PT	embassy	Lisbon	38.7162	-9.1574
GB	PY	embassy	Asunción	-25.2949	-57.5795
GB	QA	embassy	Doha	25.3416	51.5162
GB	RO	embassy	Bucharest	44.4438	26.1003
GB	RS	embassy	Belgrade	44.8033	20.4596
GB	RU	consulate	Yekaterinburg	56.8334	60.6105
GB	RU	consulate_general	Saint Petersburg	59.9477	30.3909
GB	RU	embassy	Arbat District	55.7503	37.5769
GB	RW	high_commission	Kigali	-1.9477	30.0916
GB	SA	consulate	Jeddah	21.5292	39.1611
GB	SA	embassy	Riyadh	24.6880	46.6274
GB	SB	high_commission	Honiara	-9.4293	159.9484
GB	SC	high_commission	Victoria	-4.6238	55.4523
GB	SD	embassy	Khartoum	15.6056	32.5381
GB	SE	consulate_general	Gothenburg	57.7075	11.9675
GB	SE	embassy	Stockholm	59.3343	18.1077
GB	SG	high_commission	Singapore	1.3044	103.8213
GB	SI	embassy	Ljubljana	46.0503	14.4998
GB	SK	embassy	Bratislava I	48.1423	17.1071
GB	SL	high_commission	Freetown	8.4719	-13.2709
GB	SN	embassy	Dakar	14.6599	-17.4360
GB	SO	embassy	Mogadishu	2.0300	45.3365
GB	SS	embassy	Juba	4.8553	31.5857
GB	SV	embassy	San Salvador	13.7103	-89.2455
GB	TD	embassy	N'Djamena	12.1155	15.0311
GB	TH	embassy	Bangkok	13.7203	100.5266
GB	TJ	embassy	Dushanbe	38.5841	68.7943
GB	TM	embassy	Ashgabat	37.9525	58.3645
GB	TN	embassy	Tunis	36.8333	10.2416
GB	TO	high_commission	Nukuʻalofa	-21.1334	-175.2000
GB	TR	consulate	Antalya	36.9081	30.6956
GB	TR	consulate	İzmir	38.4370	27.1470
GB	TR	consulate_general	Istanbul	41.0342	28.9758
GB	TR	embassy	Ankara	39.8896	32.8583
GB	TT	high_commission	Port of Spain	10.6682	-61.5215
GB	TZ	high_commission	Dar es Salaam	-6.8125	39.2915
GB	UA	embassy	Kyiv	50.4571	30.5198
GB	UG	high_commission	Kampala	0.3366	32.5841
GB	US	consulate	Atlanta	33.7544	-84.3897
GB	US	consulate	Chicago	41.8937	-87.6238
GB	US	consulate	Houston	29.7628	-95.3831
GB	US	consulate	San Francisco	37.7750	-122.4194
GB	US	consulate_general	Cambridge	42.3750	-71.1061
GB	US	consulate_general	Dallas	32.7792	-96.8089
GB	US	consulate_general	Los Angeles	34.0522	-118.2437
GB	US	consulate_general	Miami	25.7833	-80.2167
GB	US	consulate_general	New York City	40.7128	-74.0061
GB	US	embassy	Washington, D.C.	38.9203	-77.0629
GB	UY	embassy	Montevideo	-34.9083	-56.1378
GB	UZ	embassy	Tashkent	41.3092	69.2896
GB	VC	high_commission	Kingstown	13.1553	-61.2274
GB	VE	embassy	Caracas	10.4988	-66.8520
GB	VN	consulate_general	Ho Chi Minh City	10.7832	106.7018
GB	VN	embassy	Hanoi	21.0244	105.8516
GB	VU	high_commission	Port Vila	-17.7310	168.3118
GB	WS	high_commission	Apia	-13.8350	-171.7620
GB	XK	embassy	Pristina	42.6466	21.1239
GB	YE	embassy	Sanaa	15.3635	44.2340
GB	ZA	consulate	Cape Town	-33.9253	18.4239
GB	ZA	high_commission	Pretoria	-25.7457	28.2267
GB	ZM	high_commission	Lusaka	-15.4231	28.3107
GB	ZW	embassy	Harare	-17.7599	31.0327
GD	BE	embassy	Brussels	50.8308	4.3608
GD	GB	high_commission	London	51.4867	-0.2046
GD	RU	embassy	Moscow	55.7564	37.5895
GD	US	embassy	Washington, D.C.	38.9128	-77.0400
GD	VE	embassy	Los Naranjos	10.4413	-66.8424
GE	AM	embassy	Yerevan	40.2165	44.5484
GE	AR	embassy	Buenos Aires	-34.5741	-58.4661
GE	AT	embassy	Vienna	48.2150	16.3717
GE	AU	embassy	Canberra	-35.3560	149.1075
GE	AZ	embassy	Baku	40.3667	49.8352
GE	BE	embassy	Woluwe-Saint-Pierre	50.8324	4.4124
GE	BG	embassy	Sofia	42.6936	23.3396
GE	BR	embassy	Brasília	-15.8415	-47.8841
GE	BY	embassy	Minsk	53.9045	27.5555
GE	CA	embassy	Ottawa	45.4186	-75.7025
GE	CH	embassy	Bern	46.9395	7.4323
GE	CN	embassy	Chaoyang District	39.9617	116.4672
GE	CY	embassy	Nicosia	35.1705	33.3453
GE	CZ	embassy	Prague	50.1085	14.4055
GE	DE	embassy	Berlin	52.5091	13.3464
GE	EE	embassy	Tallinn	59.4374	24.7543
GE	ES	consulate_general	Barcelona	41.3884	2.1687
GE	ES	embassy	Madrid	40.4159	-3.6956
GE	FI	embassy	Helsinki	60.1722	24.9445
GE	FR	embassy	Paris	48.8844	2.3044
GE	GB	embassy	Royal Borough of Kensington and Chelsea	51.4888	-0.1360
GE	GR	embassy	Chalandri	38.0182	23.7910
GE	HU	embassy	Budapest District XII	47.5121	18.9997
GE	ID	embassy	Jakarta	-6.2265	106.8281
GE	IE	embassy	Dublin	53.3261	-6.2431
GE	IL	embassy	Tel Aviv	32.0746	34.7832
GE	IN	embassy	New Delhi	28.5873	77.2173
GE	IT	embassy	Rome	41.8965	12.4805
GE	IT	embassy	Rome	41.9095	12.4909
GE	JP	embassy	Minato	35.6716	139.7154
GE	LT	embassy	Vilnius	54.6805	25.2702
GE	LV	embassy	Riga	56.9541	24.1094
GE	MD	embassy	Chișinău	47.0158	28.8392
GE	MX	embassy	Mexico City	19.4169	-99.2163
GE	NO	embassy	Oslo	59.9165	10.7401
GE	PL	embassy	Warsaw	52.2287	21.0528
GE	PT	embassy	Lisbon	38.7029	-9.2123
GE	RO	embassy	Bucharest	44.4680	26.0712
GE	SA	embassy	Riyadh	24.7167	46.6774
GE	SE	embassy	Stockholm	59.3387	18.0582
GE	SI	embassy	Ljubljana	46.0526	14.5020
GE	SK	embassy	Bratislava	48.1448	17.1066
GE	TR	embassy	Ankara	39.8514	32.8271
GE	UA	embassy	Kyiv	50.4456	30.4986
GE	US	embassy	Washington, D.C.	38.9119	-77.0492
GE	ZA	embassy	Pretoria	-25.7924	28.2330
GH	AE	embassy	Abu Dhabi	24.4482	54.3675
GH	AO	embassy	Luanda	-8.8111	13.2353
GH	AT	embassy	Vienna	48.2337	16.4112
GH	AU	high_commission	Canberra	-35.3518	149.1163
GH	BE	embassy	Schaerbeek	50.8589	4.3951
GH	BF	embassy	Ouagadougou	12.3790	-1.5106
GH	BJ	embassy	Cotonou	6.3524	2.3922
GH	BR	embassy	Brasília	-15.8301	-47.8773
GH	CA	consulate_general	Markham	43.8613	-79.3607
GH	CA	high_commission	Ottawa	45.4074	-75.6871
GH	CD	embassy	Kinshasa	-4.3126	15.2894
GH	CH	embassy	Bern	46.9456	7.4337
GH	CI	embassy	Abidjan	5.3588	-3.9870
GH	CN	embassy	Beijing	39.9412	116.4498
GH	CU	embassy	Havana	23.1191	-82.4255
GH	CZ	embassy	Prague	50.0997	14.4090
GH	DE	embassy	Berlin	52.5568	13.4096
GH	DZ	embassy	Hydra	36.7424	3.0463
GH	ES	embassy	Madrid	40.4471	-3.6505
GH	ET	embassy	Addis Ababa	9.0111	38.7164
GH	FR	embassy	Paris	48.8737	2.2796
GH	GB	high_commission	London	51.4988	-0.1552
GH	GN	embassy	Dixinn	9.5333	-13.6898
GH	GQ	embassy	Malabo	3.7492	8.7553
GH	IL	embassy	Herzliya	32.1803	34.8134
GH	IN	high_commission	New Delhi	28.5885	77.1836
GH	IR	embassy	Tehran	35.7963	51.4096
GH	IT	embassy	Rome	41.9197	12.4574
GH	IT	embassy	Rome	41.9307	12.5119
GH	JP	embassy	Minato	35.6617	139.7254
GH	KE	high_commission	Nairobi	-1.2131	36.8144
GH	KR	embassy	Seoul	37.5367	127.0124
GH	KW	embassy	Kuwait City	29.2741	48.0880
GH	LR	embassy	Monrovia	6.2711	-10.7379
GH	MA	embassy	Rabat	33.9813	-6.8350
GH	ML	embassy	Bamako	12.6339	-8.0336
GH	MT	high_commission	Ta' Xbiex	35.9006	14.4966
GH	MY	high_commission	Kuala Lumpur	3.1585	101.7342
GH	NA	high_commission	Windhoek	-22.5748	17.1045
GH	NG	high_commission	Q3787	9.0426	7.4820
GH	NO	embassy	Oslo	59.9107	10.7387
GH	QA	embassy	Doha	25.3611	51.4976
GH	RU	embassy	Moscow	55.7561	37.5946
GH	SA	embassy	Riyadh	24.6876	46.6230
GH	SL	high_commission	Freetown	8.4631	-13.2698
GH	SN	embassy	Dakar	14.7514	-17.4926
GH	TG	embassy	Lomé	6.1391	1.2016
GH	TR	embassy	Ankara	39.8534	32.8558
GH	US	embassy	Washington, D.C.	38.9422	-77.0681
GH	ZA	high_commission	Pretoria	-25.7474	28.2319
GH	ZM	high_commission	Lusaka	-15.4275	28.3169
GH	ZW	embassy	Harare	-17.7984	31.0441
GM	BE	embassy	Brussels	50.8064	4.3861
GM	CH	embassy	Geneva	46.2138	6.1455
GM	ES	embassy	Madrid	40.4419	-3.6448
GM	FR	embassy	Paris	48.8713	2.2865
GM	GB	high_commission	London	51.5018	-0.1876
GM	IN	high_commission	New Delhi	28.5663	77.1600
GM	RU	embassy	Moscow	55.7289	37.6192
GM	SA	embassy	Riyadh	24.7290	46.6882
GM	SN	embassy	Dakar	14.7512	-17.4917
GM	TR	embassy	Ankara	39.8713	32.8552
GM	US	embassy	Washington, D.C.	38.9583	-77.0368
GM	ZA	high_commission	Pretoria	-25.7719	28.2315
GN	AE	embassy	Abu Dhabi	24.4589	54.3734
GN	AO	embassy	Luanda	-8.8093	13.2490
GN	BE	embassy	Schaerbeek	50.8485	4.4033
GN	BR	embassy	Brasília	-15.8461	-47.8906
GN	CA	embassy	Ottawa	45.4302	-75.6749
GN	CD	embassy	Kinshasa	-4.3181	15.2794
GN	CH	embassy	Geneva	46.2171	6.1462
GN	CI	embassy	Abidjan	5.3573	-3.9899
GN	CN	embassy	Beijing	39.9426	116.4450
GN	CU	embassy	Playa	23.1217	-82.4203
GN	DE	embassy	Berlin	52.5140	13.3874
GN	DZ	embassy	Algiers	36.7764	3.0586
GN	EG	embassy	Giza	30.0698	31.2217
GN	ES	embassy	Madrid	40.4487	-3.6882
GN	ET	embassy	Addis Ababa	9.0051	38.7893
GN	FR	embassy	Paris	48.8690	2.2762
GN	GB	embassy	London	51.5378	-0.1919
GN	GH	embassy	Accra	5.5571	-0.2012
GN	GQ	embassy	Malabo	3.7519	8.7731
GN	GW	embassy	Bissau	11.8613	-15.5831
GN	IN	embassy	New Delhi	28.5676	77.1628
GN	IR	embassy	Tehran	35.7174	51.4398
GN	IT	embassy	Rome	41.9294	12.4944
GN	JP	embassy	Tokyo	35.6517	139.6967
GN	KW	embassy	Kuwait City	29.2692	47.9781
GN	LR	embassy	Monrovia	6.2873	-10.7711
GN	LY	embassy	Tripoli	32.8691	13.1210
GN	MA	embassy	Rabat	33.9931	-6.8438
GN	ML	embassy	Bamako	12.6144	-7.9593
GN	MY	embassy	Kuala Lumpur	3.1562	101.7422
GN	NG	embassy	Q3787	6.4551	3.3942
GN	QA	embassy	Doha	25.2793	51.5224
GN	RS	embassy	Belgrade	44.7992	20.4668
GN	RU	embassy	Moscow	55.7287	37.6163
GN	RW	embassy	Kigali	-1.9294	29.9624
GN	SA	embassy	Riyadh	24.6840	46.6320
GN	SL	embassy	Freetown	8.4673	-13.2379
GN	SN	embassy	Dakar	14.7096	-17.4708
GN	TR	embassy	Ankara	39.8970	32.8794
GN	US	embassy	Washington, D.C.	38.9153	-77.0469
GN	ZA	embassy	Pretoria	-25.7480	28.2253
GQ	BE	embassy	Uccle	50.8160	4.3601
GQ	BR	embassy	Brasília	-15.8299	-47.8765
GQ	CH	embassy	Geneva	46.2184	6.1426
GQ	CN	embassy	Beijing	39.9375	116.4546
GQ	DE	embassy	Berlin	52.4635	13.3016
GQ	EG	embassy	Giza	30.0544	31.2092
GQ	ES	embassy	Madrid	40.4648	-3.6754
GQ	FR	embassy	Paris	48.8808	2.3136
GQ	GB	embassy	London	51.5064	-0.1398
GQ	IL	embassy	Herzliya	32.1640	34.8079
GQ	IN	embassy	New Delhi	28.5684	77.1583
GQ	IT	embassy	Rome	41.9232	12.5003
GQ	IT	embassy	Rome	41.9432	12.4473
GQ	PT	embassy	Lisbon	38.7037	-9.2101
GQ	RU	embassy	Moscow	55.7324	37.6219
GQ	TD	embassy	N'Djamena	12.1271	14.9804
GQ	TR	embassy	Ankara	39.8546	32.8546
GQ	US	consulate_general	Texas	29.7195	-95.4945
GQ	US	embassy	Washington, D.C.	38.9177	-77.0365
GQ	VE	embassy	Municipio Chacao	10.4898	-66.8470
GQ	ZA	embassy	Pretoria	-25.7413	28.2475
GR	AE	embassy	Abu Dhabi	24.4561	54.3318
GR	AL	embassy	Tirana	41.3307	19.8081
GR	AM	embassy	Yerevan	40.1897	44.5072
GR	AR	embassy	Buenos Aires	-34.5801	-58.4030
GR	AT	embassy	Vienna	48.1968	16.3720
GR	AU	embassy	Canberra	-35.3091	149.1127
GR	AZ	embassy	Baku	40.3854	49.8289
GR	BA	embassy	Sarajevo	43.8559	18.4152
GR	BE	embassy	Brussels	50.8402	4.3592
GR	BG	embassy	Sofia	42.6913	23.3381
GR	BR	embassy	Brasília	-15.8176	-47.8865
GR	CA	embassy	Ottawa	45.4183	-75.6865
GR	CD	embassy	Kinshasa	-4.3072	15.2935
GR	CH	embassy	Bern	46.9391	7.4731
GR	CL	embassy	Las Condes	-33.4133	-70.5730
GR	CN	embassy	Beijing	39.9123	116.4336
GR	CU	embassy	Havana	23.1075	-82.4408
GR	CY	embassy	Nicosia	35.1700	33.3540
GR	CZ	embassy	Prague	50.0949	14.3854
GR	DE	embassy	Berlin	52.5087	13.3591
GR	DZ	embassy	El Biar	36.7659	3.0380
GR	EE	embassy	Tallinn	59.4345	24.7427
GR	EG	consulate_general	Alexandria	31.1975	29.8925
GR	EG	embassy	Cairo	30.0349	31.2299
GR	ES	embassy	Madrid	40.4474	-3.6802
GR	ET	embassy	Addis Ababa	8.9924	38.7603
GR	FI	embassy	Helsinki	60.1733	24.9607
GR	FR	consulate_general	Marseille	43.2922	5.3770
GR	FR	embassy	Paris	48.8697	2.2947
GR	GB	embassy	London	51.5055	-0.2045
GR	GE	embassy	Tbilisi	41.7071	44.7614
GR	HR	embassy	Zagreb	45.8174	15.9749
GR	HU	embassy	Budapest District VI	47.5079	19.0693
GR	ID	embassy	Jakarta	-6.2179	106.8305
GR	IE	embassy	Dublin	53.3349	-6.2536
GR	IL	embassy	Tel Aviv	32.0746	34.7832
GR	IN	embassy	New Delhi	28.5911	77.1793
GR	IQ	embassy	Baghdad	33.3078	44.3427
GR	IR	embassy	Tehran	35.7714	51.4165
GR	IT	embassy	Rome	41.9192	12.4909
GR	IT	embassy	Rome	41.9230	12.4872
GR	JO	embassy	Amman	31.9454	35.8983
GR	JP	embassy	Minato	35.6584	139.7260
GR	KE	embassy	Nairobi	-1.2832	36.8224
GR	KR	embassy	Seoul	37.5676	126.9866
GR	KW	embassy	Kuwait City	29.3237	47.9621
GR	KZ	embassy	Astana	51.1514	71.4106
GR	LB	embassy	Antelias	33.9178	35.5990
GR	LT	embassy	Vilnius	54.6775	25.2865
GR	LU	embassy	Luxembourg	49.6041	6.1169
GR	LV	embassy	Riga	56.9591	24.1023
GR	LY	embassy	Tripoli	32.8912	13.1886
GR	MA	embassy	Rabat	33.9545	-6.8307
GR	ME	embassy	Podgorica	42.4440	19.2732
GR	MK	consulate	Bitola	41.0319	21.3347
GR	MK	embassy	Skopje	41.9978	21.4234
GR	MT	embassy	Ta' Xbiex	35.8980	14.4980
GR	MX	embassy	Mexico City	19.4181	-99.2285
GR	NG	embassy	Q3787	9.0726	7.4720
GR	NO	embassy	Oslo	59.9195	10.6999
GR	PE	embassy	Lima	-12.0969	-77.0411
GR	PH	embassy	Q1508	14.5548	121.0178
GR	PK	embassy	Islamabad	33.7274	73.0700
GR	PL	embassy	Warsaw	52.2247	21.0327
GR	PS	consulate_general	Katamon	31.7638	35.2136
GR	PT	embassy	Lisbon	38.7027	-9.2189
GR	QA	embassy	Doha	25.3548	51.5131
GR	RO	embassy	Bucharest	44.4387	26.1181
GR	RS	embassy	Belgrade	44.8193	20.4648
GR	RU	embassy	Moscow	55.7586	37.6026
GR	SA	embassy	Riyadh	24.6789	46.6212
GR	SE	embassy	Stockholm	59.3386	18.0793
GR	SG	embassy	Singapore	1.3123	103.8370
GR	SI	embassy	Ljubljana	46.0419	14.5076
GR	SK	embassy	Bratislava	48.1432	17.1085
GR	SN	embassy	Dakar	14.6952	-17.4616
GR	SY	embassy	Damascus	33.4990	36.2527
GR	TH	embassy	Bangkok	13.7228	100.5303
GR	TN	embassy	Tunis	36.8360	10.1645
GR	TR	consulate_general	Beyoğlu	41.0331	28.9806
GR	TR	consulate_general	Konak	38.4363	27.1410
GR	TR	embassy	Ankara	39.8921	32.8682
GR	UA	embassy	Kyiv	50.4295	30.5524
GR	US	consulate_general	San Francisco	37.7750	-122.4194
GR	US	embassy	Washington, D.C.	38.9122	-77.0499
GR	UY	embassy	Montevideo	-34.8982	-56.1598
GR	VE	embassy	Caracas	10.5079	-66.8696
GR	VN	embassy	Hanoi	21.0602	105.8332
GR	ZA	embassy	Pretoria	-25.7677	28.2667
GR	ZW	embassy	Harare	-17.8107	31.0459
GT	AR	embassy	Buenos Aires	-34.5977	-58.3756
GT	AT	embassy	Vienna	48.1955	16.3762
GT	AU	embassy	Canberra	-35.3084	149.1330
GT	BE	embassy	Uccle	50.8111	4.3627
GT	BR	embassy	Brasília	-15.8542	-47.9117
GT	CA	embassy	Ottawa	45.4212	-75.6972
GT	CL	embassy	Las Condes	-33.4128	-70.5798
GT	CO	embassy	Bogotá	4.6707	-74.0532
GT	CR	embassy	San José	9.9322	-84.1079
GT	DE	embassy	Berlin	52.5192	13.3557
GT	EC	embassy	Quito	-0.1760	-78.4873
GT	ES	embassy	Madrid	40.4609	-3.6891
GT	FR	embassy	Paris	48.8795	2.2944
GT	GB	embassy	London	51.5151	-0.1935
GT	ID	embassy	Jakarta	-6.2153	106.8204
GT	IL	embassy	Jerusalem	31.7501	35.1866
GT	IN	embassy	New Delhi	28.5509	77.1729
GT	IT	embassy	Rome	41.8987	12.4738
GT	IT	embassy	Rome	41.9123	12.4749
GT	JP	embassy	Higashi-Azabu	35.6566	139.7410
GT	MA	embassy	Rabat	33.9582	-6.8355
GT	MX	embassy	Mexico City	19.4176	-99.2130
GT	PE	embassy	Lima	-12.0840	-77.0496
GT	RU	embassy	Moscow	55.7287	37.6163
GT	SE	embassy	Stockholm	59.3312	18.0483
GT	TR	embassy	Ankara	39.8938	32.8676
GT	TW	embassy	Taipei	25.1172	121.5241
GT	US	embassy	Washington, D.C.	38.9122	-77.0494
GT	UY	embassy	Montevideo	-34.8821	-56.0456
GW	BE	embassy	Woluwe-Saint-Lambert	50.8429	4.4066
GW	BR	embassy	Brasília	-15.8496	-47.8582
GW	CN	embassy	Beijing	39.9432	116.4492
GW	CU	embassy	Havana	23.1054	-82.4420
GW	CV	embassy	Praia	14.9098	-23.5297
GW	DE	embassy	Berlin	52.5113	13.3875
GW	ES	embassy	Madrid	40.4385	-3.6750
GW	FR	embassy	Paris	48.8758	2.3281
GW	GN	embassy	Conakry	9.5511	-13.6730
GW	PT	embassy	Lisbon	38.7005	-9.2126
GW	RU	embassy	Moscow	55.6597	37.6104
GW	TR	embassy	Ankara	39.8952	32.8763
GY	BE	embassy	Woluwe-Saint-Lambert	50.8429	4.4066
GY	BR	embassy	Brasília	-15.8479	-47.9011
GY	CA	high_commission	Ottawa	45.4209	-75.6968
GY	CN	embassy	Beijing	39.9146	116.4430
GY	GB	embassy	London	51.5072	-0.1275
GY	GB	high_commission	City of Westminster	51.5101	-0.1919
GY	IN	high_commission	New Delhi	28.5654	77.1594
GY	SR	embassy	Paramaribo	5.8306	-55.1581
GY	US	embassy	Washington, D.C.	38.9167	-77.0556
GY	VE	embassy	Caracas	10.5103	-66.8546
GY	ZA	high_commission	Pretoria	-25.7440	28.2367
HN	AR	embassy	Buenos Aires	-34.5955	-58.3804
HN	AT	embassy	Vienna	48.1975	16.3742
HN	BE	embassy	Brussels	50.8451	4.3904
HN	BR	embassy	Brasília	-15.8663	-47.8679
HN	CA	embassy	Ottawa	45.4214	-75.6972
HN	CH	embassy	Geneva	46.2200	6.1439
HN	CL	embassy	Las Condes	-33.4164	-70.6024
HN	CO	embassy	Bogotá	4.6994	-74.0390
HN	CR	embassy	San José	9.9368	-84.1361
HN	DE	embassy	Berlin	52.5178	13.3383
HN	EC	embassy	Quito	-0.1727	-78.4756
HN	ES	embassy	Madrid	40.4592	-3.6890
HN	FR	embassy	Paris	48.8713	2.2811
HN	GB	embassy	London	51.5207	-0.1594
HN	IL	embassy	Jerusalem	31.7501	35.1861
HN	IT	embassy	Rome	41.9063	12.4615
HN	IT	embassy	Rome	41.9140	12.4739
HN	JP	embassy	Tokyo	35.6592	139.7219
HN	MX	embassy	Mexico City	19.4074	-99.1737
HN	PA	embassy	Panama City	8.9759	-79.5194
HN	PE	embassy	San Isidro	-12.1076	-77.0559
HN	RU	embassy	Moscow	55.7274	37.6164
HN	TW	embassy	Taipei	25.1172	121.5241
HN	US	embassy	Washington, D.C.	38.9414	-77.0636
HR	AL	embassy	Tirana	41.3180	19.8291
HR	AR	embassy	Buenos Aires	-34.5687	-58.4402
HR	AT	embassy	Vienna	48.1980	16.3783
HR	AU	embassy	Canberra	-35.3528	149.1030
HR	AZ	embassy	Baku	40.3756	49.8509
HR	BA	consulate_general	Mostar	43.3417	17.8004
HR	BA	embassy	Sarajevo	43.8584	18.4159
HR	BE	embassy	Brussels	50.8188	4.3705
HR	BG	embassy	Sofia	42.6956	23.3380
HR	BR	embassy	Brasília	-15.8356	-47.8761
HR	CA	embassy	Ottawa	45.4295	-75.6794
HR	CH	embassy	Bern	46.9414	7.4565
HR	CL	embassy	Providencia	-33.4288	-70.6038
HR	CN	embassy	Beijing	39.9087	116.4392
HR	CZ	embassy	Prague	50.0948	14.3721
HR	DE	embassy	Berlin	52.5016	13.3523
HR	DZ	embassy	Hydra	36.7478	3.0355
HR	EG	embassy	Cairo	30.0635	31.2162
HR	ES	embassy	Madrid	40.4302	-3.6857
HR	FI	embassy	Helsinki	60.1664	24.9358
HR	FR	embassy	Paris	48.8661	2.2773
HR	GB	embassy	London	51.5233	-0.1412
HR	GR	embassy	Filothei-Psychiko Municipality	38.0094	23.7835
HR	HU	embassy	Budapest District VI	47.5133	19.0724
HR	ID	embassy	Jakarta	-6.2243	106.8170
HR	IE	embassy	Dublin	53.3394	-6.2677
HR	IL	embassy	Tel Aviv	32.0776	34.7891
HR	IN	embassy	New Delhi	28.5735	77.1633
HR	IQ	embassy	Baghdad	33.3153	44.3661
HR	IR	embassy	Tehran	35.7715	51.4583
HR	IT	embassy	Rome	41.9025	12.4599
HR	IT	embassy	Rome	41.9451	12.4644
HR	JP	embassy	Shibuya	35.6552	139.7151
HR	KR	embassy	Seoul	37.5610	126.9946
HR	KW	embassy	Kuwait City	29.2798	48.0397
HR	KZ	embassy	Astana	51.1472	71.4245
HR	LT	embassy	Vilnius	54.6822	25.2698
HR	MA	embassy	Rabat	33.9856	-6.8350
HR	ME	embassy	Podgorica	42.4487	19.2339
HR	MK	embassy	Skopje	41.9997	21.3969
HR	MY	embassy	Kuala Lumpur	3.1617	101.7204
HR	NO	embassy	Oslo	59.9139	10.7025
HR	PL	embassy	Warsaw	52.1929	21.0200
HR	PT	embassy	Lisbon	38.6993	-9.2116
HR	QA	embassy	Doha	25.3597	51.5001
HR	RO	embassy	Bucharest	44.4365	26.1181
HR	RS	embassy	Belgrade	44.8027	20.4561
HR	RU	embassy	Moscow	55.7406	37.5978
HR	SE	embassy	Stockholm	59.3300	18.0764
HR	SI	embassy	Ljubljana	46.0422	14.5137
HR	SK	embassy	Bratislava	48.1512	17.1005
HR	TR	embassy	Ankara	39.8909	32.8524
HR	UA	embassy	Kyiv	50.4557	30.4947
HR	US	embassy	Washington, D.C.	38.9136	-77.0521
HR	XK	embassy	Pristina	42.6643	21.1585
HR	ZA	embassy	Pretoria	-25.7589	28.2395
HT	AR	embassy	Buenos Aires	-34.5782	-58.4022
HT	BE	embassy	Saint-Gilles	50.8282	4.3552
HT	BR	embassy	Brasília	-15.8495	-47.8862
HT	BS	embassy	Nassau	25.0745	-77.3295
HT	CA	embassy	Ottawa	45.4221	-75.6958
HT	CL	embassy	Santiago	-33.4554	-70.6666
HT	CO	embassy	Bogotá	4.6781	-74.0448
HT	CU	embassy	Havana	23.1133	-82.4296
HT	DE	embassy	Berlin	52.5051	13.3254
HT	DO	embassy	Santo Domingo	18.4644	-69.9106
HT	EC	embassy	Quito	-0.1850	-78.4782
HT	ES	embassy	Madrid	40.4282	-3.6903
HT	FR	consulate_general	Cayenne	4.9386	-52.3350
HT	FR	consulate_general	Paris	48.8829	2.3085
HT	FR	consulate_general	Pointe-à-Pitre	16.2411	-61.5331
HT	FR	embassy	Paris	48.8798	2.3005
HT	GB	embassy	London	51.5172	-0.1442
HT	IT	embassy	Rome	41.9093	12.5055
HT	IT	embassy	Rome	41.9093	12.5056
HT	JP	embassy	Minato	35.6592	139.7219
HT	MA	embassy	Rabat	33.9964	-6.8451
HT	MX	embassy	Mexico City	19.4111	-99.2302
HT	PA	embassy	Panama City	8.9862	-79.5154
HT	QA	embassy	Doha	25.3492	51.5188
HT	SR	consulate	Paramaribo	5.8267	-55.1532
HT	TW	embassy	Taipei	25.1172	121.5241
HT	US	embassy	Washington, D.C.	38.9131	-77.0513
HT	VE	embassy	Caracas	10.5081	-66.8525
HT	ZA	embassy	Pretoria	-25.7402	28.2209
HU	AL	embassy	Tirana	41.3099	19.8380
HU	AO	embassy	Luanda	-8.9206	13.2024
HU	AR	embassy	Buenos Aires	-34.5950	-58.3799
HU	AT	consulate_general	Innsbruck	47.2593	11.3901
HU	AT	embassy	Innere Stadt	48.2104	16.3632
HU	AU	embassy	Canberra	-35.3250	149.0908
HU	AZ	embassy	Baku	40.3671	49.8356
HU	BA	embassy	Sarajevo Canton	43.8512	18.4042
HU	BE	embassy	Brussels	50.8009	4.3695
HU	BG	embassy	Stolichna Municipality	42.6856	23.3258
HU	BR	embassy	Brasília	-15.8153	-47.8852
HU	BY	embassy	Minsk	53.9043	27.5891
HU	CA	consulate_general	Montreal	45.5033	-73.5868
HU	CA	consulate_general	Toronto	43.6704	-79.3824
HU	CA	embassy	Ottawa	45.4149	-75.6909
HU	CH	consulate	Geneva	46.2000	6.1500
HU	CH	embassy	Bern	46.9428	7.4648
HU	CL	embassy	Providencia	-33.4398	-70.6003
HU	CN	consulate_general	Shanghai	31.2325	121.4692
HU	CN	embassy	Beijing	39.9390	116.4509
HU	CO	embassy	Bogotá	4.6584	-74.0534
HU	CU	embassy	Plaza de la Revolución	23.1377	-82.3896
HU	CZ	embassy	Traubova vila	50.0951	14.3910
HU	DE	consulate_general	Munich	48.1497	11.6007
HU	DE	consulate_general	Stuttgart	48.7775	9.1800
HU	DE	embassy	Berlin	52.5168	13.3810
HU	DZ	embassy	Algiers	36.7451	3.0505
HU	EC	embassy	Quito	-0.1923	-78.4810
HU	EE	embassy	Tallinn	59.4333	24.7595
HU	EG	embassy	Cairo	30.0690	31.2222
HU	ES	consulate_general	Barcelona	41.3825	2.1769
HU	ES	embassy	Madrid	40.4292	-3.6910
HU	FI	embassy	Helsinki	60.1831	24.8577
HU	FR	embassy	Paris	48.8730	2.2780
HU	GB	embassy	London	51.4973	-0.1526
HU	GE	embassy	Tbilisi	41.7315	44.7577
HU	GH	embassy	Accra	5.5764	-0.1718
HU	GR	embassy	Athens Municipality	37.9723	23.7437
HU	HR	consulate_general	Osijek	45.5609	18.6870
HU	HR	embassy	Zagreb	45.8221	15.9703
HU	ID	embassy	Jakarta	-6.2354	106.8274
HU	IE	embassy	Dublin	53.3343	-6.2513
HU	IL	embassy	Tel Aviv	32.0909	34.7852
HU	IN	embassy	New Delhi	28.5851	77.1882
HU	IQ	embassy	Baghdad	33.3153	44.3661
HU	IR	embassy	Tehran	35.6889	51.3897
HU	IT	embassy	Rome	41.9092	12.5083
HU	IT	embassy	Rome	41.9108	12.5053
HU	JP	consulate	Osaka	34.6956	135.5008
HU	JP	embassy	Tokyo	35.6484	139.7412
HU	KE	embassy	Nairobi	-1.2656	36.7722
HU	KG	embassy	Bishkek	42.8719	74.6206
HU	KR	embassy	Seoul	37.5266	126.9961
HU	KW	embassy	Kuwait City	29.3750	47.9800
HU	LB	embassy	Beirut	33.8947	35.4914
HU	LT	embassy	Vilnius	54.6866	25.2790
HU	LV	embassy	Riga	56.9575	24.1217
HU	LY	embassy	Tripoli	32.8875	13.1875
HU	MA	embassy	Rabat	34.0211	-6.8414
HU	MD	embassy	Chișinău	47.0300	28.8303
HU	ME	embassy	Podgorica	42.4327	19.2585
HU	MN	embassy	Ulaanbaatar	47.9224	106.9210
HU	MX	embassy	Mexico City	19.4097	-99.2283
HU	NG	embassy	Q3787	9.0556	7.4914
HU	NO	embassy	Oslo Municipality	59.9158	10.7071
HU	NZ	embassy	Wellington	-41.2851	174.7762
HU	PE	embassy	Lima	-12.0961	-77.0480
HU	PH	embassy	Manila	14.5436	121.0471
HU	PL	consulate_general	Gdańsk	54.3599	18.6494
HU	PL	consulate_general	Kraków	50.0642	19.9500
HU	PL	embassy	Warsaw	52.2230	21.0238
HU	PT	embassy	Lisbon	38.7028	-9.1867
HU	RO	consulate_general	Cluj-Napoca	46.7706	23.5892
HU	RO	consulate_general	Miercurea Ciuc	46.3582	25.8052
HU	RO	embassy	Bucharest	44.4421	26.1043
HU	RS	embassy	Belgrade	44.8034	20.4727
HU	RU	consulate_general	Saint Petersburg	59.9291	30.3535
HU	RU	consulate_general	Yekaterinburg	56.8338	60.6104
HU	RU	embassy	Moscow	55.7157	37.5137
HU	SA	embassy	Riyadh	24.7408	46.7093
HU	SE	embassy	Östermalm city district	59.3322	18.1007
HU	SG	embassy	Singapore	1.2940	103.8534
HU	SI	consulate_general	Lendava	46.5538	16.4390
HU	SI	embassy	Ljubljana City Municipality	46.0905	14.4689
HU	SK	consulate_general	Q25409	48.7225	21.2573
HU	SK	embassy	Bratislava	48.1488	17.1069
HU	TD	embassy	N'Djamena	12.1257	15.0336
HU	TH	embassy	Bangkok	13.7431	100.5480
HU	TN	embassy	Tunis	36.8322	10.1578
HU	TR	consulate_general	Istanbul	41.0734	28.9684
HU	TR	embassy	Istanbul	39.8722	32.8663
HU	UA	consulate	Berehove	48.2023	22.6389
HU	UA	consulate_general	Uzhhorod	48.6200	22.2996
HU	UA	embassy	Kyiv	50.4533	30.5087
HU	US	consulate_general	Cleveland	41.4992	-81.6947
HU	US	consulate_general	Los Angeles	34.0522	-118.2437
HU	US	consulate_general	New York City	40.7567	-73.9688
HU	US	embassy	Washington, D.C.	38.9400	-77.0531
HU	VN	consulate_general	Ho Chi Minh City	10.7818	106.7062
HU	VN	embassy	Hanoi	21.0499	105.8389
HU	ZA	embassy	Pretoria	-25.7486	28.2282
ID	AE	consulate_general	Dubai	25.2697	55.3094
ID	AE	embassy	Abu Dhabi	24.4273	54.4308
ID	AF	embassy	Kabul	34.5287	69.1644
ID	AR	embassy	Buenos Aires	-34.5794	-58.4000
ID	AT	embassy	Vienna	48.2324	16.3390
ID	AU	consulate	Darwin	-12.4381	130.8411
ID	AU	consulate_general	City of Perth	-31.9599	115.8729
ID	AU	consulate_general	Melbourne	-37.8142	144.9631
ID	AU	consulate_general	New South Wales	-32.0000	147.0000
ID	AU	embassy	Canberra	-35.3040	149.1166
ID	AZ	embassy	Baku	40.3948	49.8210
ID	BA	embassy	Centar Municipality	43.8505	18.4035
ID	BD	embassy	Dhaka	23.7958	90.4124
ID	BE	embassy	Woluwe-Saint-Lambert	50.8385	4.4347
ID	BG	embassy	Stolichna Municipality	42.6494	23.3364
ID	BH	embassy	Manama	26.2107	50.6149
ID	BN	embassy	Bandar Seri Begawan	4.9225	114.9584
ID	BR	embassy	Brasília	-15.8164	-47.8852
ID	CA	consulate_general	Toronto	43.6703	-79.3867
ID	CA	consulate_general	Vancouver	49.2904	-123.1320
ID	CA	embassy	Ottawa	45.4103	-75.7342
ID	CH	embassy	Bern	46.9372	7.4661
ID	CL	embassy	Providencia	-33.4215	-70.6129
ID	CN	consulate_general	Guangzhou	23.1300	113.2600
ID	CN	consulate_general	Hong Kong	22.2783	114.1586
ID	CN	consulate_general	Shanghai	31.2325	121.4692
ID	CN	embassy	Beijing	39.9393	116.4536
ID	CO	embassy	Bogotá	4.6535	-74.0580
ID	CU	embassy	Havana	23.1207	-82.4231
ID	CZ	embassy	Smíchov	50.0711	14.3729
ID	DE	consulate_general	Frankfurt	50.1106	8.6822
ID	DE	consulate_general	Hamburg	53.5500	10.0000
ID	DE	embassy	Berlin	52.5294	13.3634
ID	DZ	embassy	El Mouradia	36.7534	3.0448
ID	EC	embassy	Quito	-0.1879	-78.4751
ID	EG	embassy	Cairo	30.0349	31.2311
ID	ES	embassy	Madrid	40.4484	-3.6538
ID	ET	embassy	Addis Ababa	8.9880	38.7372
ID	FI	embassy	Helsinki	60.1873	24.8681
ID	FJ	embassy	Suva	-18.1442	178.4267
ID	FR	consulate_general	Marseille	43.2686	5.3865
ID	FR	consulate_general	Nouméa	-22.2854	166.4460
ID	FR	embassy	Paris	48.8603	2.2784
ID	GB	embassy	London	51.4971	-0.1310
ID	GR	embassy	Palaio Psychiko	38.0116	23.7812
ID	HR	embassy	Zagreb	45.8249	15.9808
ID	HU	embassy	Budapest District VI	47.5097	19.0763
ID	IN	consulate_general	Mumbai	19.0758	72.8775
ID	IN	embassy	New Delhi	28.6022	77.1949
ID	IQ	embassy	Baghdad	33.3140	44.4381
ID	IR	embassy	Tehran	35.7264	51.4184
ID	IT	embassy	Rome	41.8195	12.4656
ID	IT	embassy	Rome	41.9104	12.4935
ID	JO	embassy	Amman	31.9475	35.8740
ID	JP	consulate_general	Osaka	34.6881	135.4849
ID	JP	embassy	Shinagawa	35.6092	139.7302
ID	KE	embassy	Nairobi	-1.2999	36.8111
ID	KH	embassy	Phnom Penh	11.5575	104.9301
ID	KP	embassy	Taedonggang-guyok	39.0229	125.7896
ID	KR	embassy	Seoul	37.5186	126.9317
ID	KW	embassy	Kuwait City	29.3541	48.0099
ID	KZ	embassy	Astana	51.1342	71.4248
ID	LA	embassy	Vientiane	17.9733	102.6222
ID	LB	embassy	Baabda	33.8452	35.5418
ID	LK	embassy	Colombo	6.9019	79.8753
ID	LY	embassy	Tripoli	32.8389	13.0821
ID	MA	embassy	Rabat	33.9539	-6.8214
ID	MG	embassy	Antananarivo	-18.8791	47.5227
ID	MM	embassy	Yangon	16.7897	96.1419
ID	MX	embassy	Mexico City	19.4280	-99.1970
ID	MY	consulate	Tawau	4.2537	117.9351
ID	MY	consulate_general	George Town	5.4145	100.3292
ID	MY	consulate_general	Johor Bahru	1.4556	103.7611
ID	MY	consulate_general	Kota Kinabalu District	5.9704	116.0707
ID	MY	consulate_general	Kuching	1.5522	110.3567
ID	MY	embassy	Kuala Lumpur	3.1467	101.7219
ID	MZ	embassy	Maputo	-25.9609	32.5997
ID	NA	embassy	Windhoek	-22.5595	17.0963
ID	NG	embassy	Q3787	9.0950	7.4949
ID	NO	embassy	Oslo	59.9165	10.7048
ID	NZ	embassy	Wellington	-41.2885	174.7631
ID	OM	embassy	Muscat	23.6075	58.4520
ID	PA	embassy	Panama City	8.9844	-79.5203
ID	PE	embassy	San Isidro	-12.0952	-77.0475
ID	PG	consulate	Vanimo	-2.6817	141.3014
ID	PG	embassy	Port Moresby	-9.4335	147.1922
ID	PH	consulate_general	Davao City	7.0662	125.6094
ID	PH	embassy	Q1508	14.5581	121.0151
ID	PK	consulate_general	Karachi	24.8600	67.0100
ID	PK	embassy	Islamabad	33.7223	73.1035
ID	PL	embassy	Warsaw	52.2364	21.0485
ID	PT	embassy	Lisbon	38.7000	-9.2244
ID	QA	embassy	Doha	25.3492	51.5113
ID	RO	embassy	Bucharest	44.4565	26.0891
ID	RS	embassy	Belgrade	44.7875	20.4559
ID	RU	embassy	Moscow	55.7381	37.6303
ID	SA	consulate_general	Jeddah	21.5292	39.1611
ID	SA	embassy	Riyadh	24.6814	46.6250
ID	SD	embassy	Khartoum	15.5728	32.5480
ID	SE	embassy	Stockholm	59.3317	18.0494
ID	SG	embassy	Singapore	1.2993	103.8227
ID	SK	embassy	Bratislava	48.1640	17.0856
ID	SN	embassy	Dakar	14.7043	-17.4777
ID	SR	embassy	Paramaribo	5.8273	-55.1925
ID	SY	embassy	Damascus	33.4969	36.2508
ID	TH	consulate	Songkhla	7.2061	100.5967
ID	TH	embassy	Bangkok	13.7512	100.5366
ID	TL	embassy	Dili	-8.5504	125.5654
ID	TN	embassy	Tunis	36.8354	10.2310
ID	TR	consulate_general	Istanbul	41.0100	28.9603
ID	TR	embassy	Ankara	39.8702	32.8559
ID	TZ	embassy	Dar es Salaam	-6.8073	39.2861
ID	UA	embassy	Kyiv	50.4163	30.4862
ID	US	consulate_general	Chicago	41.8819	-87.6278
ID	US	consulate_general	Los Angeles	34.0522	-118.2437
ID	US	consulate_general	New York City	40.7128	-74.0061
ID	US	consulate_general	San Francisco	37.7750	-122.4194
ID	US	consulate_general	Texas	29.7285	-95.5686
ID	US	embassy	Washington, D.C.	38.9100	-77.0464
ID	UZ	embassy	Tashkent	41.3079	69.2890
ID	VE	embassy	Municipio Baruta	10.4534	-66.8883
ID	VN	consulate_general	Ho Chi Minh City	10.7756	106.7019
ID	VN	embassy	Hanoi	21.0209	105.8537
ID	ZA	consulate_general	Cape Town	-33.9968	18.4780
ID	ZA	embassy	Pretoria	-25.7471	28.2271
ID	ZW	embassy	Harare	-17.7962	31.0465
IE	AE	embassy	Abu Dhabi	24.4629	54.3423
IE	AR	embassy	Buenos Aires	-34.5864	-58.3868
IE	AT	embassy	Vienna	48.2107	16.3752
IE	AU	embassy	Canberra	-35.3066	149.1133
IE	BE	embassy	Etterbeek	50.8392	4.3819
IE	BG	embassy	Sofia	42.7006	23.3266
IE	BR	embassy	Brasília	-15.8320	-47.8649
IE	CA	embassy	Ottawa	45.4213	-75.6971
IE	CH	embassy	Bern	46.9402	7.4555
IE	CL	embassy	Las Condes	-33.4178	-70.5992
IE	CN	embassy	Beijing	39.9094	116.4409
IE	CO	embassy	Bogotá	4.6936	-74.0341
IE	CY	embassy	Nicosia	35.1624	33.3555
IE	CZ	embassy	Prague	50.0872	14.4020
IE	DE	embassy	Berlin	52.5144	13.3947
IE	EE	embassy	Tallinn	59.4336	24.7569
IE	EG	embassy	Cairo	30.0586	31.2210
IE	ES	embassy	Madrid	40.4342	-3.6878
IE	ET	embassy	Addis Ababa	9.0152	38.7680
IE	FI	embassy	Helsinki	60.1649	24.9442
IE	FR	embassy	Paris	48.8741	2.2914
IE	GB	embassy	City of Westminster	51.5004	-0.1498
IE	GR	embassy	Athens	37.9706	23.7405
IE	HR	embassy	Zagreb	45.8022	15.9749
IE	HU	embassy	Budapest District V	47.5027	19.0520
IE	ID	embassy	Jakarta	-6.2152	106.8203
IE	IL	embassy	Ramat Gan	32.0826	34.8015
IE	IN	embassy	New Delhi	28.6023	77.1850
IE	IT	embassy	Rome	41.8877	12.4644
IE	IT	embassy	Rome	41.9030	12.4601
IE	JO	embassy	Amman	31.9586	35.8571
IE	JP	embassy	Yotsuya‐Honshiochō	35.6884	139.7283
IE	KE	embassy	Nairobi	-1.2626	36.7664
IE	KR	embassy	Seoul	37.5739	126.9789
IE	LR	embassy	Monrovia	6.2895	-10.7830
IE	LT	embassy	Vilnius	54.6862	25.2860
IE	LU	embassy	Luxembourg	49.6149	6.1148
IE	LV	embassy	Riga	56.9593	24.1082
IE	MT	embassy	Ta' Xbiex	35.8981	14.4967
IE	MW	embassy	Lilongwe	-13.9628	33.7949
IE	MX	embassy	Mexico City	19.4308	-99.2075
IE	MY	embassy	Kuala Lumpur	3.1611	101.7282
IE	MZ	embassy	Maputo	-25.9494	32.6068
IE	NG	embassy	Q3787	9.0932	7.4778
IE	NO	embassy	Oslo	59.9130	10.7319
IE	NZ	embassy	Wellington	-41.2888	174.7759
IE	PL	embassy	Warsaw	52.2303	21.0201
IE	PT	embassy	Lisbon	38.7213	-9.1458
IE	RO	embassy	Bucharest	44.4488	26.0832
IE	RU	embassy	Moscow	55.7774	37.6384
IE	SA	embassy	Riyadh	24.6876	46.6238
IE	SE	embassy	Stockholm	59.3297	18.0781
IE	SG	embassy	Singapore	1.2834	103.8471
IE	SI	embassy	Ljubljana	46.0516	14.5118
IE	SK	embassy	Bratislava	48.1412	17.1093
IE	SL	embassy	Freetown	8.4719	-13.2716
IE	TH	embassy	Bangkok	13.7394	100.5464
IE	TR	embassy	Ankara	39.8956	32.8793
IE	TZ	embassy	Dar es Salaam	-6.7544	39.2874
IE	UA	embassy	Kyiv	50.4500	30.5236
IE	UG	embassy	Kampala	0.3268	32.5840
IE	US	embassy	Washington, D.C.	38.8950	-77.0367
IE	VN	embassy	Hanoi	21.0288	105.8557
IE	ZA	embassy	Pretoria	-25.7703	28.2360
IE	ZM	embassy	Lusaka	-15.3856	28.3105
IL	AE	embassy	Abu Dhabi	24.4594	54.3214
IL	AL	embassy	Tirana	41.3261	19.8160
IL	AO	embassy	Luanda	-8.8095	13.2396
IL	AR	embassy	Buenos Aires	-34.6086	-58.3767
IL	AR	embassy	Monserrat	-34.6125	-58.3833
IL	AT	embassy	Vienna	48.2300	16.3414
IL	AU	embassy	Canberra	-35.3078	149.1140
IL	AZ	embassy	Baku	40.3885	49.8244
IL	BE	embassy	Uccle	50.8035	4.3708
IL	BG	embassy	Stolichna Municipality	42.6833	23.3161
IL	BH	embassy	Manama	26.2394	50.5813
IL	BR	embassy	Brasília	-15.8114	-47.8826
IL	BY	embassy	Minsk	53.8847	27.5833
IL	CA	consulate_general	Westmount	45.4814	-73.6006
IL	CA	embassy	Ottawa	45.4212	-75.6987
IL	CH	embassy	Bern	46.9417	7.4584
IL	CI	embassy	Abidjan	5.3232	-4.0185
IL	CL	embassy	Las Condes	-33.4063	-70.5743
IL	CM	embassy	Yaoundé	3.8924	11.5155
IL	CN	consulate_general	Hong Kong	22.2791	114.1656
IL	CN	embassy	Maizidian Subdistrict	39.9510	116.4616
IL	CO	embassy	Bogotá	4.6449	-74.0992
IL	CR	embassy	San José	9.9360	-84.0964
IL	CY	embassy	Nicosia	35.1632	33.3491
IL	CZ	embassy	Prague	50.0969	14.4084
IL	DE	consulate_general	Maxvorstadt	48.1459	11.5685
IL	DE	embassy	Berlin	52.4834	13.2887
IL	DO	embassy	Santo Domingo	18.4508	-69.9526
IL	EC	embassy	Quito	-0.2025	-78.4828
IL	EG	embassy	Cairo	29.9584	31.2604
IL	ES	embassy	Madrid	40.4431	-3.6822
IL	ET	embassy	Addis Ababa	9.0217	38.8056
IL	FI	embassy	Helsinki	60.1686	24.9364
IL	FR	consulate_general	Marseille	43.2967	5.3764
IL	FR	embassy	Paris	48.8710	2.3122
IL	GB	embassy	London	51.5031	-0.1894
IL	GE	embassy	Tbilisi	41.7177	44.7906
IL	GH	embassy	Accra	5.5997	-0.1764
IL	GR	embassy	Palaio Psychiko	37.9986	23.7691
IL	GT	embassy	Guatemala City	14.5905	-90.5106
IL	HR	embassy	Zagreb	45.8029	16.0091
IL	HU	embassy	Budapest District II	47.5241	19.0082
IL	IE	embassy	Dublin	53.3323	-6.2322
IL	IN	consulate_general	Bengaluru	12.9831	77.6249
IL	IN	consulate_general	Mumbai	18.9249	72.8210
IL	IN	embassy	New Delhi	28.6016	77.2212
IL	IR	embassy	Tehran	35.7045	51.4035
IL	IT	embassy	Rome	41.9195	12.4844
IL	IT	embassy	Rome	41.9195	12.4845
IL	JO	embassy	Amman	31.9823	35.8781
IL	JP	embassy	Chiyoda	35.6860	139.7377
IL	KE	embassy	Nairobi	-1.2912	36.8096
IL	KR	embassy	Jongno District	9.0546	7.5274
IL	KZ	embassy	Astana	51.1647	71.4254
IL	LT	embassy	Vilnius	54.6964	25.2780
IL	LV	embassy	Riga	56.9651	24.1175
IL	MM	embassy	Yangon	16.8391	96.1335
IL	MX	embassy	Mexico City	19.4246	-99.2074
IL	NG	embassy	Q3787	9.0546	7.5274
IL	NO	embassy	Oslo	59.9194	10.7259
IL	NP	embassy	Kathmandu	27.7221	85.3218
IL	NZ	embassy	Wellington	-41.2830	174.7760
IL	PA	embassy	Panama City	8.9771	-79.5220
IL	PE	embassy	Lima	-12.0939	-77.0273
IL	PH	embassy	Taguig	14.5585	121.0574
IL	PL	embassy	Warsaw	52.2183	21.0003
IL	PT	embassy	Lisbon	38.7346	-9.1484
IL	RO	embassy	Bucharest	44.4253	26.1046
IL	RS	embassy	Belgrade	44.7740	20.4562
IL	RU	embassy	Moscow	55.7336	37.6236
IL	SE	embassy	Stockholm	59.3318	18.0969
IL	SG	embassy	Singapore	1.3144	103.8230
IL	SK	embassy	Bratislava	48.1538	17.0782
IL	SN	embassy	Dakar	14.6691	-17.4326
IL	SV	embassy	San Salvador	13.7006	-89.2227
IL	TH	embassy	Bangkok	13.7429	100.5614
IL	TR	embassy	Ankara	39.9123	32.8046
IL	UA	embassy	Kyiv	50.4217	30.5447
IL	US	consulate_general		25.7756	-80.1882
IL	US	consulate_general		41.8823	-87.6404
IL	US	consulate_general		42.3513	-71.0690
IL	US	consulate_general	Houston	29.7301	-95.4408
IL	US	consulate_general	Manhattan	40.7502	-73.9717
IL	US	consulate_general	San Francisco	37.7936	-122.4028
IL	US	embassy	Washington, D.C.	38.9425	-77.0683
IL	UY	embassy	Montevideo	-34.9038	-56.1351
IL	UZ	embassy	Tashkent	41.2862	69.2574
IL	VN	embassy	Hanoi	21.0259	105.8461
IL	ZA	embassy	Pretoria	-25.7592	28.2628
IN	AE	embassy	Abu Dhabi	24.4258	54.4334
IN	AF	consulate_general	Herat	34.3419	62.2031
IN	AF	consulate_general	Jalalabad	34.4303	70.4528
IN	AF	consulate_general	Kandahar	31.6207	65.7159
IN	AF	consulate_general	Mazar-i-Sharif	36.7000	67.1167
IN	AF	embassy	Kabul	34.5317	69.1822
IN	AM	embassy	Yerevan	40.1833	44.4975
IN	AO	embassy	Luanda	-8.8289	13.2376
IN	AR	consulate	Córdoba	-31.4167	-64.1833
IN	AR	embassy	Buenos Aires	-34.5965	-58.3707
IN	AT	embassy	Vienna	48.2020	16.3700
IN	AU	consulate	Brisbane	-27.4678	153.0278
IN	AU	consulate_general	City of Perth	-31.9500	115.8500
IN	AU	consulate_general	Melbourne	-37.8142	144.9631
IN	AU	consulate_general	New South Wales	-32.0000	147.0000
IN	AU	high_commission	Canberra	-35.3083	149.1168
IN	AZ	embassy	Baku	40.4044	49.8404
IN	BD	high_commission	Chittagong	22.3350	91.8325
IN	BD	high_commission	Dhaka	23.7947	90.4227
IN	BD	high_commission	Khulna	22.8167	89.5500
IN	BD	high_commission	Rajshahi	24.3667	88.6000
IN	BD	high_commission	Sylhet	24.9000	91.8667
IN	BE	consulate_general	Antwerp	51.2211	4.3997
IN	BE	embassy	Ixelles	50.8201	4.3660
IN	BF	embassy	Ouagadougou	12.3084	-1.5182
IN	BG	embassy	Sofia	42.6790	23.3577
IN	BH	embassy	Manama	26.2349	50.5453
IN	BN	high_commission	Bandar Seri Begawan	4.9470	114.9631
IN	BR	consulate	Belo Horizonte	-19.9281	-43.9419
IN	BR	consulate_general	Rio de Janeiro	-22.9111	-43.2056
IN	BR	consulate_general	São Paulo	-23.5504	-46.6339
IN	BR	embassy	Brasília	-15.8189	-47.8879
IN	BT	consulate_general	Phuntsholing	26.8500	89.3833
IN	BT	embassy	Thimphu	27.5026	89.6373
IN	BW	high_commission	Gaborone	-24.6532	25.9104
IN	BY	embassy	Minsk	53.9447	27.5865
IN	BZ	consulate	Belize City	17.4986	-88.1886
IN	CA	consulate_general	Toronto	43.6703	-79.3867
IN	CA	consulate_general	Vancouver	49.2608	-123.1139
IN	CA	high_commission	Ottawa	45.4401	-75.6768
IN	CD	embassy	Kinshasa	-4.3160	15.2777
IN	CG	embassy	Brazzaville	-4.2699	15.2764
IN	CH	embassy	Bern	46.9400	7.4505
IN	CI	embassy	Abidjan	5.3343	-3.9566
IN	CL	embassy	Las Condes	-33.4244	-70.5865
IN	CM	high_commission	Yaoundé	3.8940	11.5202
IN	CN	consulate	Lhasa	29.6500	91.1000
IN	CN	consulate_general	Guangzhou	23.1300	113.2600
IN	CN	consulate_general	Shanghai	31.2139	121.4253
IN	CN	embassy	Beijing	39.9522	116.4613
IN	CO	embassy	Bogotá	4.6936	-74.0341
IN	CU	embassy	Havana	23.1400	-82.3856
IN	CY	high_commission	Nicosia	35.1608	33.3210
IN	CZ	embassy	Prague	50.0976	14.4087
IN	DE	consulate	Stuttgart	48.7775	9.1800
IN	DE	consulate_general	Frankfurt	50.1106	8.6822
IN	DE	consulate_general	Hamburg	53.5500	10.0000
IN	DE	consulate_general	Munich	48.1403	11.5935
IN	DE	embassy	Berlin	52.5094	13.3621
IN	DJ	embassy	Djibouti	11.5615	43.1676
IN	DO	embassy	Santo Domingo	18.4713	-69.9413
IN	DZ	embassy	Algiers	36.7635	3.0347
IN	EE	embassy	Tallinn	59.4329	24.7612
IN	EG	consulate	Alexandria	31.1975	29.8925
IN	EG	embassy	Cairo	30.0601	31.2247
IN	ER	embassy	Asmara	15.3354	38.9371
IN	ES	embassy	Madrid	40.4667	-3.6744
IN	ET	embassy	Addis Ababa	9.0298	38.7761
IN	FI	embassy	Helsinki	60.1844	25.0092
IN	FJ	high_commission	Suva	-18.1414	178.4242
IN	FR	consulate_general	Saint-Denis	-20.8823	55.4614
IN	FR	embassy	Paris	48.8607	2.2707
IN	GB	high_commission	City of Westminster	51.5124	-0.1183
IN	GH	high_commission	Accra	5.6018	-0.1904
IN	GN	embassy	Dixinn	9.5338	-13.6897
IN	GQ	embassy	Malabo	3.7521	8.7547
IN	GR	consulate	Thessaloniki	40.6403	22.9356
IN	GR	embassy	Athens	37.9724	23.7409
IN	GT	embassy	Guatemala City	14.5958	-90.5091
IN	GY	high_commission	Georgetown	6.8094	-58.1488
IN	HR	embassy	Zagreb	45.8454	15.9379
IN	HU	embassy	Budapest	47.5254	19.0164
IN	ID	consulate_general	Denpasar	-8.6717	115.2339
IN	ID	consulate_general	Medan	3.5894	98.6739
IN	ID	embassy	Jakarta	-6.2340	106.8294
IN	IE	embassy	Dublin	53.3221	-6.2186
IN	IL	embassy	Tel Aviv	32.0830	34.7692
IN	IQ	consulate_general	Erbil	36.1911	44.0094
IN	IQ	embassy	Baghdad	33.3094	44.3460
IN	IR	consulate	Bandar Abbas	27.1864	56.2808
IN	IR	consulate	Zahedan	29.4929	60.8503
IN	IR	embassy	Tehran	35.7280	51.4254
IN	IS	consulate	Akureyri	65.6835	-18.0878
IN	IS	embassy	Reykjavík	64.1475	-21.9453
IN	IT	consulate_general	Milan	45.4669	9.1900
IN	IT	embassy	Rome	41.9027	12.4915
IN	JM	high_commission	Kingston	18.0401	-76.7828
IN	JO	embassy	Amman	31.9445	35.8773
IN	JP	consulate_general	Osaka	34.6814	135.5068
IN	JP	embassy	Chiyoda	35.6939	139.7472
IN	KE	high_commission	Mombasa	-4.0500	39.6667
IN	KE	high_commission	Nairobi	-1.2884	36.8261
IN	KG	embassy	Bishkek	42.8844	74.5755
IN	KH	embassy	Phnom Penh	11.5599	104.9216
IN	KP	embassy	Pyongyang	39.0219	125.7927
IN	KR	consulate_general	Busan	35.1800	129.0750
IN	KR	embassy	Seoul	37.5355	127.0111
IN	KW	embassy	Kuwait City	29.3649	48.0209
IN	KZ	embassy	Astana	51.1462	71.4235
IN	LA	embassy	Vientiane	17.9554	102.6318
IN	LB	embassy	Beirut	33.8969	35.4823
IN	LK	high_commission	Colombo	6.9193	79.8464
IN	LR	embassy	Monrovia	6.3095	-10.8107
IN	LY	embassy	Tripoli	32.8866	13.2119
IN	MA	embassy	Rabat	33.9651	-6.8525
IN	MG	embassy	Antananarivo	-18.9074	47.5214
IN	ML	embassy	Bamako	12.6256	-7.9885
IN	MM	embassy	Yangon	16.7714	96.1612
IN	MN	embassy	Ulaanbaatar	47.9237	106.9286
IN	MT	high_commission	Santa Venera	35.8949	14.4735
IN	MU	high_commission	Port Louis	-20.1630	57.4998
IN	MV	high_commission	Malé	4.1783	73.5136
IN	MW	high_commission	Lilongwe	-13.9805	33.7534
IN	MX	consulate	Cancun	21.1614	-86.8248
IN	MX	consulate	Guadalajara	20.6764	-103.3422
IN	MX	consulate	Monterrey	25.6844	-100.3181
IN	MX	embassy	Mexico City	19.4367	-99.1962
IN	MY	high_commission	Kuala Lumpur	3.1855	101.7015
IN	MZ	high_commission	Maputo	-25.9566	32.5957
IN	NA	high_commission	Windhoek	-22.5605	17.0969
IN	NE	embassy	Niamey	13.5281	2.0691
IN	NG	high_commission	Q3787	9.0448	7.4575
IN	NO	embassy	Oslo	59.9142	10.7116
IN	NP	embassy	Kathmandu	27.7239	85.3178
IN	NZ	high_commission	Wellington	-41.2801	174.7757
IN	NZ	high_commission	Wellington City	-41.2750	174.7790
IN	OM	embassy	Muscat	23.6066	58.4365
IN	PA	embassy	Panama City	8.9801	-79.5275
IN	PE	embassy	San Isidro	-12.0970	-77.0556
IN	PG	high_commission	Port Moresby	-9.4756	147.1612
IN	PH	embassy	Q1508	14.5447	121.0234
IN	PK	consulate_general	Clifton	24.8167	67.0333
IN	PK	high_commission	Islamabad	33.7223	73.1082
IN	PL	embassy	Warsaw	52.2179	21.0381
IN	PT	embassy	Lisbon	38.7037	-9.2095
IN	PY	consulate	Asunción	-25.2800	-57.6344
IN	QA	embassy	Doha	25.3296	51.5174
IN	RO	embassy	Bucharest	44.4618	26.0869
IN	RS	embassy	Belgrade	44.7741	20.4600
IN	RU	consulate_general	Vladivostok	43.1033	131.8693
IN	RU	embassy	Moscow	55.7528	37.6500
IN	RW	high_commission	Kigali	-1.9365	30.1002
IN	SA	embassy	Riyadh	24.6859	46.6309
IN	SC	high_commission	Victoria	-4.6242	55.4529
IN	SD	embassy	Khartoum	15.5853	32.5468
IN	SE	embassy	Stockholm	59.3229	18.0703
IN	SG	high_commission	Singapore	1.2995	103.8342
IN	SI	embassy	Ljubljana	46.0628	14.5137
IN	SK	embassy	Bratislava	48.1444	17.1143
IN	SL	high_commission	Freetown	8.4838	-13.2671
IN	SN	embassy	Dakar	14.6656	-17.4390
IN	SR	embassy	Paramaribo	5.8334	-55.1781
IN	SS	embassy	Juba	4.8600	31.5833
IN	ST	embassy	São Tomé	0.3563	6.7173
IN	SY	embassy	Damascus	33.5179	36.2834
IN	SZ	high_commission	Mbabane	-26.3197	31.1368
IN	TD	embassy	N'Djamena	12.1292	15.0432
IN	TG	embassy	Lomé	6.1789	1.2182
IN	TH	embassy	Bangkok	13.7422	100.5639
IN	TJ	embassy	Dushanbe	38.5719	68.7908
IN	TM	embassy	Ashgabat	37.9033	58.3809
IN	TN	embassy	Tunis	36.8332	10.1637
IN	TR	embassy	Ankara	39.8899	32.8557
IN	TT	high_commission	Port of Spain	10.6600	-61.5149
IN	TZ	high_commission	Dar es Salaam	-6.8116	39.2915
IN	UA	embassy	Kyiv	50.4783	30.4427
IN	UG	high_commission	Kampala	0.3294	32.5794
IN	US	consulate_general	Chicago	41.8900	-87.6211
IN	US	embassy	Washington, D.C.	38.9113	-77.0471
IN	UY	consulate	Montevideo	-34.9059	-56.1913
IN	UZ	embassy	Tashkent	41.3252	69.3102
IN	VE	embassy	Caracas	10.4948	-66.8441
IN	VN	embassy	Hanoi	21.0221	105.8493
IN	YE	embassy	Sanaa	15.2951	44.1862
IN	ZA	high_commission	Pretoria	-25.7466	28.2228
IN	ZM	high_commission	Lusaka	-15.4201	28.3104
IN	ZW	embassy	Harare	-17.7991	31.0438
IQ	AT	embassy	Vienna	48.2026	16.3779
IQ	AU	embassy	Canberra	-35.3516	149.1089
IQ	AZ	embassy	Baku	40.3725	49.8415
IQ	BE	embassy	Brussels	50.8006	4.3898
IQ	BG	embassy	Sofia	42.6720	23.3576
IQ	BR	embassy	Brasília	-15.8426	-47.9184
IQ	CA	embassy	Ottawa	45.4257	-75.6827
IQ	CH	embassy	Bern	46.9399	7.4605
IQ	CN	embassy	Beijing	39.9040	116.4075
IQ	CZ	embassy	Prague	50.1052	14.4000
IQ	DE	embassy	Berlin	52.4660	13.2881
IQ	ES	embassy	Madrid	40.4598	-3.6543
IQ	FI	embassy	Helsinki	60.1834	25.0139
IQ	FR	embassy	Paris	48.8730	2.2814
IQ	GB	embassy	London	51.4994	-0.1805
IQ	GR	embassy	Palaio Psychiko	38.0064	23.7743
IQ	HR	embassy	Zagreb	45.8223	15.9703
IQ	HU	embassy	Budapest District II	47.5259	18.9830
IQ	ID	embassy	Jakarta	-6.1927	106.8327
IQ	IN	embassy	New Delhi	28.5599	77.1586
IQ	IR	embassy	Tehran	35.7103	51.4058
IQ	IT	embassy	Rome	41.9397	12.4432
IQ	JP	embassy	Tokyo	35.6630	139.6928
IQ	MA	embassy	Rabat	34.0211	-6.8414
IQ	MX	embassy	Mexico City	19.4078	-99.2243
IQ	NO	embassy	Oslo	59.9218	10.7089
IQ	PL	embassy	Warsaw	52.2318	21.0502
IQ	PT	embassy	Lisbon	38.7056	-9.1631
IQ	RO	embassy	Bucharest	44.4852	26.0913
IQ	RS	embassy	Belgrade	44.7828	20.4549
IQ	RU	embassy	Khamovniki District	55.7319	37.5661
IQ	SA	embassy	Riyadh	24.6876	46.6298
IQ	SE	consulate_general	Stockholm	59.3275	18.0547
IQ	SE	embassy	Stockholm	59.3452	18.0687
IQ	TR	embassy	Ankara	39.8962	32.8655
IQ	UA	embassy	Kyiv	50.4096	30.5545
IQ	US	embassy	Washington, D.C.	38.9252	-77.0685
IQ	VE	embassy	Municipio Baruta	10.4674	-66.8635
IQ	ZA	embassy	Pretoria	-25.7601	28.2378
IR	AE	embassy	Abu Dhabi	24.4511	54.3969
IR	AL	embassy	Tirana	41.3226	19.8234
IR	AM	embassy	Yerevan	40.2058	44.5061
IR	AR	embassy	Buenos Aires	-34.5784	-58.4016
IR	AT	embassy	Vienna	48.1972	16.3843
IR	AU	embassy	Canberra	-35.3541	149.1055
IR	AZ	embassy	Baku	40.3674	49.8307
IR	BA	embassy	Sarajevo	43.8561	18.4191
IR	BE	embassy	Brussels	50.8126	4.3782
IR	BG	embassy	Stolichna Municipality	42.6489	23.3358
IR	BO	embassy	La Paz	-16.5390	-68.0886
IR	BR	embassy	Brasília	-15.8233	-47.8926
IR	BY	embassy	Minsk	53.9235	27.5464
IR	CA	embassy	Ottawa	45.4147	-75.6900
IR	CH	embassy	Bern	46.9405	7.4604
IR	CI	embassy	Abidjan	5.3341	-3.9897
IR	CL	embassy	Las Condes	-33.3884	-70.5291
IR	CN	embassy	Beijing	39.9444	116.4500
IR	CO	embassy	Bogotá	4.6799	-74.0460
IR	CY	embassy	Strovolos	35.1530	33.3677
IR	CZ	embassy	Prague	50.0773	14.3909
IR	DE	embassy	Berlin	52.4609	13.2998
IR	EC	embassy	Quito	-0.1675	-78.4702
IR	ES	embassy	Madrid	40.4644	-3.6772
IR	FI	embassy	Helsinki	60.1840	25.0048
IR	FR	embassy	Paris	48.8632	2.2929
IR	GB	embassy	London	51.5015	-0.1723
IR	GN	embassy	Dixinn	9.5458	-13.6730
IR	GR	embassy	Palaio Psychiko	38.0083	23.7774
IR	HR	embassy	Zagreb	45.8165	15.9678
IR	HU	embassy	Zugló	47.5093	19.0943
IR	ID	embassy	Jakarta	-6.2005	106.8278
IR	IE	embassy	Blackrock	53.2996	-6.1910
IR	IN	embassy	New Delhi	28.6270	77.2281
IR	IT	embassy	Rome	41.9236	12.4997
IR	IT	embassy	Rome	41.9239	12.5201
IR	JP	embassy	Minato	35.6481	139.7312
IR	KP	embassy	Pyongyang	39.0360	125.7852
IR	MX	embassy	Mexico City	19.4002	-99.2325
IR	NE	embassy	Niamey	13.5185	2.0960
IR	NO	embassy	Oslo	59.9159	10.7001
IR	NZ	embassy	Wellington	-41.2982	174.8021
IR	PL	embassy	Warsaw	52.2345	21.0559
IR	PT	embassy	Lisbon	38.7011	-9.2229
IR	RO	embassy	Bucharest	44.4499	26.0900
IR	RS	embassy	Belgrade	44.7880	20.4535
IR	RU	embassy	Moscow	55.7553	37.6490
IR	SE	embassy	Stockholm	59.3698	18.1928
IR	SI	embassy	Ljubljana	46.0770	14.5109
IR	TH	embassy	Bangkok	13.7377	100.5764
IR	TR	consulate_general	Istanbul	41.0114	28.9747
IR	TR	embassy	Ankara	39.9011	32.8640
IR	UA	embassy	Kyiv	50.4436	30.5254
IR	US	consulate	San Francisco	37.7906	-122.4492
IR	US	embassy	Washington, D.C.	38.9197	-77.0600
IR	UY	embassy	Montevideo	-34.8920	-56.0617
IR	YE	embassy	Sanaa	15.3500	44.2000
IR	ZA	embassy	Pretoria	-25.7727	28.2261
IS	AT	embassy	Vienna	48.2097	16.3685
IS	BE	embassy	Brussels	50.8436	4.3841
IS	BY	consulate	Minsk	53.9052	27.5492
IS	CA	embassy	Ottawa	45.4180	-75.7038
IS	CN	embassy	Beijing	39.9545	116.4615
IS	DE	embassy	Berlin	52.5091	13.3501
IS	FI	embassy	Helsinki	60.1679	24.9482
IS	FR	embassy	Paris	48.8709	2.2879
IS	GB	embassy	London	51.4978	-0.1594
IS	GL	consulate_general	Sermersooq	64.1793	-51.7431
IS	IN	embassy	New Delhi	28.5906	77.1785
IS	JP	embassy	Tokyo	35.6264	139.7337
IS	MW	embassy	Lilongwe	-13.9620	33.7951
IS	NO	embassy	Oslo Municipality	59.9147	10.7317
IS	PL	embassy	Warsaw	52.2178	21.0081
IS	SE	embassy	Stockholm	59.3372	18.0869
IS	UG	embassy	Kampala	0.3172	32.5791
IS	US	embassy	Washington, D.C.	38.9015	-77.0589
IT	AE	embassy	Abu Dhabi	24.4566	54.3669
IT	AF	embassy	Kabul	34.5286	69.1872
IT	AL	embassy	Tirana	41.3208	19.8227
IT	AM	embassy	Yerevan	40.1746	44.5073
IT	AO	embassy	Luanda	-8.8183	13.2344
IT	AR	embassy	Buenos Aires	-34.5822	-58.4025
IT	AT	embassy	Vienna	48.1961	16.3828
IT	AU	embassy	Canberra	-35.3113	149.1141
IT	AZ	embassy	Baku	40.3664	49.8322
IT	BA	embassy	Sarajevo	43.8626	18.4164
IT	BD	embassy	Dhaka	23.8027	90.4143
IT	BE	embassy	Ixelles	50.8159	4.3693
IT	BF	embassy	Ouagadougou	12.3128	-1.5200
IT	BG	embassy	Stolichna Municipality	42.6951	23.3312
IT	BH	embassy	Manama	26.2162	50.5611
IT	BO	embassy	La Paz	-16.5397	-68.0832
IT	BR	consulate	Belo Horizonte	-19.9335	-43.9354
IT	BR	consulate_general	Rio de Janeiro	-22.9102	-43.1715
IT	BR	embassy	Brasília	-15.8247	-47.8900
IT	BY	embassy	Minsk	53.9054	27.5489
IT	CA	embassy	Ottawa	45.4193	-75.7002
IT	CD	embassy	Kinshasa	-4.3027	15.3074
IT	CG	embassy	Brazzaville	-4.2665	15.2757
IT	CH	embassy	Bern	46.9393	7.4616
IT	CI	embassy	Abidjan	5.3409	-4.0128
IT	CL	embassy	Providencia	-33.4415	-70.6187
IT	CM	embassy	Yaoundé	3.8942	11.5168
IT	CN	consulate_general	Hong Kong	22.2783	114.1586
IT	CN	embassy	Beijing	39.9348	116.4542
IT	CO	embassy	Bogotá	4.6759	-74.0454
IT	CR	embassy	San José	9.9319	-84.0594
IT	CU	embassy	Havana	23.1276	-82.4145
IT	CY	embassy	Egkomi Lefkosias	35.1670	33.3311
IT	CZ	embassy	Prague	50.0886	14.4004
IT	DE	embassy	Berlin	52.5093	13.3594
IT	DO	embassy	Santo Domingo	18.4508	-69.9519
IT	DZ	embassy	El Biar	36.7635	3.0298
IT	EC	embassy	Quito	-0.1942	-78.5020
IT	EE	embassy	Tallinn	59.4369	24.7467
IT	EG	embassy	Cairo	30.0332	31.2298
IT	ER	embassy	Asmara	15.3321	38.9322
IT	ES	consulate_general	Barcelona	41.3951	2.1502
IT	ES	embassy	Madrid	40.4325	-3.6841
IT	ET	embassy	Addis Ababa	9.0358	38.7525
IT	ET	embassy	Addis Ababa	9.0463	38.7838
IT	FI	embassy	Helsinki	60.1590	24.9574
IT	FR	consulate_general	16th arrondissement of Paris	48.8590	2.2730
IT	FR	consulate_general	6th arrondissement of Lyon	45.7753	4.8436
IT	FR	consulate_general	Marseille	43.2892	5.3904
IT	FR	consulate_general	Metz	49.1095	6.1638
IT	FR	consulate_general	Nice	43.7039	7.2564
IT	FR	embassy	Paris	48.8546	2.3214
IT	GA	embassy	Libreville	0.4327	9.4218
IT	GB	embassy	London	51.5118	-0.1497
IT	GE	embassy	Tbilisi	41.6952	44.7954
IT	GH	embassy	Accra	5.5862	-0.1785
IT	GN	embassy	Dixinn	9.5634	-13.6638
IT	GR	embassy	Athens	37.9761	23.7394
IT	GT	embassy	Guatemala City	14.5822	-90.5164
IT	HR	embassy	Zagreb	45.8109	15.9667
IT	HU	embassy	Zugló	47.5091	19.0945
IT	ID	embassy	Jakarta	-6.2009	106.8401
IT	IE	embassy	Dublin	53.3335	-6.2367
IT	IL	embassy	Tel Aviv	32.0628	34.7629
IT	IN	embassy	New Delhi	28.5907	77.1829
IT	IQ	embassy	Baghdad	33.2948	44.3702
IT	IR	embassy	Tehran	35.7075	51.4000
IT	JO	embassy	Amman	31.9543	35.9266
IT	JP	consulate_general	Osaka	34.6935	135.4967
IT	JP	embassy	Minato	35.6507	139.7425
IT	KE	embassy	Nairobi	-1.2362	36.8101
IT	KR	embassy	Seoul	37.5373	127.0053
IT	KW	embassy	Kuwait City	29.3084	48.0251
IT	KZ	embassy	Astana	51.1472	71.4245
IT	LB	embassy	Baabda	33.8454	35.5387
IT	LK	embassy	Colombo	6.8965	79.8671
IT	LT	embassy	Vilnius	54.6901	25.2875
IT	LU	embassy	Luxembourg	49.6054	6.1193
IT	LV	embassy	Riga	56.9486	24.1127
IT	LY	consulate	Benghazi	32.1165	20.0644
IT	LY	embassy	Tripoli	32.8935	13.1924
IT	MA	embassy	Rabat	34.0201	-6.8209
IT	MC	embassy	Commune of Monaco	43.7483	7.4311
IT	MD	embassy	Chișinău	47.0235	28.8361
IT	ME	embassy	Podgorica	42.4429	19.2451
IT	MK	consulate	Bitola	41.0319	21.3347
IT	MK	embassy	Skopje	41.9955	21.4285
IT	MM	embassy	Yangon	16.8110	96.1495
IT	MN	embassy	Ulaanbaatar	47.9159	106.9198
IT	MT	embassy	Floriana	35.8917	14.5080
IT	MX	embassy	Mexico City	19.4096	-99.2293
IT	MY	embassy	Kuala Lumpur	3.1502	101.7348
IT	MZ	embassy	Maputo	-25.9588	32.5988
IT	NE	embassy	Niamey	13.5239	2.1037
IT	NG	embassy	Q3787	9.0461	7.4615
IT	NI	embassy	Managua	12.1372	-86.2824
IT	NO	embassy	Oslo	59.9194	10.7235
IT	NZ	embassy	Wellington	-41.2692	174.7782
IT	OM	embassy	Muscat	23.6018	58.4436
IT	PA	embassy	Panama City	8.9861	-79.5181
IT	PE	embassy	Jesús María	-12.0835	-77.0503
IT	PH	embassy	Taguig	14.5336	121.0533
IT	PK	embassy	Islamabad	33.7224	73.1161
IT	PL	embassy	Warsaw	52.2372	21.0099
IT	PS	consulate_general	Katamon	31.7662	35.2145
IT	PT	embassy	Lisbon	38.7240	-9.1366
IT	PY	embassy	Asunción	-25.2981	-57.5726
IT	QA	embassy	Doha	25.3205	51.5293
IT	RO	embassy	Bucharest	44.4470	26.0926
IT	RS	embassy	Belgrade	44.8032	20.4620
IT	RU	embassy	Moscow	55.7433	37.5877
IT	SA	embassy	Riyadh	24.6849	46.6290
IT	SD	embassy	Khartoum	15.5929	32.5396
IT	SE	embassy	Stockholm	59.3232	18.1114
IT	SG	embassy	Singapore	1.3174	103.8436
IT	SI	embassy	Ljubljana	46.0467	14.4966
IT	SK	embassy	Bratislava	48.1491	17.1030
IT	SM	embassy	San Marino	43.9313	12.4504
IT	SN	embassy	Dakar	14.6651	-17.4412
IT	SV	embassy	San Salvador	13.6939	-89.2323
IT	SY	embassy	Damascus	33.5219	36.2805
IT	TH	embassy	Bangkok	13.7388	100.5480
IT	TM	embassy	Ashgabat	37.9467	58.3565
IT	TN	embassy	Tunis	36.8354	10.1667
IT	TR	consulate_general	Beyoğlu	41.0297	28.9772
IT	TR	embassy	Ankara	39.9044	32.8575
IT	TZ	embassy	Dar es Salaam	-6.7995	39.2818
IT	UA	embassy	Kyiv	50.4528	30.5082
IT	UG	embassy	Kampala	0.3308	32.5797
IT	US	embassy	Washington, D.C.	38.9178	-77.0603
IT	UY	embassy	Montevideo	-34.9127	-56.1543
IT	UZ	embassy	Tashkent	41.2988	69.2587
IT	VA	embassy	Rome	41.9188	12.4741
IT	VE	embassy	Caracas	10.4903	-66.8610
IT	VN	embassy	Hanoi	21.0258	105.8571
IT	XK	embassy	Pristina	42.6573	21.1562
IT	YE	embassy	Sanaa	15.3371	44.2065
IT	ZA	embassy	Pretoria	-25.7412	28.2190
IT	ZM	embassy	Lusaka	-15.4227	28.3107
IT	ZW	embassy	Harare	-17.7990	31.1198
JM	BE	embassy	Auderghem	50.8134	4.4316
JM	BR	embassy	Brasília	-15.8568	-47.9231
JM	CA	high_commission	Ottawa	45.4186	-75.7056
JM	CH	embassy	Geneva	46.2200	6.1439
JM	CN	embassy	Beijing	39.9083	116.4317
JM	CO	embassy	Bogotá	4.6933	-74.0511
JM	CU	embassy	Havana	23.1216	-82.4207
JM	DE	embassy	Berlin	52.4713	13.3335
JM	DO	embassy	Santo Domingo	18.4556	-69.9384
JM	GB	high_commission	London	51.5002	-0.1748
JM	IN	high_commission	New Delhi	28.5682	77.1621
JM	JP	embassy	Tokyo	35.6543	139.7308
JM	MX	embassy	Mexico City	19.4220	-99.2230
JM	NG	high_commission	Q3787	9.0295	7.5176
JM	TT	high_commission	Port of Spain	10.6747	-61.5211
JM	US	embassy	Washington, D.C.	38.9105	-77.0426
JM	ZA	high_commission	Pretoria	-25.7739	28.2347
JO	AT	embassy	Vienna	48.1971	16.3808
JO	AU	embassy	Canberra	-35.3596	149.1048
JO	BE	embassy	Brussels	50.8078	4.3853
JO	BR	embassy	Brasília	-15.8363	-47.8804
JO	CA	embassy	Ottawa	45.4168	-75.7090
JO	CH	embassy	Muri bei Bern	46.9318	7.4870
JO	CL	embassy	Providencia	-33.4209	-70.6045
JO	CN	embassy	Beijing	39.9442	116.4530
JO	CY	embassy	Strovolos	35.1510	33.3359
JO	DE	embassy	Berlin	52.5119	13.2015
JO	ES	embassy	Madrid	40.4353	-3.6918
JO	FR	embassy	Neuilly-sur-Seine	48.8797	2.2660
JO	GB	embassy	London	51.5018	-0.1984
JO	GR	embassy	Filothei-Psychiko Municipality	38.0001	23.7676
JO	ID	embassy	Jakarta	-6.2246	106.8111
JO	IL	embassy	Ramat Gan	32.0858	34.8054
JO	IN	embassy	New Delhi	28.5463	77.2111
JO	IT	embassy	Rome	41.9195	12.5187
JO	JP	embassy	Tokyo	35.6644	139.6917
JO	MX	embassy	Mexico City	19.4171	-99.2268
JO	NO	embassy	Oslo	59.9188	10.6644
JO	PK	embassy	Islamabad	33.7218	73.0917
JO	RO	embassy	Bucharest	44.4447	26.1044
JO	RU	embassy	Moscow	55.7659	37.5975
JO	SA	embassy	Riyadh	24.6811	46.6267
JO	TN	embassy	Tunis	36.8331	10.1678
JO	TR	embassy	Ankara	39.8948	32.8528
JO	US	embassy	Washington, D.C.	38.9411	-77.0664
JO	ZA	embassy	Pretoria	-25.7827	28.2422
JP	AE	consulate_general	Dubai	25.2276	55.2888
JP	AE	embassy	Abu Dhabi	24.4588	54.3647
JP	AF	embassy	Kabul	34.5388	69.1789
JP	AL	embassy	Tirana	41.3275	19.8083
JP	AM	embassy	Yerevan	40.1985	44.5160
JP	AO	embassy	Luanda	-8.8133	13.2398
JP	AR	embassy	Buenos Aires	-34.6015	-58.3688
JP	AT	embassy	Vienna	48.2143	16.3642
JP	AU	consulate	Cairns	-16.9253	145.7778
JP	AU	consulate_general	Brisbane	-27.4685	153.0296
JP	AU	consulate_general	City of Perth	-31.9460	115.8430
JP	AU	consulate_general	Melbourne	-37.8156	144.9566
JP	AU	consulate_general	New South Wales	-33.8646	151.2099
JP	AU	embassy	Canberra	-35.3105	149.1116
JP	AZ	embassy	Baku	40.3885	49.8244
JP	BA	embassy	Sarajevo	43.8560	18.4301
JP	BB	embassy	Saint Michael	13.0927	-59.6008
JP	BD	embassy	Dhaka	23.7990	90.4203
JP	BE	embassy	Brussels	50.8408	4.3781
JP	BF	embassy	Ouagadougou	12.3112	-1.5254
JP	BG	embassy	Stolichna Municipality	42.6708	23.3556
JP	BH	embassy	Manama	26.2196	50.5811
JP	BJ	embassy	Cotonou	6.3482	2.3980
JP	BN	embassy	Bandar Seri Begawan	4.8990	114.9264
JP	BO	consulate	Santa Cruz de la Sierra	-17.7903	-63.1768
JP	BO	embassy	La Paz	-16.5098	-68.1283
JP	BR	consulate	Belém	-1.4517	-48.4747
JP	BR	consulate_general	Curitiba	-25.4303	-49.2664
JP	BR	consulate_general	Manaus	-3.1189	-60.0217
JP	BR	consulate_general	Recife	-8.0539	-34.8808
JP	BR	consulate_general	Rio de Janeiro	-22.9324	-43.1748
JP	BR	consulate_general	São Paulo	-23.5655	-46.6504
JP	BR	embassy	Brasília	-15.8302	-47.8961
JP	BW	embassy	Gaborone	-24.6617	25.9107
JP	BY	embassy	Minsk	53.9113	27.5429
JP	BZ	embassy	Belmopan	17.2565	-88.7632
JP	CA	consulate_general	Calgary	51.0475	-114.0625
JP	CA	consulate_general	Montreal	45.5033	-73.5868
JP	CA	consulate_general	Toronto	43.6703	-79.3867
JP	CA	consulate_general	Vancouver	49.2608	-123.1139
JP	CA	embassy	Ottawa	45.4332	-75.6987
JP	CD	embassy	Ngaliema	-4.3210	15.2695
JP	CH	consulate	Geneva	46.2165	6.1485
JP	CH	embassy	Bern	46.9608	7.4387
JP	CI	embassy	Abidjan	5.3168	-4.0171
JP	CL	embassy	Providencia	-33.4262	-70.6076
JP	CM	embassy	Yaoundé	3.8972	11.5120
JP	CN	consulate		38.9135	121.6276
JP	CN	consulate_general	Chongqing	29.5581	106.5794
JP	CN	consulate_general	Hong Kong	22.2838	114.1584
JP	CN	consulate_general	Shanghai	31.2035	121.4014
JP	CN	consulate_general	Shenyang	41.7831	123.4251
JP	CN	consulate_general	Shinan District	36.0661	120.3965
JP	CN	consulate_general	Yuexiu District	23.1382	113.2808
JP	CN	embassy	Beijing	39.9533	116.4716
JP	CO	embassy	Bogotá	4.6546	-74.0562
JP	CR	embassy	San José	9.9392	-84.1065
JP	CU	embassy	Havana	23.1083	-82.4408
JP	CY	embassy	Strovolos	35.1575	33.3644
JP	CZ	embassy	Prague	50.0860	14.4050
JP	DE	consulate_general	Düsseldorf	51.2223	6.7767
JP	DE	consulate_general	Frankfurt	50.1124	8.6531
JP	DE	consulate_general	Hamburg-Mitte	53.5514	9.9936
JP	DE	consulate_general	Munich	48.1240	11.6035
JP	DE	embassy	Berlin	52.5091	13.3584
JP	DJ	embassy	Djibouti	11.6109	43.1508
JP	DO	embassy	Santo Domingo	18.4696	-69.9396
JP	DZ	embassy	Algiers	36.7619	3.0211
JP	EC	embassy	Quito	-0.1706	-78.4849
JP	EE	embassy	Tallinn	59.4344	24.7427
JP	EG	embassy	Cairo	29.9645	31.2449
JP	ER	embassy	Asmara	15.3250	38.9218
JP	ES	consulate	Las Palmas de Gran Canaria	28.1239	-15.4310
JP	ES	consulate_general	Barcelona	41.3912	2.1359
JP	ES	embassy	Chamartín	40.4396	-3.6864
JP	ET	embassy	Addis Ababa	9.0114	38.8065
JP	FI	embassy	Helsinki	60.1664	24.9510
JP	FJ	embassy	Suva	-18.1380	178.4249
JP	FM	embassy	Kolonia	6.9658	158.2146
JP	FR	consulate	Nouméa	-22.3018	166.4461
JP	FR	consulate	Villeurbanne	45.7733	4.8593
JP	FR	consulate_general	Marseille	43.2967	5.3764
JP	FR	consulate_general	Strasbourg	48.5867	7.7414
JP	FR	embassy	Paris	48.8773	2.3041
JP	GA	embassy	Libreville	0.4180	9.4246
JP	GB	consulate_general	City of Edinburgh	55.9498	-3.2147
JP	GB	embassy	City of Westminster	51.5054	-0.1461
JP	GE	embassy	Tbilisi	41.7108	44.7574
JP	GH	embassy	Accra	5.5733	-0.1867
JP	GN	embassy	Dixinn	9.5476	-13.6789
JP	GR	embassy	Chalandri	38.0149	23.7894
JP	GT	embassy	Guatemala City	14.5962	-90.5170
JP	HN	embassy	Tegucigalpa	14.1014	-87.1893
JP	HR	embassy	Zagreb	45.8094	15.9795
JP	HT	embassy	Pétion-Ville	18.5139	-72.2894
JP	HU	embassy	Budapest District XII	47.5135	18.9861
JP	ID	consulate		-5.1472	119.4152
JP	ID	consulate_general	Denpasar	-8.6734	115.2382
JP	ID	consulate_general	Medan	3.5832	98.6723
JP	ID	consulate_general	Surabaya	-7.2724	112.7465
JP	ID	embassy	Jakarta	-6.1916	106.8224
JP	IE	embassy	Dublin	53.3187	-6.2135
JP	IL	embassy	Tel Aviv	32.0786	34.7870
JP	IN	consulate_general	Bengaluru	12.9826	77.5968
JP	IN	consulate_general	Chennai	13.0825	80.2750
JP	IN	consulate_general	Kolkata	22.5675	88.3700
JP	IN	consulate_general	Mumbai	19.0758	72.8775
JP	IN	embassy	New Delhi	28.5900	77.1884
JP	IQ	consulate	Erbil	36.1871	43.9742
JP	IQ	embassy	Baghdad	33.3172	44.4080
JP	IR	embassy	Tehran	35.7971	51.4090
JP	IS	embassy	Reykjavík	64.1396	-21.8944
JP	IT	consulate_general	Milan	45.4669	9.1900
JP	IT	embassy	Rome	41.9066	12.4654
JP	IT	embassy	Rome	41.9081	12.4948
JP	JM	embassy	Kingston	18.0008	-76.7832
JP	JO	embassy	Amman	31.9586	35.8739
JP	KE	embassy	Nairobi	-1.2969	36.8150
JP	KG	embassy	Bishkek	42.8851	74.5898
JP	KH	embassy	Phnom Penh	11.5410	104.9289
JP	KI	embassy	Tarawa	1.4333	173.0000
JP	KR	consulate_general	Busan	35.1213	129.0425
JP	KR	consulate_general	Jeju Province	33.4852	126.4790
JP	KR	embassy	Jongno District	37.5754	126.9798
JP	KW	embassy	Kuwait City	29.2754	48.0606
JP	KZ	embassy	Astana	51.1473	71.4244
JP	LA	embassy	Vientiane	17.9702	102.6332
JP	LB	embassy	Beirut	33.8956	35.4997
JP	LK	embassy	Colombo	6.9090	79.8696
JP	LT	embassy	Vilnius	54.6823	25.2558
JP	LU	embassy	Luxembourg	49.6187	6.1185
JP	LV	embassy	Riga	56.9644	24.1218
JP	LY	embassy	Tripoli	32.8875	13.1875
JP	MA	embassy	Rabat	33.9809	-6.8449
JP	MD	embassy	Chișinău	47.0190	28.8393
JP	MG	embassy	Antananarivo	-18.8743	47.5362
JP	MH	embassy	Majuro	7.0748	171.3196
JP	MK	embassy	Skopje	41.9994	21.4382
JP	ML	embassy	Bamako	12.6288	-8.0248
JP	MM	embassy	Yangon	16.8016	96.1602
JP	MN	embassy	Ulaanbaatar	47.9146	106.9227
JP	MR	embassy	Tevragh Zeina	18.1138	-15.9853
JP	MT	embassy	Sliema	35.9122	14.5042
JP	MU	embassy	Port Louis	-20.2481	57.4931
JP	MV	embassy	Malé	4.1785	73.5138
JP	MW	embassy	Lilongwe	-13.9514	33.7768
JP	MX	consulate_general	León de Los Aldama	21.1181	-101.6606
JP	MX	embassy	Mexico City	19.4297	-99.1636
JP	MY	consulate	Kota Kinabalu	5.9540	116.0432
JP	MY	consulate	Kota Kinabalu	5.9750	116.0725
JP	MY	consulate_general	George Town	5.4264	100.3226
JP	MY	embassy	Kuala Lumpur	3.1527	101.7223
JP	MZ	embassy	Maputo	-25.9573	32.6041
JP	NA	embassy	Windhoek	-22.5717	17.1063
JP	NG	embassy	Q3787	9.0787	7.4985
JP	NI	embassy	Managua	12.1357	-86.2832
JP	NO	embassy	Oslo	59.9144	10.7308
JP	NP	embassy	Kathmandu	27.7278	85.3237
JP	NZ	consulate	Christchurch	-43.5311	172.6361
JP	NZ	consulate_general	Auckland Region	-36.8474	174.7677
JP	NZ	embassy	Wellington	-41.2887	174.7746
JP	OM	embassy	Muscat	23.6055	58.4423
JP	PA	embassy	Panama City	8.9852	-79.5158
JP	PE	embassy	Jesús María	-12.0828	-77.0563
JP	PG	embassy	Port Moresby	-9.4785	147.1472
JP	PH	consulate_general	Cebu City	10.2930	123.9020
JP	PH	consulate_general	Davao City	7.0880	125.6100
JP	PH	embassy	Pasay	14.5404	120.9932
JP	PK	consulate_general	Karachi	24.8455	67.0322
JP	PK	embassy	Islamabad	33.7202	73.1038
JP	PL	embassy	Warsaw	52.2171	21.0407
JP	PT	embassy	Lisbon	38.7235	-9.1492
JP	PW	embassy	Koror	7.3528	134.4450
JP	PY	consulate	Encarnación	-27.3313	-55.8629
JP	PY	embassy	Asunción	-25.2911	-57.5933
JP	QA	embassy	Doha	25.3440	51.5171
JP	RO	embassy	Bucharest	44.4524	26.0822
JP	RS	embassy	Belgrade	44.8256	20.4190
JP	RU	consulate_general	Khabarovsk	48.4689	135.0635
JP	RU	consulate_general	Saint Petersburg	59.9414	30.3202
JP	RU	consulate_general	Vladivostok	43.1034	131.8694
JP	RU	consulate_general	Yuzhno-Sakhalinsk	46.9605	142.7498
JP	RU	embassy	Moscow	55.7779	37.6419
JP	RW	embassy	Kigali	-1.9445	30.0882
JP	SA	consulate_general	Jeddah	21.5292	39.1692
JP	SA	embassy	Riyadh	24.6865	46.6245
JP	SB	embassy	Honiara	-9.4318	159.9574
JP	SC	embassy	Victoria	-4.6242	55.4529
JP	SD	embassy	Khartoum	15.5919	32.5396
JP	SE	embassy	Stockholm	59.3347	18.1067
JP	SG	embassy	Singapore	1.3092	103.8236
JP	SI	embassy	Ljubljana	46.0503	14.4998
JP	SK	embassy	Bratislava	48.1434	17.1086
JP	SN	embassy	Dakar	14.6710	-17.4457
JP	SS	embassy	Juba	4.8618	31.5989
JP	SV	consulate	San Salvador	13.6976	-89.1912
JP	SV	embassy	San Salvador	13.7086	-89.2416
JP	TH	consulate_general	Mueang Chiang Mai	18.7725	98.9748
JP	TH	embassy	Bangkok	13.7294	100.5457
JP	TJ	embassy	Dushanbe	38.5668	68.7824
JP	TL	embassy	Dili	-8.5485	125.5612
JP	TM	embassy	Ashgabat	37.8938	58.3896
JP	TN	embassy	Tunis	36.8281	10.1786
JP	TO	embassy	Nukuʻalofa	-21.1361	-175.1956
JP	TR	consulate_general	Istanbul	41.0818	29.0089
JP	TR	embassy	Ankara	39.8943	32.8699
JP	TT	embassy	Port of Spain	10.6693	-61.5220
JP	TZ	embassy	Dar es Salaam	-6.8090	39.2864
JP	UA	embassy	Kyiv	50.4557	30.5089
JP	UG	embassy	Kampala	0.3309	32.5785
JP	US	consulate	Anchorage	61.1876	-149.8841
JP	US	consulate	Portland	45.5150	-122.6792
JP	US	consulate	Saipan	15.2169	145.7300
JP	US	consulate_general	Atlanta	33.7544	-84.3897
JP	US	consulate_general	Boston	42.3603	-71.0578
JP	US	consulate_general	Chicago	41.8819	-87.6278
JP	US	consulate_general	Denver	39.7392	-104.9847
JP	US	consulate_general	Detroit	42.3289	-83.0397
JP	US	consulate_general	Honolulu	21.3191	-157.8540
JP	US	consulate_general	Houston	29.7564	-95.3633
JP	US	consulate_general	Los Angeles	34.0514	-118.2515
JP	US	consulate_general	Manhattan	40.7561	-73.9741
JP	US	consulate_general	Miami	25.7658	-80.1947
JP	US	consulate_general	Nashville	36.1525	-86.7958
JP	US	consulate_general	San Francisco	37.7938	-122.4005
JP	US	consulate_general	Seattle	47.6050	-122.3300
JP	US	consulate_general	Tamuning	13.4866	144.7830
JP	US	embassy	Washington, D.C.	38.9157	-77.0561
JP	UY	embassy	Montevideo	-34.9114	-56.1635
JP	UZ	embassy	Tashkent	41.3058	69.2917
JP	VE	embassy	Caracas	10.4973	-66.8520
JP	VN	consulate_general	Da Nang	16.0694	108.2097
JP	VN	consulate_general	Ho Chi Minh City	10.7811	106.6889
JP	VN	embassy	Hanoi	21.0331	105.8143
JP	VU	embassy	Port Vila	-17.7375	168.3147
JP	WS	embassy	Apia	-13.8303	-171.7710
JP	YE	embassy	Sanaa	15.2978	44.1907
JP	ZA	consulate	Cape Town	-33.9253	18.4239
JP	ZA	embassy	Pretoria	-25.7724	28.2139
JP	ZM	embassy	Lusaka	-15.4199	28.3083
JP	ZW	embassy	Harare	-17.8247	31.0497
KE	AO	embassy	Luanda	-8.9214	13.1798
KE	AT	embassy	Vienna	48.2331	16.4141
KE	AU	high_commission	Canberra	-35.3527	149.1082
KE	BE	embassy	Uccle	50.8117	4.3627
KE	BR	embassy	Brasília	-15.8296	-47.8775
KE	CA	high_commission	Ottawa	45.4287	-75.6756
KE	CN	embassy	Beijing	39.9426	116.4458
KE	DE	embassy	Berlin	52.5073	13.3940
KE	ES	embassy	Madrid	40.4506	-3.6837
KE	FR	embassy	Paris	48.8654	2.2983
KE	GB	high_commission	London	51.5207	-0.1455
KE	GN	embassy	Dixinn	9.6129	-13.6299
KE	IE	embassy	Dublin	53.3297	-6.2340
KE	IL	embassy	Ramat Gan	32.0854	34.8037
KE	IN	high_commission	New Delhi	28.5602	77.1538
KE	IT	embassy	Rome	41.8241	12.4861
KE	JP	embassy	Yakumo 3-chōme	35.6143	139.6661
KE	RU	embassy	Khamovniki District	55.7423	37.5966
KE	RW	embassy	Kigali	-1.9460	30.0901
KE	SA	embassy	Riyadh	24.6867	46.6299
KE	SE	embassy	Stockholm	59.3385	18.0681
KE	TR	embassy	Ankara	39.8544	32.8549
KE	US	embassy	Washington, D.C.	38.9128	-77.0503
KE	ZA	high_commission	Pretoria	-25.7610	28.2457
KE	ZW	high_commission	Harare	-17.8221	31.0486
KG	AT	embassy	Vienna	48.2069	16.3865
KG	BE	embassy	Ixelles	50.8190	4.3675
KG	BY	embassy	Minsk	53.9159	27.5595
KG	CH	embassy	Geneva	46.2215	6.1481
KG	CN	embassy	Beijing	39.9616	116.4694
KG	DE	embassy	Berlin	52.5198	13.3003
KG	FR	embassy	Paris	48.8673	2.2733
KG	GB	embassy	City of Westminster	51.5198	-0.1584
KG	HU	embassy	Budapest	47.4983	19.0408
KG	IN	embassy	New Delhi	28.5616	77.1559
KG	IT	embassy	Rome	41.9217	12.5011
KG	JP	embassy	Tokyo	35.6534	139.7402
KG	MY	embassy	Kuala Lumpur	3.1622	101.7195
KG	RU	embassy	Moscow	55.7322	37.6242
KG	SA	embassy	Riyadh	24.6729	46.6277
KG	TJ	embassy	Dushanbe	38.5947	68.7894
KG	TR	consulate_general	Istanbul	41.0386	28.9853
KG	TR	embassy	Ankara	39.8541	32.8540
KG	UA	embassy	Kyiv	50.4524	30.4857
KG	US	embassy	Washington, D.C.	38.9128	-77.0522
KH	AU	embassy	Canberra	-35.3077	149.1332
KH	BE	embassy	Woluwe-Saint-Pierre	50.8358	4.4176
KH	BG	embassy	Sofia	42.6724	23.3533
KH	CH	embassy	Le Grand-Saconnex	46.2308	6.1188
KH	CN	embassy	Beijing	39.9406	116.4499
KH	CU	embassy	Havana	23.1099	-82.4371
KH	DE	embassy	Berlin	52.5672	13.4057
KH	FR	embassy	Paris	48.8642	2.2709
KH	GB	embassy	London	51.5455	-0.2214
KH	ID	embassy	Jakarta	-6.2777	106.8260
KH	IN	embassy	New Delhi	28.5691	77.1987
KH	JP	embassy	Tokyo	35.6711	139.7289
KH	KP	embassy	Pyongyang	39.0234	125.7911
KH	PH	embassy	Q1508	14.5567	121.0214
KH	RS	embassy	Belgrade	44.8014	20.4710
KH	RU	embassy	Khamovniki District	55.7461	37.5955
KH	TR	embassy	Ankara	39.8885	32.8722
KH	US	embassy	Washington, D.C.	38.9459	-77.0367
KI	TW	embassy	Taipei	25.1172	121.5241
KM	BE	embassy	Schaerbeek	50.8484	4.3987
KM	FR	embassy	Paris	48.8746	2.2805
KM	MA	embassy	Rabat	34.0211	-6.8414
KM	SA	embassy	Riyadh	24.6923	46.6776
KM	ZA	embassy	Pretoria	-25.7440	28.2176
KN	BE	embassy	Brussels	50.8298	4.3594
KN	CA	high_commission	Ottawa	45.4307	-75.6796
KN	GB	high_commission	London	51.5013	-0.1870
KN	TW	embassy	Taipei	25.1173	121.5243
KN	US	embassy	Washington, D.C.	38.9059	-77.0432
KP	AT	embassy	Vienna	48.1912	16.3120
KP	BD	embassy	Dhaka	23.7971	90.4027
KP	BG	embassy	Stolichna Municipality	42.6525	23.3628
KP	BR	embassy	Brasília	-15.8359	-47.8288
KP	CH	embassy	Muri bei Bern	46.9282	7.4810
KP	CN	consulate	Hong Kong	22.2800	114.1750
KP	CN	consulate	Tumen	42.9627	129.8413
KP	CN	consulate_general	Changchun	43.8800	125.3228
KP	CN	consulate_general	Shanghai	31.2325	121.4692
KP	CN	consulate_general	Shenyang	41.8025	123.4281
KP	CN	embassy	Chaowai Subdistrict	39.9172	116.4390
KP	CZ	embassy	Prague	50.0910	14.3514
KP	DE	embassy	Bezirk Mitte	52.5113	13.3862
KP	GB	embassy	London	51.5034	-0.2898
KP	GQ	embassy	Malabo	3.7521	8.7737
KP	ID	embassy	Jakarta	-6.2031	106.8274
KP	IN	embassy	New Delhi	28.5424	77.2196
KP	IT	embassy	Rome	41.8263	12.4642
KP	MN	embassy	Ulaanbaatar	47.9214	106.9055
KP	MX	embassy	Mexico City	19.4344	-99.1792
KP	PE	embassy	San Isidro	-12.0894	-77.0493
KP	PK	consulate_general	Karachi	24.8600	67.0100
KP	PK	embassy	Islamabad	33.6899	73.0102
KP	PL	embassy	Warsaw	52.1964	21.0468
KP	RO	embassy	Bucharest	44.4772	26.0895
KP	RU	embassy	Moscow	55.7125	37.5078
KP	SE	embassy	Lidingö Municipality	59.3711	18.1328
KP	SY	embassy	Damascus	33.5131	36.2919
KP	TH	embassy	Bangkok	13.7333	100.6179
KP	VN	embassy	Hanoi	21.0245	105.8412
KP	ZA	embassy	Pretoria	-25.7895	28.3324
KR	AF	embassy	Kabul	34.5355	69.1869
KR	AR	embassy	Buenos Aires	-34.5793	-58.4052
KR	AT	embassy	Vienna	48.2330	16.3375
KR	AU	consulate_general	New South Wales	-33.8705	151.2059
KR	AU	embassy	Canberra	-35.3100	149.1138
KR	BD	embassy	Dhaka	23.7978	90.4214
KR	BE	embassy	Watermael-Boitsfort	50.7957	4.4026
KR	BG	embassy	Sofia	42.6703	23.3508
KR	BH	embassy	Manama	26.2167	50.5833
KR	BO	embassy	La Paz	-16.5400	-68.0879
KR	BR	consulate_general		-23.5715	-46.6458
KR	BR	embassy	Brasília	-15.7842	-47.8642
KR	BY	embassy	Minsk	53.9218	27.5268
KR	CA	consulate_general		43.6874	-79.4012
KR	CA	embassy	Ottawa	45.4348	-75.6948
KR	CH	embassy	Bern	46.9369	7.4624
KR	CI	embassy	Abidjan	5.3321	-3.9971
KR	CL	embassy	Las Condes	-33.4160	-70.5889
KR	CN	consulate	Dalian	38.9228	121.6491
KR	CN	consulate_general		41.7839	123.4268
KR	CN	consulate_general	Chengdu	30.6492	104.0614
KR	CN	consulate_general	Chengyang District	36.3156	120.4300
KR	CN	consulate_general	Haizhu District	23.0988	113.2661
KR	CN	consulate_general	Hong Kong	22.2800	114.1641
KR	CN	consulate_general	Shanghai	31.2047	121.4014
KR	CN	consulate_general	Wuhan	30.5903	114.2751
KR	CN	consulate_general	Xi'an	34.2319	108.9038
KR	CN	embassy	Chaoyang District	39.9558	116.4650
KR	CO	embassy	Bogotá	4.6759	-74.0445
KR	CR	embassy	San Rafael	9.9328	-84.1341
KR	CU	embassy	Havana	23.1367	-82.3589
KR	CZ	embassy	Prague	50.1002	14.4070
KR	DE	consulate_general	Frankfurt	50.0792	8.6239
KR	DE	embassy	Berlin	52.5167	13.3833
KR	DZ	embassy	Algiers	36.7764	3.0586
KR	EC	embassy	Quito	-0.1739	-78.4856
KR	EE	embassy	Tallinn	59.4372	24.7450
KR	EG	embassy	Cairo	30.0444	31.2358
KR	ES	consulate	Las Palmas de Gran Canaria	28.1272	-15.4314
KR	ES	consulate_general	Barcelona	41.3957	2.1600
KR	ES	embassy	Madrid	40.4663	-3.6670
KR	FI	embassy	Helsinki	60.1649	24.9442
KR	FR	embassy	Paris	48.8576	2.3163
KR	GB	embassy	London	51.4980	-0.1366
KR	GH	embassy	Accra	5.5560	-0.1969
KR	GR	embassy	Athens	37.9846	23.7607
KR	HR	embassy	Zagreb	45.8400	15.9752
KR	HU	embassy	Budapest District VI	47.5119	19.0738
KR	ID	embassy	Jakarta	-6.2394	106.8329
KR	IE	embassy	Dublin	53.3390	-6.2502
KR	IL	embassy	Herzliya	32.1620	34.8064
KR	IN	consulate_general	Chennai	13.0441	80.2702
KR	IN	embassy	New Delhi	28.5897	77.1800
KR	IQ	embassy	Baghdad	33.3153	44.3661
KR	IR	embassy	Tehran	35.6889	51.3897
KR	IT	embassy	Rome	41.9277	12.4856
KR	IT	embassy	Rome	41.9481	12.4450
KR	JP	consulate_general	Chūō-ku	34.6954	135.1887
KR	JP	consulate_general	Chūō-ku	43.0624	141.3382
KR	JP	consulate_general	Fukuoka Prefecture	33.5915	130.3629
KR	JP	consulate_general	Kyūtarō-machi	34.6809	135.5040
KR	JP	consulate_general	Minami-ku	34.3689	132.4678
KR	JP	consulate_general	Nagoya	35.1665	136.8874
KR	JP	consulate_general	Niigata	37.9253	139.0593
KR	JP	consulate_general	Sendai	38.2691	140.8709
KR	JP	consulate_general	Yamatechō	35.4381	139.6563
KR	JP	embassy	Tokyo	35.6874	139.7172
KR	KH	embassy	Phnom Penh	11.5696	104.9210
KR	KZ	embassy	Almaty	43.2400	76.9150
KR	LT	embassy	Vilnius	54.6885	25.2487
KR	LV	embassy	Riga	56.9561	24.1096
KR	MN	embassy	Ulaanbaatar	47.9214	106.9055
KR	MX	embassy	Mexico City	19.4157	-99.2137
KR	NO	embassy	Oslo	59.9198	10.7242
KR	NZ	embassy	Wellington	-41.2856	174.7775
KR	PA	embassy	Panama City	8.9778	-79.5159
KR	PE	embassy	Lima	-12.0920	-77.0490
KR	PH	embassy	Manila	14.5958	120.9772
KR	PL	embassy	Warsaw	52.2169	21.0421
KR	PT	embassy	Lisbon	38.7372	-9.1473
KR	PY	embassy	Asunción	-25.2997	-57.5803
KR	RO	embassy	Bucharest	44.4780	26.1047
KR	RS	embassy	Belgrade	44.7829	20.4511
KR	RU	consulate_general	Saint Petersburg	59.9390	30.3585
KR	RU	consulate_general	Vladivostok	43.1225	131.8810
KR	RU	embassy	Moscow	55.7379	37.5750
KR	SA	embassy	Riyadh	24.6840	46.6266
KR	SE	embassy	Stockholm	59.3322	18.1033
KR	SG	embassy	Singapore	1.3122	103.8371
KR	TH	embassy	Bangkok	13.7675	100.5779
KR	TR	consulate_general	Istanbul	41.0406	28.9924
KR	TR	embassy	Ankara	39.8958	32.8565
KR	UA	embassy	Kyiv	50.4535	30.5119
KR	US	consulate_general		21.3341	-157.8421
KR	US	consulate_general		34.0620	-118.2927
KR	US	consulate_general	Atlanta	33.7598	-84.3864
KR	US	consulate_general	Boston	42.3569	-71.1859
KR	US	consulate_general	Chicago	41.8900	-87.6213
KR	US	consulate_general	Houston	29.7454	-95.4626
KR	US	consulate_general	Manhattan	40.7620	-73.9710
KR	US	consulate_general	San Francisco	37.7888	-122.4507
KR	US	consulate_general	Seattle	47.6243	-122.3590
KR	US	consulate_general	Washington, D.C.	38.9120	-77.0514
KR	US	embassy	Washington, D.C.	38.9144	-77.0544
KR	UY	embassy	Montevideo	-34.9044	-56.1361
KR	VE	embassy	Caracas	10.5061	-66.9144
KR	VN	consulate_general		16.0280	108.2381
KR	VN	consulate_general	Ho Chi Minh City	10.7743	106.6957
KR	VN	embassy	Hanoi	21.0667	105.7968
KR	ZA	embassy	Pretoria	-25.7736	28.2261
KW	AL	embassy	Tirana	41.3101	19.8382
KW	AM	embassy	Yerevan	40.1814	44.5144
KW	AR	embassy	Buenos Aires	-34.6194	-58.3612
KW	AT	embassy	Vienna	48.2566	16.3373
KW	AU	embassy	Canberra	-35.3527	149.1103
KW	BA	embassy	Sarajevo	43.8581	18.4330
KW	BE	embassy	Brussels	50.8102	4.3817
KW	BG	embassy	Stolichna Municipality	42.6506	23.3372
KW	BR	embassy	Brasília	-15.8397	-47.8849
KW	CA	embassy	Ottawa	45.4309	-75.6976
KW	CH	embassy	Bern	46.9355	7.4602
KW	CL	embassy	Las Condes	-33.3737	-70.5029
KW	CN	consulate_general	Shanghai	31.2325	121.4692
KW	CN	embassy	Beijing	39.9040	116.4075
KW	CY	embassy	Strovolos	35.1528	33.3683
KW	CZ	embassy	Prague	50.1014	14.4142
KW	DE	embassy	Berlin	52.4802	13.2669
KW	ES	embassy	Madrid	40.4713	-3.7331
KW	FR	embassy	16th arrondissement of Paris	48.8674	2.2949
KW	GB	embassy	London	51.5025	-0.1588
KW	GR	embassy	Palaio Psychiko	38.0012	23.7721
KW	ID	embassy	Jakarta	-6.2320	106.8267
KW	IN	embassy	New Delhi	28.5865	77.1860
KW	IT	embassy	Rome	41.9256	12.4802
KW	JP	embassy	Minato	35.6452	139.7416
KW	MN	embassy	Ulaanbaatar	47.9214	106.9055
KW	MT	embassy	Balzan	35.8935	14.4554
KW	MX	embassy	Mexico City	19.3866	-99.2530
KW	NZ	embassy	Wellington	-41.2823	174.7784
KW	PL	embassy	Warsaw	52.2300	21.0111
KW	PT	embassy	Lisbon	38.7012	-9.2147
KW	RO	embassy	Bucharest	44.4693	26.0929
KW	RS	embassy	Belgrade	44.7819	20.4518
KW	RU	embassy	Moscow	55.7200	37.5188
KW	SA	embassy	Riyadh	24.6779	46.6214
KW	SE	embassy	Stockholm	59.3370	18.0596
KW	SK	embassy	Bratislava	48.1405	17.1069
KW	TR	embassy	Ankara	39.8916	32.8691
KW	UA	embassy	Kyiv	50.4998	30.5190
KW	US	embassy	Washington, D.C.	38.9411	-77.0650
KW	VE	embassy	Caracas	10.4817	-66.8465
KW	ZA	embassy	Pretoria	-25.7480	28.2241
KZ	AM	embassy	Yerevan	40.1814	44.5144
KZ	AT	embassy	Vienna	48.1937	16.3776
KZ	AZ	embassy	Baku	40.3667	49.8352
KZ	BE	embassy	Uccle	50.7862	4.3851
KZ	BG	embassy	Sofia	42.7026	23.3268
KZ	BR	embassy	Brasília	-15.8382	-47.8810
KZ	BY	embassy	Minsk	53.9263	27.5143
KZ	CA	embassy	Ottawa	45.4200	-75.6951
KZ	CH	embassy	Bern	46.9448	7.4784
KZ	CN	consulate_general	Xi'an	34.2611	108.9422
KZ	CN	embassy	Beijing	39.9442	116.4518
KZ	CZ	embassy	Prague	50.0953	14.3931
KZ	DE	embassy	Berlin	52.5900	13.3927
KZ	EE	embassy	Tallinn	59.4336	24.7570
KZ	ES	embassy	Madrid	40.4573	-3.6368
KZ	FI	embassy	Helsinki	60.1666	24.9510
KZ	FR	embassy	Paris	48.8694	2.3031
KZ	GB	embassy	London	51.5075	-0.1310
KZ	GR	embassy	Palaio Psychiko	37.9998	23.7698
KZ	HR	embassy	Zagreb	45.8158	15.9590
KZ	HU	embassy	Budapest	47.4983	19.0408
KZ	ID	embassy	Jakarta	-6.2337	106.8282
KZ	IL	embassy	Tel Aviv	32.0738	34.7664
KZ	IN	embassy	New Delhi	28.5601	77.1591
KZ	IT	embassy	Rome	41.9569	12.4554
KZ	JP	embassy	Tokyo	35.6601	139.7415
KZ	KR	embassy	Seoul	37.5600	126.9900
KZ	LT	embassy	Vilnius	54.6899	25.2461
KZ	LV	embassy	Riga	56.9561	24.1096
KZ	MN	embassy	Ulaanbaatar	47.9249	106.9064
KZ	MX	embassy	Mexico City	19.4300	-99.2149
KZ	NO	embassy	Oslo	59.9181	10.7387
KZ	PL	embassy	Warsaw	52.1689	21.0774
KZ	PT	embassy	Lisbon	38.7037	-9.2101
KZ	RO	embassy	Bucharest	44.4701	26.0897
KZ	RS	embassy	Belgrade	44.7897	20.4357
KZ	RU	embassy	Moscow	55.7641	37.6422
KZ	SA	embassy	Riyadh	24.6738	46.6279
KZ	SE	embassy	Stockholm	59.3385	18.0681
KZ	SG	embassy	Singapore	1.2932	103.8321
KZ	TR	embassy	Ankara	39.8506	32.8281
KZ	UA	embassy	Kyiv	50.4689	30.4701
KZ	US	embassy	Washington, D.C.	38.9086	-77.0361
KZ	ZA	embassy	Pretoria	-25.7899	28.2346
LA	AT	embassy	Vienna	48.2499	16.2925
LA	AU	embassy	Canberra	-35.3537	149.1030
LA	BE	embassy	Brussels	50.8481	4.3851
LA	CH	embassy	Le Grand-Saconnex	46.2351	6.1257
LA	CN	consulate_general	Changsha	28.1987	112.9709
LA	CN	consulate_general	Shanghai	31.2325	121.4692
LA	CN	embassy	Beijing	39.9383	116.4509
LA	DE	embassy	Berlin	52.4910	13.2839
LA	FR	embassy	Paris	48.8677	2.2858
LA	GB	embassy	London	51.5133	-0.1844
LA	ID	embassy	Jakarta	-6.2299	106.8355
LA	IN	embassy	New Delhi	28.5314	77.2435
LA	JP	embassy	Tokyo	35.6582	139.7269
LA	KP	embassy	Pyongyang	39.0167	125.7475
LA	MN	embassy	Ulaanbaatar	47.9214	106.9055
LA	PH	embassy	Taguig	14.5167	121.0500
LA	RU	embassy	Moscow	55.7589	37.5903
LA	SE	embassy	Stockholm	59.3232	17.9921
LA	US	embassy	Washington, D.C.	38.9139	-77.0494
LB	AR	embassy	Buenos Aires	-34.5804	-58.4054
LB	AT	embassy	Vienna	48.2116	16.3617
LB	AU	embassy	Canberra	-35.3494	149.1121
LB	BE	embassy	Brussels	50.8027	4.3878
LB	BG	embassy	Sofia	42.6729	23.3529
LB	BH	embassy	Manama	26.2165	50.5610
LB	BR	embassy	Brasília	-15.8144	-47.8832
LB	BY	consulate		53.9118	27.5891
LB	CA	embassy	Ottawa	45.4047	-75.6936
LB	CH	embassy	Muri bei Bern	46.9353	7.4798
LB	CI	embassy	Abidjan	5.3166	-4.0173
LB	CL	embassy	Las Condes	-33.3730	-70.5083
LB	CN	embassy	Beijing	39.9447	116.4509
LB	CO	embassy	Bogotá	4.6602	-74.0585
LB	CY	embassy	Agios Dometios	35.1684	33.3378
LB	CZ	embassy	Prague	50.0790	14.4206
LB	DE	embassy	Berlin	52.5699	13.4119
LB	EC	embassy	Quito	-0.1952	-78.4802
LB	EG	consulate_general	Alexandria	31.1988	29.9079
LB	ES	embassy	Madrid	40.4609	-3.6891
LB	FR	consulate_general	Marseille	43.2627	5.3782
LB	FR	embassy	Paris	48.8695	2.2874
LB	GB	embassy	London	51.5081	-0.1921
LB	GR	embassy	Palaio Psychiko	38.0064	23.7773
LB	ID	embassy	Jakarta	-6.2297	106.8311
LB	IN	embassy	New Delhi	28.5608	77.1621
LB	IT	embassy	Rome	41.9054	12.4579
LB	IT	embassy	Rome	41.9193	12.4914
LB	JP	embassy	Tokyo	35.6894	139.6917
LB	MX	embassy	Mexico City	19.4272	-99.1976
LB	PL	embassy	Warsaw	52.2075	21.0161
LB	PY	embassy	Asunción	-25.2865	-57.6031
LB	QA	embassy	Doha	25.3435	51.5180
LB	RO	embassy	Bucharest	44.4432	26.1011
LB	RS	embassy	Belgrade	44.7773	20.4633
LB	RU	embassy	Moscow	55.7731	37.6176
LB	SA	embassy	Riyadh	24.6777	46.6272
LB	SE	embassy	Stockholm	59.3374	18.0869
LB	TR	embassy	Ankara	39.8907	32.8728
LB	UA	embassy	Kyiv	50.4254	30.5232
LB	US	embassy	Washington, D.C.	38.9225	-77.0561
LB	UY	embassy	Montevideo	-34.9022	-56.1658
LB	ZA	embassy	Pretoria	-25.7726	28.2243
LC	BE	embassy	Brussels	50.8298	4.3594
LC	FR	consulate_general	Fort-de-France	14.6035	-61.0782
LC	GB	high_commission	London	51.4914	-0.1870
LC	TW	embassy	Taipei	25.1173	121.5242
LC	US	embassy	Washington, D.C.	38.9029	-77.0379
LI	AT	embassy	Vienna	48.2093	16.3626
LI	BE	embassy	Brussels	50.8497	4.3634
LI	CH	embassy	Bern	46.9357	7.4629
LI	DE	embassy	Berlin	52.5126	13.3945
LI	US	embassy	Washington, D.C.	38.9020	-77.0590
LK	AT	embassy	Vienna	48.1882	16.3746
LK	AU	high_commission	Canberra	-35.3113	149.1080
LK	BE	embassy	Ixelles	50.8174	4.3619
LK	BH	embassy	Manama	26.2074	50.5826
LK	BR	embassy	Brasília	-15.8250	-47.8145
LK	CA	high_commission	Ottawa	45.4184	-75.7001
LK	CN	embassy	Beijing	39.9121	116.4445
LK	CU	embassy	Havana	23.1191	-82.4255
LK	DE	embassy	Berlin	52.4338	13.2307
LK	FR	embassy	Paris	48.8688	2.2777
LK	GB	high_commission	London	51.5128	-0.1709
LK	GN	embassy	Conakry	9.5471	-13.6729
LK	ID	embassy	Jakarta	-6.1999	106.8452
LK	IN	high_commission	New Delhi	28.6034	77.1922
LK	IT	embassy	Rome	41.9221	12.5017
LK	JP	embassy	Tokyo	35.6399	139.7369
LK	KR	embassy	Seoul	37.5556	127.0122
LK	NO	embassy	Oslo	59.9201	10.6823
LK	PH	embassy	Q1508	14.5567	121.0214
LK	PL	embassy	Warsaw	52.1706	21.0845
LK	RU	embassy	Moscow	55.7779	37.6293
LK	SA	embassy	Riyadh	24.6951	46.6938
LK	SE	embassy	Stockholm	59.3320	18.0900
LK	TR	embassy	Ankara	39.8933	32.8672
LK	US	embassy	Washington, D.C.	38.9169	-77.0489
LK	ZA	high_commission	Pretoria	-25.7667	28.2390
LR	BE	embassy	Brussels	50.8434	4.3842
LR	CI	embassy	Abidjan	5.3303	-3.9949
LR	DE	embassy	Bezirk Mitte	52.5047	13.3442
LR	FR	embassy	Paris	48.8827	2.3113
LR	GB	embassy	London	51.5229	-0.1408
LR	GN	embassy	Ratoma	9.5989	-13.6548
LR	IT	embassy	Rome	41.9236	12.4477
LR	JP	embassy	Shinjuku	35.6941	139.7355
LR	SA	embassy	Riyadh	24.7291	46.6867
LR	US	embassy	Washington, D.C.	38.9533	-77.0361
LR	ZA	embassy	Pretoria	-25.7503	28.2169
LS	BE	embassy	Schaerbeek	50.8564	4.3974
LS	CA	high_commission	Ottawa	45.4214	-75.6972
LS	CH	embassy	Geneva	46.2139	6.1456
LS	DE	embassy	Teltow	52.3935	13.2710
LS	GB	high_commission	London	51.4976	-0.1554
LS	IE	embassy	Dublin	53.3351	-6.2460
LS	IN	high_commission	New Delhi	28.5611	77.1580
LS	IT	embassy	Rome	41.9187	12.5047
LS	JP	embassy	Tokyo	35.6721	139.7300
LS	MY	high_commission	Kuala Lumpur	3.1581	101.7458
LS	US	embassy	Washington, D.C.	38.9158	-77.0553
LS	ZA	high_commission	Pretoria	-25.7665	28.2532
LT	AE	embassy	Abu Dhabi	24.4775	54.3866
LT	AM	embassy	Yerevan	40.1970	44.5263
LT	AT	embassy	Vienna	48.2068	16.3942
LT	AU	embassy	Canberra	-35.3086	149.1361
LT	AZ	embassy	Baku	40.3894	49.8220
LT	BE	embassy	Brussels	50.8417	4.3717
LT	BY	embassy	Minsk	53.8970	27.5864
LT	CA	embassy	Ottawa	45.4200	-75.6950
LT	CH	embassy	Bern	46.9389	7.4758
LT	CH	embassy	Bern	46.9480	7.4474
LT	CN	embassy	Beijing	39.9604	116.4632
LT	CZ	embassy	Prague	50.0712	14.3754
LT	DE	embassy	Berlin	52.5232	13.3789
LT	EE	embassy	Tallinn	59.4391	24.7497
LT	EG	embassy	Cairo	30.0682	31.2224
LT	ES	embassy	Madrid	40.4493	-3.6835
LT	FI	embassy	Helsinki	60.1708	24.9596
LT	FR	embassy	Paris	48.8800	2.3066
LT	GB	embassy	London	51.4894	-0.1308
LT	GE	embassy	Tbilisi	41.6747	44.8176
LT	GR	embassy	Athens	37.9722	23.7438
LT	HR	embassy	Zagreb	45.7985	15.9700
LT	HU	embassy	Budapest District V	47.4967	19.0526
LT	IE	embassy	Dublin	53.3197	-6.2217
LT	IL	embassy	Ramat Gan	32.0851	34.8046
LT	IN	embassy	New Delhi	28.5782	77.1647
LT	IT	embassy	Rome	41.8986	12.4658
LT	IT	embassy	Rome	41.9052	12.4731
LT	JP	embassy	Tokyo	35.6562	139.7297
LT	KR	embassy	Seoul	37.5706	126.9781
LT	KZ	embassy	Astana	51.1462	71.4235
LT	LV	embassy	Riga	56.9561	24.1096
LT	MD	embassy	Chișinău	47.0121	28.8473
LT	NO	embassy	Oslo	59.9080	10.7437
LT	PL	consulate	Sejny	54.1105	23.3488
LT	PL	embassy	Warsaw	52.2258	21.0239
LT	RO	embassy	Bucharest	44.4661	26.0847
LT	RU	embassy	Moscow	55.7547	37.5907
LT	SE	embassy	Stockholm	59.3322	18.0832
LT	SG	embassy	Singapore	1.2817	103.8506
LT	TR	embassy	Ankara	39.8904	32.8740
LT	UA	embassy	Kyiv	50.4064	30.5577
LT	US	embassy	Washington, D.C.	38.9239	-77.0372
LT	ZA	embassy	Pretoria	-25.7440	28.2367
LU	AE	embassy	Abu Dhabi	24.4641	54.3276
LU	AT	embassy	Vienna	48.2326	16.3313
LU	BE	embassy	Brussels	50.8447	4.3895
LU	BR	embassy	Brasília	-15.8311	-47.8649
LU	CA	consulate	Ottawa	45.4202	-75.7011
LU	CH	embassy	Bern	46.9479	7.4501
LU	CN	embassy	Beijing	39.9330	116.4589
LU	CV	embassy	Praia	14.9040	-23.5195
LU	CZ	embassy	Prague	50.0711	14.4240
LU	DE	embassy	Berlin	52.5070	13.3511
LU	ES	embassy	Madrid	40.4302	-3.6857
LU	ET	embassy	Addis Ababa	8.9999	38.7793
LU	FR	consulate_general	Strasbourg	48.5913	7.7686
LU	FR	embassy	7th arrondissement of Paris	48.8588	2.3009
LU	GB	embassy	London	51.5009	-0.1547
LU	GR	embassy	Athens	37.9759	23.7416
LU	IN	embassy	New Delhi	28.5882	77.2146
LU	IT	embassy	Rome	41.8914	12.5105
LU	IT	embassy	Rome	41.9024	12.5027
LU	JP	embassy	Tokyo	35.6898	139.7374
LU	KR	embassy	Seoul	37.5673	126.9871
LU	NI	embassy	Managua	12.1406	-86.2773
LU	PL	embassy	Warsaw	52.2071	21.0254
LU	PT	embassy	Lisbon	38.7056	-9.1600
LU	RU	embassy	Moscow	55.7438	37.5966
LU	SN	embassy	Dakar	14.7511	-17.4924
LU	TH	embassy	Bangkok	13.7254	100.5444
LU	TR	embassy	Ankara	39.8965	32.8699
LU	US	embassy	Washington, D.C.	38.9113	-77.0491
LU	XK	embassy	Pristina	42.6635	21.1526
LV	AE	embassy	Abu Dhabi	24.4602	54.3343
LV	AT	embassy	Vienna	48.2524	16.3328
LV	AU	embassy	Canberra	-35.2824	149.1327
LV	AZ	embassy	Baku	40.3742	49.8449
LV	BE	embassy	Brussels	50.8460	4.3693
LV	BY	consulate	Vitebsk	55.1864	30.2063
LV	BY	embassy	Minsk	53.9189	27.5876
LV	CA	embassy	Ottawa	45.4186	-75.7056
LV	CN	embassy	Beijing	39.9504	116.4599
LV	CZ	embassy	Prague	50.0734	14.4501
LV	DE	embassy	Berlin	52.4841	13.2862
LV	EE	embassy	Tallinn	59.4299	24.7409
LV	EG	embassy	Cairo	30.0635	31.2162
LV	ES	embassy	Madrid	40.4145	-3.6902
LV	FI	embassy	Helsinki	60.1564	24.9390
LV	FR	embassy	Paris	48.8734	2.2795
LV	GB	embassy	City of Westminster	51.5224	-0.1535
LV	GE	embassy	Tbilisi	41.6911	44.8252
LV	GR	embassy	Athens	37.9722	23.7438
LV	HU	embassy	Budapest	47.4878	19.0136
LV	IE	embassy	Dublin	53.3329	-6.2526
LV	IL	embassy	Tel Aviv	32.0776	34.7891
LV	IN	embassy	New Delhi	28.5776	77.1643
LV	IT	embassy	Rome	41.9187	12.4937
LV	JP	embassy	Tokyo	35.6652	139.6911
LV	KR	embassy	Seoul	37.5422	127.0045
LV	KZ	embassy	Astana	51.1462	71.4235
LV	LT	embassy	Vilnius	54.6820	25.2563
LV	MD	embassy	Chișinău	47.0226	28.8264
LV	NO	embassy	Oslo	59.9190	10.6988
LV	PL	embassy	Warsaw	52.2339	21.0555
LV	RU	embassy	Moscow	55.7640	37.6465
LV	SE	embassy	Stockholm	59.3464	18.0664
LV	TR	embassy	Ankara	39.8921	32.8697
LV	UA	embassy	Kyiv	50.4423	30.5470
LV	US	embassy	Washington, D.C.	38.9118	-77.0512
LV	UZ	embassy	Tashkent	41.3213	69.2946
LY	AL	embassy	Tirana	41.3105	19.8389
LY	AR	embassy	Buenos Aires	-34.5721	-58.4635
LY	AT	embassy	Vienna	48.2382	16.3413
LY	AU	embassy	Canberra	-35.3512	149.1087
LY	AZ	embassy	Baku	40.3685	49.8160
LY	BA	embassy	Centar Municipality	43.8748	18.4121
LY	BE	embassy	Brussels	50.8083	4.3826
LY	BG	embassy	Sofia	42.6544	23.3682
LY	BR	embassy	Brasília	-15.8480	-47.8861
LY	BY	embassy	Minsk	53.8931	27.5613
LY	CA	embassy	Ottawa	45.4202	-75.6946
LY	CH	embassy	Bern	46.9479	7.4615
LY	CL	embassy	Vitacura	-33.3963	-70.5942
LY	CN	embassy	Beijing	39.9442	116.4538
LY	CY	embassy	Nicosia	35.1684	33.3607
LY	CZ	embassy	Prague	50.1043	14.3691
LY	DE	embassy	Berlin	52.4656	13.2959
LY	EG	consulate_general	Alexandria	31.1975	29.9119
LY	EG	embassy	Zamalek	30.0619	31.2206
LY	ES	embassy	Madrid	40.4658	-3.6728
LY	FR	consulate_general	Marseille	43.2742	5.3839
LY	FR	embassy	Paris	48.8479	2.3049
LY	GB	embassy	City of Westminster	51.5023	-0.1540
LY	GN	embassy	Kaloum	9.5180	-13.7037
LY	GR	embassy	Palaio Psychiko	38.0051	23.7734
LY	HR	embassy	Zagreb	45.8434	15.9669
LY	IN	embassy	New Delhi	28.5676	77.1627
LY	IT	embassy	Rome	41.9060	12.4671
LY	IT	embassy	Rome	41.9244	12.5198
LY	JP	embassy	Tokyo	35.6510	139.7047
LY	KP	embassy	Pyongyang	39.0241	125.7960
LY	MT	embassy	Balzan	35.8937	14.4542
LY	MX	embassy	Mexico City	19.4343	-99.1977
LY	NE	embassy	Niamey I	13.5246	2.0800
LY	PL	embassy	Warsaw	52.1377	21.0285
LY	PT	embassy	Lisbon	38.7076	-9.2154
LY	RO	embassy	Bucharest	44.4682	26.0719
LY	RS	embassy	Belgrade	44.7744	20.4642
LY	RU	embassy	Moscow	55.7195	37.5198
LY	SA	embassy	Riyadh	24.6852	46.6266
LY	SE	embassy	Stockholm	59.3456	18.0695
LY	TD	embassy	N'Djamena	12.1175	15.0306
LY	TR	embassy	Ankara	39.8920	32.8557
LY	UA	embassy	Kyiv	50.4704	30.4737
LY	US	embassy	Washington, D.C.	38.9756	-77.0343
LY	ZA	embassy	Pretoria	-25.7436	28.2244
MA	AE	consulate_general	Dubai	25.2697	55.3094
MA	AE	embassy	Abu Dhabi	24.4511	54.3969
MA	AO	embassy	Luanda	-8.8383	13.2344
MA	AR	embassy	Buenos Aires	-34.5772	-58.4063
MA	AT	embassy	Vienna	48.2336	16.3351
MA	AU	embassy	Canberra	-35.3521	149.1075
MA	AZ	embassy	Baku	40.3667	49.8352
MA	BD	embassy	Dhaka	23.7289	90.3944
MA	BE	consulate_general	Antwerp	51.2211	4.3997
MA	BE	consulate_general	Brussels	50.8467	4.3517
MA	BE	consulate_general	Liège	50.6397	5.5706
MA	BE	embassy	Etterbeek	50.8356	4.4061
MA	BF	embassy	Ouagadougou	12.3052	-1.5162
MA	BG	embassy	Stolichna Municipality	42.6731	23.3211
MA	BH	embassy	Manama	26.2167	50.5833
MA	BI	embassy	Bujumbura	-3.3825	29.3611
MA	BJ	embassy	Cotonou	6.3667	2.4167
MA	BR	embassy	Brasília	-15.7905	-47.8669
MA	CA	consulate_general	Montreal	45.4889	-73.5807
MA	CA	consulate_general	Toronto	43.6703	-79.3867
MA	CA	embassy	Ottawa	45.4262	-75.6727
MA	CD	embassy	Gombe	-4.3031	15.3033
MA	CF	embassy	Bangui	4.3732	18.5628
MA	CG	embassy	Brazzaville	-4.2693	15.2785
MA	CH	embassy	Bern	46.9397	7.4509
MA	CI	embassy	Abidjan	5.3392	-4.0132
MA	CL	embassy	Las Condes	-33.4126	-70.5792
MA	CM	embassy	Yaoundé	3.8578	11.5181
MA	CN	embassy	Beijing	39.9370	116.4500
MA	CO	embassy	Bogotá	4.6860	-74.0552
MA	CU	embassy	Havana	23.1367	-82.3589
MA	CZ	embassy	Prague	50.0958	14.4075
MA	DE	consulate_general	Düsseldorf	51.2256	6.7767
MA	DE	consulate_general	Frankfurt	50.1106	8.6822
MA	DE	embassy	Bezirk Mitte	52.5130	13.3979
MA	DO	embassy	Santo Domingo	18.4625	-69.9361
MA	DZ	consulate_general	Algiers	36.7764	3.0586
MA	DZ	consulate_general	Oran	35.6969	-0.6331
MA	DZ	consulate_general	Sidi Bel Abbès	35.2000	-0.6333
MA	DZ	embassy	El Mouradia	36.7592	3.0444
MA	EG	embassy	Cairo	30.0585	31.2183
MA	ES	consulate_general	Algeciras	36.1275	-5.4539
MA	ES	consulate_general	Almería city	36.8384	-2.4707
MA	ES	consulate_general	Barcelona	41.3825	2.1769
MA	ES	consulate_general	Bilbao	43.2631	-2.9350
MA	ES	consulate_general	Girona	41.9831	2.8249
MA	ES	consulate_general	Las Palmas de Gran Canaria	28.0994	-15.4134
MA	ES	consulate_general	Madrid	40.4169	-3.7033
MA	ES	consulate_general	Murcia City	37.9834	-1.1304
MA	ES	consulate_general	Palma	39.5667	2.6497
MA	ES	consulate_general	Seville city	37.3862	-5.9925
MA	ES	consulate_general	Tarragona City	41.1167	1.2500
MA	ES	consulate_general	Valencia	39.4700	-0.3764
MA	ES	embassy	Madrid	40.4494	-3.6830
MA	ET	embassy	Addis Ababa	9.0358	38.7525
MA	FI	embassy	Helsinki	60.1658	24.9493
MA	FR	consulate_general	1st arrondissement of Marseille	43.2976	5.3810
MA	FR	consulate_general	3rd arrondissement of Lyon	45.7548	4.8716
MA	FR	consulate_general	Bastia	42.7000	9.4494
MA	FR	consulate_general	Bordeaux	44.8378	-0.5794
MA	FR	consulate_general	Colombes	48.9236	2.2522
MA	FR	consulate_general	Dijon	47.3231	5.0419
MA	FR	consulate_general	Lille	50.6319	3.0575
MA	FR	consulate_general	Montpellier	43.6109	3.8772
MA	FR	consulate_general	Orly	48.7436	2.3928
MA	FR	consulate_general	Orléans	47.9022	1.9042
MA	FR	consulate_general	Paris	48.8567	2.3522
MA	FR	consulate_general	Pontoise	49.0484	2.0958
MA	FR	consulate_general	Rennes	48.1166	-1.6719
MA	FR	consulate_general	Strasbourg	48.5892	7.7822
MA	FR	consulate_general	Toulouse	43.6044	1.4433
MA	FR	consulate_general	Villemomble	48.8903	2.5111
MA	FR	embassy	Paris	48.8600	2.2868
MA	GA	embassy	Libreville	0.4828	9.3933
MA	GB	consulate_general	London	51.5072	-0.1275
MA	GB	embassy	London	51.4960	-0.1820
MA	GH	embassy	Accra	5.5560	-0.1969
MA	GN	embassy	Conakry	9.5417	-13.6831
MA	GQ	embassy	Malabo	3.7521	8.7737
MA	GR	embassy	Palaio Psychiko	38.0146	23.7837
MA	GT	embassy	Guatemala City	14.5959	-90.5169
MA	HR	embassy	Zagreb	45.8412	15.9585
MA	HU	embassy	Budapest	19.0139	47.5062
MA	ID	embassy	Jakarta	-6.2341	106.8276
MA	IE	embassy	Dublin	53.3295	-6.2390
MA	IN	embassy	New Delhi	28.5678	77.1581
MA	IQ	embassy	Baghdad	33.3153	44.3661
MA	IT	consulate_general	Bologna	44.4939	11.3428
MA	IT	consulate_general	Milan	45.4669	9.1900
MA	IT	consulate_general	Naples	40.8358	14.2486
MA	IT	consulate_general	Palermo	38.1157	13.3613
MA	IT	consulate_general	Rome	41.8931	12.4828
MA	IT	consulate_general	Turin	45.0792	7.6761
MA	IT	consulate_general	Verona	45.4386	10.9928
MA	IT	embassy	Rome	41.8950	12.4574
MA	IT	embassy	Rome	41.9183	12.5026
MA	JO	embassy	Amman	31.9827	35.8997
MA	JP	embassy	Tokyo	35.6622	139.7143
MA	KE	embassy	Nairobi	-1.2864	36.8172
MA	KR	embassy	Seoul	37.5600	126.9900
MA	KW	embassy	Kuwait City	29.3071	47.9719
MA	KZ	embassy	Astana	51.1333	71.4333
MA	LB	embassy	Baabda	33.8342	35.5436
MA	LC	embassy	Rodney Bay	14.0748	-60.9527
MA	LY	consulate_general	Benghazi	32.1167	20.0667
MA	LY	consulate_general	Tripoli	32.8875	13.1875
MA	MG	embassy	Antananarivo	-18.9100	47.5250
MA	ML	embassy	Bamako	12.6458	-7.9922
MA	MR	consulate_general	Nouadhibou	20.9148	-17.0502
MA	MR	embassy	Nouakchott	18.0980	-15.9757
MA	MX	embassy	Mexico City	19.4090	-99.2291
MA	MY	embassy	Kuala Lumpur	3.1478	101.6953
MA	MZ	embassy	Maputo	-25.9689	32.5733
MA	NE	embassy	Niamey	13.5071	2.1113
MA	NG	embassy	Q3787	9.0884	7.5036
MA	NO	embassy	Oslo	59.9237	10.7228
MA	OM	embassy	Muscat	23.6139	58.5922
MA	PA	embassy	Panama City	8.9986	-79.5003
MA	PE	embassy	San Isidro	-12.0987	-77.0335
MA	PH	embassy	Taguig	14.5167	121.0500
MA	PK	embassy	Islamabad	33.6989	73.0369
MA	PL	embassy	Warsaw	52.2010	21.0117
MA	PT	embassy	Lisbon	38.7023	-9.2198
MA	PY	embassy	Asunción	-25.2902	-57.5807
MA	QA	embassy	Doha	25.2861	51.5294
MA	RO	embassy	Bucharest	44.4501	26.1007
MA	RS	embassy	Belgrade	44.7929	20.4366
MA	RU	embassy	Moscow	55.7438	37.5942
MA	RW	embassy	Kigali	-1.9525	30.1150
MA	SA	consulate_general	Jeddah	21.5292	39.1611
MA	SA	embassy	Riyadh	24.6802	46.6222
MA	SD	embassy	Khartoum	15.6031	32.5265
MA	SE	embassy	Stockholm	59.3288	18.0435
MA	SN	embassy	Dakar	14.6998	-17.4694
MA	SY	embassy	Damascus	33.5131	36.2919
MA	TD	embassy	N'Djamena	12.1153	15.0302
MA	TH	embassy	Bangkok	13.7228	100.5318
MA	TN	consulate_general	Tunis	36.8008	10.1800
MA	TN	embassy	Tunis	36.8278	10.1763
MA	TR	consulate_general	Istanbul	41.0100	28.9603
MA	TR	embassy	Ankara	39.8954	32.8707
MA	TZ	embassy	Dar es Salaam	-6.7827	39.2818
MA	UA	embassy	Kyiv	50.4282	30.5145
MA	US	consulate_general	Miami	25.7833	-80.2167
MA	US	consulate_general	New York City	40.7128	-74.0061
MA	US	embassy	Washington, D.C.	38.9417	-77.0674
MA	UY	embassy	Montevideo	-34.9059	-56.1913
MA	VN	embassy	Hanoi	21.0245	105.8412
MA	ZA	embassy	Pretoria	-25.7476	28.2197
MA	ZM	embassy	Lusaka	-15.4167	28.2833
MC	BE	embassy	Brussels	50.8394	4.3682
MC	CH	embassy	Bern	46.9445	7.4571
MC	DE	embassy	Bezirk Mitte	52.5067	13.3517
MC	ES	embassy	Madrid	40.4225	-3.6888
MC	FR	embassy	Paris	48.8599	2.2660
MC	GB	embassy	London	51.5106	-0.1537
MC	IT	embassy	Rome	41.9172	12.4940
MC	IT	embassy	Rome	41.9241	12.4873
MC	PT	embassy	Lisbon	38.7149	-9.1631
MC	US	embassy	Washington, D.C.	38.9419	-77.0637
MD	AE	embassy	Abu Dhabi	24.4390	54.4086
MD	AT	embassy	Vienna	48.2068	16.3942
MD	AZ	embassy	Baku	40.3683	49.8151
MD	BE	embassy	Brussels	50.8086	4.3835
MD	BG	embassy	Sofia	42.6875	23.3224
MD	BY	embassy	Minsk	53.8934	27.5610
MD	CA	embassy	Ottawa	45.4192	-75.7003
MD	CH	embassy	Geneva	46.2200	6.1439
MD	CN	embassy	Beijing	39.9442	116.4453
MD	CZ	embassy	Prague	50.1073	14.4026
MD	DE	consulate_general	Frankfurt	50.1106	8.6822
MD	DE	embassy	Berlin	52.5563	13.4118
MD	EE	embassy	Tallinn	59.4375	24.7602
MD	ES	embassy	Madrid	40.4609	-3.6891
MD	FR	embassy	Paris	48.8756	2.2828
MD	GB	embassy	London	51.4840	-0.2550
MD	GR	embassy	Athens	37.9989	23.7670
MD	HU	embassy	Budapest District II	47.5148	19.0276
MD	IE	embassy	Dublin	53.3381	-6.2471
MD	IL	embassy	Tel Aviv	32.0751	34.7844
MD	IT	embassy	Rome	41.9458	12.4257
MD	JP	embassy	Tokyo	35.7050	139.7287
MD	LT	embassy	Vilnius	54.7007	25.2436
MD	LV	embassy	Riga	56.9592	24.1070
MD	PL	embassy	Warsaw	52.1867	21.0347
MD	PT	embassy	Lisbon	38.7064	-9.2132
MD	QA	embassy	Doha	25.3513	51.5157
MD	RO	embassy	Bucharest	44.4337	26.0714
MD	RU	embassy	Moscow	55.7619	37.6226
MD	SE	embassy	Stockholm	59.3432	18.0723
MD	TR	embassy	Ankara	39.8952	32.8165
MD	UA	embassy	Kyiv	50.4111	30.5388
MD	US	embassy	Washington, D.C.	38.9143	-77.0467
ME	AE	embassy	Abu Dhabi	24.4248	54.4271
ME	AL	embassy	Tirana	41.3270	19.8208
ME	AR	embassy	Buenos Aires	-34.5948	-58.3842
ME	AT	embassy	Vienna	48.2025	16.3628
ME	BA	embassy	Centar Municipality	43.8483	18.3954
ME	BE	embassy	Ixelles	50.8367	4.3700
ME	BG	embassy	Sofia	42.6790	23.3555
ME	CH	embassy	Bern	46.9480	7.4430
ME	CN	embassy	Beijing	39.9364	116.4512
ME	DE	embassy	Berlin	52.5164	13.3910
ME	ES	embassy	Madrid	40.4210	-3.6852
ME	FR	embassy	Paris	48.8684	2.2757
ME	GB	embassy	London	51.4997	-0.1847
ME	GR	embassy	Athens	37.9765	23.7439
ME	HR	embassy	Zagreb	45.8115	15.9776
ME	HU	embassy	Budapest District V	47.5019	19.0499
ME	IT	embassy	Rome	41.9029	12.4598
ME	IT	embassy	Rome	41.9177	12.4933
ME	MK	embassy	Skopje	41.9957	21.4172
ME	PL	embassy	Warsaw	52.2262	21.0233
ME	RO	embassy	Bucharest	44.4612	26.0839
ME	RS	embassy	Belgrade	44.8161	20.4592
ME	RU	embassy	Moscow	55.7276	37.6160
ME	SI	embassy	Ljubljana	46.0571	14.5192
ME	TR	embassy	Ankara	39.8963	32.8769
ME	UA	embassy	Kyiv	50.4282	30.5145
ME	US	embassy	Washington, D.C.	38.9117	-77.0419
ME	XK	embassy	Pristina	42.6625	21.1631
MG	BE	embassy	Woluwe-Saint-Pierre	50.8350	4.4212
MG	CA	embassy	Ottawa	45.3862	-75.6154
MG	CH	embassy	Geneva	46.2204	6.1204
MG	CN	embassy	Beijing	39.9412	116.4519
MG	DE	embassy	Falkensee	52.5727	13.1211
MG	FR	consulate_general	Marseille	43.2776	5.3758
MG	FR	consulate_general	Saint-Denis	-20.8789	55.4481
MG	FR	embassy	Paris	48.8609	2.2677
MG	GB	embassy	London	51.5009	-0.1625
MG	IN	embassy	New Delhi	28.5468	77.2090
MG	IT	embassy	Rome	41.9486	12.4562
MG	JP	embassy	Minato	35.6536	139.7277
MG	MA	embassy	Rabat	34.0211	-6.8414
MG	MU	embassy	Vacoas-Phoenix	-20.3104	57.5129
MG	RU	embassy	Moscow	55.7422	37.6064
MG	SA	embassy	Riyadh	24.7022	46.6469
MG	SN	embassy	Dakar	14.7430	-17.5085
MG	US	embassy	Washington, D.C.	38.9131	-77.0528
MG	ZA	embassy	Pretoria	-25.7395	28.2404
MH	FJ	embassy	Suva	-18.1303	178.4400
MH	JP	embassy	Setagaya	35.6129	139.6525
MH	TW	embassy	Taipei	25.1172	121.5241
MH	US	embassy	Washington, D.C.	38.9147	-77.0536
MK	AE	embassy	Abu Dhabi	24.4508	54.3599
MK	AL	embassy	Tirana	41.3275	19.8082
MK	AT	embassy	Vienna	48.2156	16.3445
MK	AU	embassy	Canberra	-35.3605	149.1058
MK	BA	embassy	Centar Municipality	43.8497	18.4017
MK	BE	embassy	Brussels	50.8453	4.3704
MK	BG	embassy	Stolichna Municipality	42.6719	23.3528
MK	BR	embassy	Brasília	-15.8261	-47.8220
MK	CA	embassy	Ottawa	45.4214	-75.6972
MK	CH	embassy	Bern	46.9400	7.4508
MK	CN	embassy	Beijing	39.9330	116.4527
MK	CZ	embassy	Veleslavín	50.0911	14.3539
MK	DE	embassy	Berlin	52.4938	13.2847
MK	EE	embassy	Tallinn	59.4416	24.7448
MK	EG	embassy	Cairo	29.9587	31.2578
MK	ES	embassy	Madrid	40.4286	-3.6711
MK	FR	embassy	Paris	48.8684	2.2757
MK	GB	embassy	London	51.4992	-0.1378
MK	GR	embassy	Filothei-Psychiko Municipality	37.9998	23.7681
MK	HR	embassy	Zagreb	45.8099	15.9890
MK	HU	embassy	Budapest District VI	47.5142	19.0761
MK	IL	embassy	Ramat Gan	32.0847	34.8009
MK	IN	embassy	New Delhi	28.5627	77.1628
MK	IT	embassy	Rome	41.8992	12.4527
MK	IT	embassy	Rome	41.9227	12.5010
MK	JP	embassy	Tokyo	35.6289	139.7225
MK	KZ	embassy	Astana	51.1530	71.4460
MK	ME	embassy	Podgorica Capital City	42.4426	19.2637
MK	NO	embassy	Oslo	59.9191	10.7018
MK	PL	embassy	Warsaw	52.1729	21.0734
MK	QA	embassy	Doha	25.3272	51.5177
MK	RO	embassy	Bucharest	44.4417	26.0881
MK	RS	embassy	Belgrade	44.8201	20.4604
MK	RU	embassy	Moscow	55.6881	37.5696
MK	SE	embassy	Stockholm	59.3328	18.0850
MK	SI	embassy	Ljubljana	46.0482	14.4868
MK	TR	consulate_general	Istanbul	41.0358	28.9897
MK	TR	embassy	Ankara	39.8878	32.8725
MK	UA	embassy	Kyiv	50.4282	30.5146
MK	US	embassy	Washington, D.C.	38.9177	-77.0481
MK	XK	embassy	Pristina	42.6662	21.1527
ML	BE	embassy	Ixelles	50.8162	4.3645
ML	BR	embassy	Brasília	-15.8578	-47.9163
ML	CA	embassy	Ottawa	45.4268	-75.6755
ML	CH	embassy	Meyrin	46.2245	6.1009
ML	CI	embassy	Abidjan	5.3193	-4.0121
ML	CN	embassy	Beijing	39.9375	116.4519
ML	DE	embassy	Berlin	52.5002	13.3060
ML	EG	embassy	Giza	30.0453	31.1973
ML	ES	embassy	Madrid	40.4472	-3.6839
ML	FR	consulate_general	6th arrondissement of Lyon	45.7662	4.8416
ML	FR	consulate_general	Bagnolet	48.8706	2.4144
ML	FR	embassy	Paris	48.8473	2.3224
ML	GN	embassy	Conakry	9.5471	-13.6729
ML	IN	embassy	New Delhi	28.5663	77.1921
ML	IT	embassy	Rome	41.9455	12.5240
ML	JP	embassy	Tokyo	35.6308	139.7185
ML	LY	embassy	Tripoli	32.8368	13.0780
ML	NE	consulate_general	Niamey	13.5270	2.0719
ML	RU	embassy	Moscow	55.7383	37.6308
ML	SA	embassy	Riyadh	24.7395	46.6493
ML	TR	embassy	Ankara	39.8570	32.8560
ML	US	embassy	Washington, D.C.	38.9122	-77.0481
ML	ZA	embassy	Pretoria	-25.7452	28.2234
MM	AT	embassy	Vienna	48.2331	16.4141
MM	AU	embassy	Canberra	-35.3070	149.1142
MM	BE	embassy	Schaerbeek	50.8588	4.3952
MM	BR	embassy	Brasília	-15.8430	-47.8873
MM	CA	embassy	Ottawa	45.3976	-75.7441
MM	CH	embassy	Geneva	46.2210	6.1477
MM	CN	consulate_general	Chongqing	29.5500	106.5069
MM	CN	embassy	Beijing	39.9392	116.4526
MM	CZ	embassy	Prague	50.0805	14.4294
MM	DE	embassy	Berlin	52.4553	13.2848
MM	FR	embassy	Paris	48.8777	2.3136
MM	GB	embassy	London	51.5075	-0.1484
MM	ID	embassy	Jakarta	-6.1939	106.8254
MM	IL	embassy	Tel Aviv	32.0631	34.7622
MM	IN	embassy	New Delhi	28.5949	77.1873
MM	IT	embassy	Rome	41.9523	12.4515
MM	JP	embassy	Shinagawa	35.6196	139.7361
MM	NO	embassy	Oslo	59.9113	10.7387
MM	PH	embassy	Q1508	14.5567	121.0214
MM	RS	embassy	Belgrade	44.8019	20.4551
MM	RU	embassy	Moscow	55.7572	37.5930
MM	SA	embassy	Riyadh	24.7398	46.6752
MM	TH	embassy	Bangkok	13.7208	100.5256
MM	US	embassy	Washington, D.C.	38.9136	-77.0506
MM	ZA	embassy	Pretoria	-25.7763	28.2419
MN	AT	embassy	Vienna	48.1736	16.2891
MN	AU	embassy	Canberra	-35.3539	149.1051
MN	BE	embassy	Forest	50.8201	4.3360
MN	BG	embassy	Sofia	42.6700	23.3464
MN	CA	embassy	Ottawa	45.4205	-75.6975
MN	CH	embassy	Bellevue	46.2527	6.1515
MN	CN	consulate	Hulunbuir	49.2176	119.7345
MN	CN	consulate	Manzhouli	49.6010	117.4261
MN	CN	consulate_general	Pudong	31.2228	121.5155
MN	CN	embassy	Beijing	39.9100	116.4397
MN	CU	embassy	Havana	23.1112	-82.4348
MN	CZ	embassy	Prague	50.1052	14.4005
MN	DE	embassy	Berlin	52.5133	13.3975
MN	EG	embassy	Cairo	29.9598	31.2560
MN	FR	embassy	Boulogne-Billancourt	48.8447	2.2506
MN	GB	embassy	London	51.5016	-0.1869
MN	HU	embassy	Budapest District II	47.5184	19.0179
MN	IN	embassy	New Delhi	28.5960	77.2320
MN	IT	embassy	Rome	41.9207	12.4954
MN	JP	consulate_general	Osaka	34.6781	135.5090
MN	JP	embassy	Tokyo	35.6623	139.6890
MN	KP	embassy	Pyongyang	39.0230	125.7940
MN	KR	embassy	Seoul	37.5350	127.0106
MN	PL	embassy	Warsaw	52.2073	21.0179
MN	RU	consulate_general	Irkutsk	52.2799	104.2857
MN	RU	consulate_general	Ulan-Ude	51.8272	107.6064
MN	RU	embassy	Moscow	55.7546	37.5885
MN	SE	embassy	Danderyd Municipality	59.4021	18.0352
MN	TH	embassy	Bangkok	13.7411	100.5487
MN	TR	embassy	Ankara	39.8502	32.8306
MN	US	embassy	Washington, D.C.	38.9054	-77.0579
MR	BE	embassy	Brussels	50.7982	4.3919
MR	BR	embassy	Brasília	-15.8381	-47.8815
MR	CH	embassy	Geneva	46.2200	6.1439
MR	CI	embassy	Abidjan	5.3578	-4.0044
MR	CN	embassy	Beijing	39.9370	116.4509
MR	DE	embassy	Berlin	52.4591	13.3044
MR	ES	embassy	Madrid	40.4634	-3.7282
MR	FR	embassy	Paris	48.8680	2.2745
MR	GB	embassy	London	51.4939	-0.1408
MR	IQ	embassy	Baghdad	33.3153	44.3661
MR	IT	embassy	Rome	41.9236	12.4875
MR	JP	embassy	Tokyo	35.6386	139.6878
MR	KW	embassy	Kuwait City	29.3161	47.9886
MR	NE	embassy	Niamey	13.5302	2.0737
MR	RU	embassy	Moscow	55.7323	37.5654
MR	SA	embassy	Riyadh	24.7360	46.6778
MR	TR	embassy	Ankara	39.8482	32.8197
MR	US	embassy	Washington, D.C.	38.9154	-77.0477
MR	ZA	embassy	Pretoria	-25.7609	28.2376
MT	AE	embassy	Abu Dhabi	24.4062	54.5102
MT	AT	embassy	Vienna	48.2024	16.3682
MT	AU	high_commission	Canberra	-35.3046	149.1139
MT	BE	embassy	Brussels	50.8439	4.3841
MT	CN	embassy	Beijing	39.9329	116.4519
MT	DE	embassy	Berlin	52.5070	13.3514
MT	EG	embassy	Cairo	30.0723	31.2283
MT	ES	embassy	Madrid	40.4357	-3.6897
MT	FR	embassy	Paris	48.8733	2.3070
MT	GB	high_commission	Mayfair	51.5090	-0.1373
MT	GH	high_commission	Accra	5.5720	-0.1973
MT	GR	embassy	Athens	37.9820	23.7565
MT	IE	embassy	Dublin	53.3350	-6.2562
MT	IL	embassy	Tel Aviv	32.0700	34.7866
MT	IN	high_commission	New Delhi	28.5449	77.2126
MT	IT	embassy	Rome	41.9032	12.4740
MT	JP	embassy	Minato	35.6635	139.7446
MT	KW	embassy	Kuwait City	29.2782	48.0510
MT	LY	embassy	Tripoli	32.8857	13.1956
MT	PL	embassy	Warsaw	52.2071	21.0151
MT	PT	embassy	Lisbon	38.7235	-9.1492
MT	RU	embassy	Moscow	55.7287	37.6163
MT	SA	embassy	Riyadh	24.7121	46.6830
MT	TN	embassy	Tunis	36.8446	10.2752
MT	TR	consulate_general	Istanbul	41.0768	29.0132
MT	TR	embassy	Ankara	39.8965	32.8694
MT	US	embassy	Washington, D.C.	38.9172	-77.0470
MU	AU	high_commission	Canberra	-35.3240	149.0926
MU	BE	embassy	Etterbeek	50.8352	4.4058
MU	CH	embassy	Geneva	46.2189	6.1374
MU	CN	embassy	Beijing	39.9416	116.4464
MU	DE	embassy	Bezirk Mitte	52.5047	13.3442
MU	FR	embassy	Paris	48.8894	2.3047
MU	GB	high_commission	London	51.4977	-0.1817
MU	IN	high_commission	New Delhi	28.5920	77.1787
MU	JP	embassy	Tsukiji	35.6649	139.7720
MU	MC	consulate	Monte Carlo	43.7385	7.4266
MU	MY	high_commission	Kuala Lumpur	3.1606	101.7106
MU	RU	embassy	Moscow	55.7476	37.6495
MU	SA	embassy	Riyadh	24.6848	46.6242
MU	US	embassy	Washington, D.C.	38.9074	-77.0390
MU	ZA	high_commission	Pretoria	-25.7448	28.2378
MV	AE	embassy	Abu Dhabi	24.4511	54.3969
MV	BD	high_commission	Dhaka Division	24.1667	90.4167
MV	BE	embassy	Brussels	50.8428	4.3844
MV	CH	embassy	Geneva	46.2204	6.1385
MV	CN	embassy	Beijing	39.9094	116.4381
MV	DE	embassy	Berlin	52.5096	13.3903
MV	GB	high_commission	City of Westminster	51.5216	-0.1530
MV	IN	high_commission	New Delhi	28.5659	77.1603
MV	IN	high_commission	New Delhi	28.6139	77.2089
MV	JP	embassy	Chiyoda	35.6811	139.7424
MV	LK	high_commission	Colombo	6.8852	79.8564
MV	LK	high_commission	Colombo	6.9267	79.8606
MV	MY	high_commission	Kuala Lumpur	3.1555	101.7228
MV	PK	high_commission	Islamabad	33.6989	73.0369
MV	SA	embassy	Riyadh	24.7154	46.6918
MV	SG	high_commission	Singapore	1.3173	103.8436
MV	TH	embassy	Bangkok	13.7500	100.5167
MV	TR	embassy	Ankara	39.8629	32.8541
MW	BE	embassy	Auderghem	50.8134	4.4320
MW	BR	embassy	Brasília	-15.8467	-47.8791
MW	CH	embassy	Geneva	46.2206	6.1354
MW	DE	embassy	Berlin	52.4922	13.3081
MW	GB	high_commission	London	51.5215	-0.1152
MW	IN	high_commission	New Delhi	28.5762	77.1651
MW	JP	embassy	Tokyo	35.6350	139.7315
MW	KW	embassy	Kuwait City	29.2725	48.0256
MW	MZ	high_commission	Maputo	-25.9600	32.6014
MW	US	embassy	Washington, D.C.	38.9133	-77.0531
MW	ZA	high_commission	Pretoria	-25.7396	28.2176
MX	AE	embassy	Abu Dhabi	24.4072	54.4945
MX	AR	embassy	Buenos Aires	-34.5648	-58.4504
MX	AT	embassy	Vienna	48.2127	16.3669
MX	AU	embassy	Canberra	-35.3036	149.1146
MX	AZ	embassy	Baku	40.3831	49.8715
MX	BE	embassy	Brussels	50.8083	4.3850
MX	BO	embassy	La Paz	-16.5419	-68.0841
MX	BR	embassy	Brasília	-15.8151	-47.8839
MX	BZ	embassy	Belmopan	17.2527	-88.7745
MX	CA	embassy	Ottawa	45.4214	-75.6984
MX	CH	embassy	Bern	46.9377	7.4767
MX	CL	embassy	Las Condes	-33.4147	-70.5818
MX	CN	embassy	Beijing	39.9432	116.4525
MX	CO	embassy	Bogotá	4.6914	-74.0345
MX	CR	embassy	San José	9.9365	-84.0722
MX	CU	embassy	Havana	23.1234	-82.4163
MX	CZ	embassy	Prague	50.0801	14.4168
MX	DE	embassy	Berlin	52.5081	13.3511
MX	DO	embassy	Santo Domingo	18.4662	-69.9223
MX	DZ	embassy	Ben Aknoun	36.7588	3.0233
MX	EC	embassy	Quito	-0.1778	-78.4784
MX	EG	embassy	Cairo	29.9533	31.2649
MX	ES	consulate	Barcelona	41.3825	2.1769
MX	ES	embassy	Madrid	40.4160	-3.6974
MX	ET	embassy	Addis Ababa	8.9871	38.7782
MX	FI	embassy	Helsinki	60.1686	24.9354
MX	FR	consulate_general	2nd arrondissement of Paris	48.8681	2.3418
MX	FR	embassy	16th arrondissement of Paris	48.8647	2.2922
MX	GB	embassy	Mayfair	51.5129	-0.1436
MX	GH	embassy	Accra	5.6091	-0.1860
MX	GR	embassy	Athens	37.9771	23.7413
MX	GT	embassy	Guatemala City	14.6058	-90.5131
MX	GY	embassy	Georgetown	6.8076	-58.1597
MX	HN	embassy	Tegucigalpa	14.0939	-87.1793
MX	HT	embassy	Pétion-Ville	18.5071	-72.2835
MX	HU	embassy	Budapest District II	47.5168	19.0280
MX	ID	embassy	Jakarta	-6.2292	106.8250
MX	IE	embassy	Dublin	53.3303	-6.2388
MX	IL	embassy	Tel Aviv	32.0628	34.7629
MX	IN	embassy	New Delhi	28.5801	77.1640
MX	IR	embassy	Tehran	35.7764	51.4267
MX	IT	embassy	Rome	41.9103	12.4657
MX	IT	embassy	Rome	41.9131	12.5094
MX	JM	embassy	Kingston	18.0115	-76.7884
MX	JO	embassy	Amman	31.9549	35.8836
MX	JP	embassy	Chiyoda	35.6769	139.7397
MX	KE	embassy	Nairobi	-1.2535	36.7630
MX	KR	embassy	Seoul	37.5755	126.9805
MX	KW	embassy	Salmiya	29.3385	48.0573
MX	LB	embassy	Dik El Mehdi	33.9287	35.6252
MX	LC	embassy	Castries	14.0196	-60.9978
MX	MA	embassy	Rabat	33.9659	-6.8693
MX	MY	embassy	Kuala Lumpur	3.1565	101.7208
MX	NG	embassy	Q3787	9.0254	7.5214
MX	NI	embassy	Managua	12.1196	-86.2603
MX	NO	embassy	Oslo	59.9167	10.6951
MX	NZ	embassy	Wellington	-41.2851	174.7762
MX	PA	embassy	Panama City	8.9869	-79.5184
MX	PE	embassy	San Isidro	-12.0949	-77.0395
MX	PH	embassy	Q1508	14.5566	121.0165
MX	PL	embassy	Warsaw	52.2249	20.9913
MX	PT	embassy	Lisbon	38.7375	-9.2018
MX	PY	embassy	Asunción	-25.2861	-57.5748
MX	QA	embassy	Doha	25.3309	51.5183
MX	RO	embassy	Bucharest	44.4316	26.0766
MX	RS	embassy	Belgrade	44.7823	20.4616
MX	RU	embassy	Moscow	55.7432	37.5898
MX	SA	embassy	Riyadh	24.6858	46.6253
MX	SE	embassy	Stockholm	59.3385	18.0626
MX	SG	embassy	Singapore	1.2989	103.8593
MX	SV	embassy	San Salvador	13.6908	-89.2433
MX	TH	embassy	Bangkok	13.7254	100.5444
MX	TR	embassy	Ankara	39.8881	32.8496
MX	TT	embassy	Port of Spain	10.6699	-61.5225
MX	UA	embassy	Kyiv	50.4284	30.5220
MX	US	consulate	Portland	45.5165	-122.6867
MX	US	consulate	Seattle	47.6050	-122.3300
MX	US	consulate_general	Nogales	31.3432	-110.9339
MX	US	consulate_general	Texas	32.8163	-96.8635
MX	US	embassy	Washington, D.C.	38.9007	-77.0440
MX	UY	embassy	Montevideo	-34.9059	-56.2052
MX	VE	embassy	Caracas	10.4842	-66.8601
MX	VN	embassy	Hanoi	21.0420	105.8297
MX	ZA	embassy	Pretoria	-25.7703	28.2360
MY	AE	consulate_general	Dubai	25.2697	55.3094
MY	AE	embassy	Abu Dhabi	24.4511	54.3969
MY	AR	embassy	Buenos Aires	-34.5678	-58.4403
MY	AT	embassy	Vienna	48.2531	16.3925
MY	AU	consulate_general	Melbourne	-37.8142	144.9631
MY	AU	consulate_general	Perth	-31.9500	115.8500
MY	AU	high_commission	Canberra	-35.3046	149.1139
MY	AZ	embassy	Baku	40.3667	49.8352
MY	BA	embassy	Centar Municipality	43.8489	18.3990
MY	BD	high_commission	Dhaka	23.7289	90.3944
MY	BE	embassy	Woluwe-Saint-Pierre	50.8265	4.4463
MY	BH	embassy	Manama	26.2167	50.5833
MY	BN	embassy	Bandar Seri Begawan	4.9167	114.9167
MY	BR	embassy	Brasília	-15.8520	-47.9014
MY	CA	consulate_general	Vancouver	49.2608	-123.1139
MY	CA	high_commission	Ottawa	45.4339	-75.6975
MY	CH	embassy	Bern	46.9439	7.4547
MY	CL	embassy	Santiago	-33.4183	-70.5932
MY	CN	consulate_general	Guangzhou	23.1300	113.2600
MY	CN	consulate_general	Hong Kong	22.2783	114.1586
MY	CN	consulate_general	Kunming	25.0433	102.7061
MY	CN	consulate_general	Nanning	22.8192	108.3150
MY	CN	consulate_general	Shanghai	31.2325	121.4692
MY	CN	consulate_general	Xi'an	34.2611	108.9422
MY	CN	embassy	Beijing	39.9510	116.4608
MY	CZ	embassy	Prague	50.1013	14.3755
MY	DE	consulate_general	Frankfurt	50.1106	8.6822
MY	DE	embassy	Berlin	52.5072	13.3512
MY	DZ	embassy	Algiers	36.7764	3.0586
MY	EG	embassy	Cairo	30.0444	31.2358
MY	ES	embassy	Madrid	40.4564	-3.6321
MY	FI	embassy	Helsinki	60.1690	24.9435
MY	FJ	high_commission	Suva	-18.1333	178.4333
MY	FR	embassy	Paris	48.8693	2.2769
MY	GB	embassy	London	51.5000	-0.1527
MY	GH	high_commission	Accra	5.5560	-0.1969
MY	GN	embassy	Conakry	9.5294	-13.6838
MY	HR	embassy	Zagreb	45.8265	15.9725
MY	HU	embassy	Budapest District II	47.5176	19.0005
MY	ID	consulate	Pekanbaru	0.5333	101.4500
MY	ID	consulate	Pontianak	-0.0833	109.3667
MY	ID	consulate_general	Medan	3.5894	98.6739
MY	ID	embassy	Jakarta	-6.2247	106.8322
MY	IE	embassy	Dublin	53.3326	-6.2323
MY	IN	consulate_general	Chennai	13.0825	80.2750
MY	IN	consulate_general	Mumbai	19.0758	72.8775
MY	IN	high_commission	New Delhi	28.5868	77.1876
MY	IQ	embassy	Baghdad	33.3153	44.3661
MY	IR	embassy	Tehran	35.7560	51.3543
MY	IT	embassy	Rome	41.9026	12.4633
MY	IT	embassy	Rome	41.9171	12.5121
MY	JO	embassy	Amman	31.9500	35.9333
MY	JP	embassy	Tokyo	35.6523	139.6955
MY	KE	embassy	Runda	-1.2072	36.8062
MY	KH	embassy	Phnom Penh	11.5696	104.9210
MY	KP	embassy	Pyongyang	39.0336	125.7856
MY	KR	embassy	Seoul	37.5378	127.0122
MY	KW	embassy	Kuwait City	29.3750	47.9800
MY	KZ	embassy	Astana	51.1333	71.4333
MY	LA	embassy	Vientiane	17.9800	102.6300
MY	LB	embassy	Beirut	33.8936	35.4721
MY	LK	embassy	Colombo	6.9267	79.8606
MY	MA	embassy	Rabat	34.0211	-6.8414
MY	MM	embassy	Yangon	16.8053	96.1561
MY	MX	embassy	Mexico City	19.4159	-99.2285
MY	NA	embassy	Windhoek	-22.5700	17.0836
MY	NG	high_commission	Q3787	9.0944	7.4990
MY	NP	embassy	Kathmandu	27.7100	85.3200
MY	NZ	high_commission	Wellington	-41.3031	174.7666
MY	OM	embassy	Muscat	23.6037	58.4427
MY	PE	embassy	San Isidro	-12.1013	-77.0568
MY	PG	embassy	Port Moresby	-9.4789	147.1494
MY	PH	consulate_general	Davao City	7.0662	125.6094
MY	PH	embassy	Q1508	14.5567	121.0214
MY	PK	consulate_general	Karachi	24.8600	67.0100
MY	PK	embassy	Islamabad	33.6989	73.0369
MY	QA	embassy	Doha	25.3444	51.5142
MY	RO	embassy	Bucharest	44.4469	26.1069
MY	RS	embassy	Belgrade	44.7876	20.4456
MY	RU	embassy	Moscow	55.7206	37.5163
MY	SA	consulate_general	Jeddah	21.5292	39.1611
MY	SA	embassy	Riyadh	24.6798	46.6223
MY	SD	embassy	Khartoum	15.6031	32.5265
MY	SE	embassy	Stockholm	59.3413	18.0742
MY	SG	embassy	Singapore	1.2943	103.8250
MY	SN	embassy	Dakar	14.6952	-17.4715
MY	TH	consulate_general	Songkhla	7.2053	100.5969
MY	TH	embassy	Bangkok	13.7500	100.5167
MY	TL	embassy	Dili	-8.5536	125.5783
MY	TM	embassy	Ashgabat	37.9500	58.3833
MY	TR	consulate_general	Istanbul	41.0100	28.9603
MY	TR	embassy	Ankara	39.8885	32.8722
MY	TW	embassy	Taipei	25.0375	121.5625
MY	UA	embassy	Kyiv	50.4312	30.5374
MY	US	consulate_general	Los Angeles	34.0522	-118.2437
MY	US	consulate_general	New York	43.0000	-75.0000
MY	US	embassy	Washington, D.C.	38.9441	-77.0687
MY	UZ	embassy	Tashkent	41.3111	69.2797
MY	VE	embassy	Caracas	10.5061	-66.9144
MY	VN	consulate_general	Ho Chi Minh City	10.7756	106.7019
MY	VN	embassy	Hanoi	21.0245	105.8412
MY	ZA	high_commission	Pretoria	-25.7469	28.2305
MY	ZW	embassy	Harare	-17.8292	31.0522
MZ	AE	embassy	Abu Dhabi	24.4266	54.4146
MZ	AO	embassy	Luanda	-8.8233	13.2370
MZ	BE	embassy	Etterbeek	50.8331	4.4047
MZ	BR	embassy	Brasília	-15.8485	-47.9061
MZ	BW	high_commission	Gaborone	-24.6516	25.9279
MZ	CH	embassy	Geneva	46.2199	6.1365
MZ	CN	embassy	Beijing	39.9455	116.4512
MZ	CU	embassy	Havana	23.1199	-82.4204
MZ	DE	embassy	Bezirk Mitte	52.5294	13.3429
MZ	DZ	embassy	Dély Ibrahim	36.7606	2.9834
MZ	EG	embassy	Giza	30.0402	31.2029
MZ	ES	embassy	Madrid	40.4490	-3.6850
MZ	ET	embassy	Addis Ababa	8.9970	38.7815
MZ	FR	embassy	Paris	48.8847	2.2917
MZ	GB	high_commission	London	51.5231	-0.1411
MZ	ID	embassy	Jakarta	-6.2275	106.8308
MZ	IN	high_commission	New Delhi	28.5795	77.1676
MZ	IT	embassy	Rome	41.9022	12.4640
MZ	IT	embassy	Rome	41.9209	12.4609
MZ	JP	embassy	Tokyo	35.6278	139.6435
MZ	KE	high_commission	Nairobi	-1.2138	36.8055
MZ	MW	high_commission	Lilongwe	-13.9636	33.7878
MZ	PT	embassy	Lisbon	38.7313	-9.1499
MZ	RU	embassy	Moscow	55.7276	37.6157
MZ	SA	embassy	Riyadh	24.7341	46.6923
MZ	SE	embassy	Sollentuna Municipality	59.4291	17.9467
MZ	SZ	high_commission	Mbabane	-26.3398	31.1505
MZ	TZ	high_commission	Dar es Salaam	-6.8136	39.2903
MZ	US	embassy	Washington, D.C.	38.9106	-77.0419
MZ	VN	embassy	Hanoi	21.0279	105.8399
MZ	ZA	high_commission	Pretoria	-25.7412	28.2049
MZ	ZM	high_commission	Lusaka	-15.4040	28.2951
MZ	ZW	embassy	Harare	-17.8229	31.0428
NA	AO	embassy	Luanda	-8.8295	13.2487
NA	AT	embassy	Vienna	48.2442	16.3126
NA	BE	embassy	Woluwe-Saint-Pierre	50.8224	4.4478
NA	BR	embassy	Brasília	-15.8403	-47.8775
NA	CH	embassy	Geneva	46.2198	6.1367
NA	CU	embassy	Havana	23.1170	-82.4268
NA	DE	embassy	Berlin	52.5143	13.2647
NA	FI	embassy	Helsinki	60.1654	24.9511
NA	FR	embassy	Paris	48.8727	2.2787
NA	GB	high_commission	City of Westminster	51.5184	-0.1449
NA	IN	high_commission	New Delhi	28.5662	77.1611
NA	JP	embassy	Tokyo	35.6600	139.7404
NA	MY	high_commission	Kuala Lumpur	3.1519	101.7138
NA	PE	embassy	Lima	-12.0600	-77.0375
NA	RU	embassy	Moscow	55.7336	37.6222
NA	SE	embassy	Stockholm	59.3430	18.0582
NA	US	embassy	Washington, D.C.	38.9117	-77.0411
NA	ZA	high_commission	Pretoria	-25.7440	28.2149
NE	BE	embassy	Brussels	50.8099	4.3836
NE	BJ	embassy	Cotonou	6.3525	2.4354
NE	CH	embassy	Geneva	46.2200	6.1439
NE	CI	embassy	Abidjan	5.3083	-3.9948
NE	DE	embassy	Berlin	52.4266	13.2535
NE	FR	embassy	16th arrondissement of Paris	48.8683	2.2753
NE	IN	embassy	New Delhi	28.5619	77.1555
NE	IT	embassy	Rome	41.9135	12.4610
NE	ML	embassy	Bamako	12.6341	-7.9705
NE	SA	embassy	Riyadh	24.7245	46.6741
NE	TR	embassy	Ankara	39.8905	32.8742
NE	US	embassy	Washington, D.C.	38.9122	-77.0492
NE	ZA	embassy	Pretoria	-25.7434	28.2206
NG	AO	embassy	Luanda	-8.8109	13.2464
NG	AR	embassy	Buenos Aires	-34.5798	-58.3984
NG	AT	embassy	Vienna	48.1965	16.3820
NG	AU	high_commission	Canberra	-35.3124	149.1040
NG	BE	embassy	Woluwe-Saint-Pierre	50.8350	4.4234
NG	BI	embassy	Bujumbura	-3.3920	29.3569
NG	BR	embassy	Brasília	-15.7883	-47.8687
NG	CA	high_commission	Ottawa	45.4154	-75.6905
NG	CH	embassy	Bern	46.9434	7.4305
NG	CI	embassy	Abidjan	5.3282	-4.0199
NG	CN	embassy	Sanlitun Subdistrict	39.9421	116.4543
NG	CZ	embassy	Dejvice	50.1086	14.3772
NG	DE	embassy	Berlin	52.5113	13.4130
NG	EG	embassy	Cairo	30.0546	31.2184
NG	ES	embassy	Madrid	40.4510	-3.6848
NG	FR	embassy	Paris	48.8661	2.2773
NG	GB	high_commission	City of Westminster	51.5067	-0.1254
NG	GH	high_commission	Accra	5.5736	-0.1836
NG	GR	embassy	Filothei-Psychiko Municipality	38.0209	23.7884
NG	HU	embassy	Budapest	47.5119	19.0000
NG	ID	embassy	Jakarta	-6.2340	106.8277
NG	IE	embassy	Dublin	53.3272	-6.2506
NG	IL	embassy	Tel Aviv	32.0819	34.7723
NG	IN	high_commission	New Delhi	28.5873	77.1790
NG	IT	embassy	Rome	41.9015	12.4589
NG	IT	embassy	Rome	41.9064	12.4666
NG	JP	embassy	Tokyo	35.6666	139.7454
NG	KP	embassy	Pyongyang	39.0232	125.7947
NG	LY	embassy	Tripoli	32.8873	13.1925
NG	MX	embassy	Mexico City	19.4224	-99.2244
NG	NE	embassy	Niamey	13.5257	2.0647
NG	PL	embassy	Warsaw	52.1711	21.0799
NG	PT	embassy	Lisbon	38.7020	-9.2180
NG	QA	embassy	Doha	25.3324	51.5182
NG	RO	embassy	Voluntari	44.5056	26.1257
NG	RU	embassy	Moscow	55.7661	37.5979
NG	SA	embassy	Riyadh	24.6770	46.6229
NG	SE	embassy	Stockholm	59.3462	18.0674
NG	ST	embassy	São Tomé	0.3365	6.7372
NG	TD	embassy	N'Djamena	12.1229	15.0349
NG	TR	embassy	Ankara	39.8953	32.8775
NG	UA	embassy	Kyiv	50.3999	30.5028
NG	US	embassy	Washington, D.C.	38.9442	-77.0688
NG	VE	embassy	Caracas	10.4725	-66.8569
NG	ZA	high_commission	Pretoria	-25.7470	28.2289
NI	AR	embassy	Buenos Aires	-34.5957	-58.3940
NI	AT	embassy	Vienna	48.2132	16.3582
NI	BE	embassy	Uccle	50.7988	4.3422
NI	BO	embassy	La Paz	-16.5443	-68.0798
NI	BR	embassy	Brasília	-15.8486	-47.8535
NI	CA	embassy	Ottawa	45.4435	-75.6712
NI	CH	embassy	Geneva	46.2189	6.1374
NI	CL	embassy	Las Condes	-33.4154	-70.6034
NI	CO	embassy	Bogotá	4.6857	-74.0559
NI	CR	embassy	San José	9.9320	-84.0676
NI	CU	embassy	Havana	23.1204	-82.4182
NI	DE	embassy	Bezirk Mitte	52.5192	13.3557
NI	ES	embassy	Madrid	40.4581	-3.6915
NI	FI	embassy	Helsinki	60.1859	25.0167
NI	FR	embassy	Paris	48.8708	2.2804
NI	GB	embassy	London	51.5050	-0.1930
NI	IT	embassy	Rome	41.9160	12.4660
NI	IT	embassy	Rome	41.9221	12.4810
NI	JP	embassy	Shinjuku	35.6939	139.7034
NI	KR	embassy	Seoul	37.5586	126.9754
NI	MX	embassy	Mexico City	19.4218	-99.2033
NI	PA	embassy	Panama City	9.0010	-79.5344
NI	PE	embassy	San Isidro	-12.0992	-77.0550
NI	RU	embassy	Moscow	55.7206	37.5163
NI	TR	embassy	Ankara	39.8963	32.8769
NI	TW	embassy	Taipei	25.1172	121.5241
NI	US	embassy	Washington, D.C.	38.9126	-77.0407
NI	UY	embassy	Montevideo	-34.9064	-56.2017
NL	AE	embassy	Abu Dhabi	24.4177	54.4408
NL	AF	embassy	Kabul	34.5290	69.1721
NL	AL	embassy	Tirana	41.3202	19.8240
NL	AM	embassy	Yerevan	40.1778	44.5113
NL	AO	embassy	Luanda	-8.8358	13.2343
NL	AR	embassy	Buenos Aires	-34.6070	-58.3641
NL	AT	embassy	Vienna	48.2024	16.3682
NL	AU	embassy	Canberra	-35.3074	149.1114
NL	AZ	embassy	Baku	40.3724	49.8372
NL	BA	embassy	Sarajevo	43.8528	18.4027
NL	BD	embassy	Dhaka	23.7966	90.4150
NL	BE	embassy	Brussels	50.8430	4.3850
NL	BF	embassy	Ouagadougou	12.3694	-1.5163
NL	BG	embassy	Stolichna Municipality	42.6956	23.3379
NL	BI	embassy	Bujumbura	-3.3817	29.3606
NL	BJ	embassy	Cotonou	6.3514	2.3877
NL	BR	embassy	Brasília	-15.8067	-47.8732
NL	CA	embassy	Ottawa	45.4185	-75.7031
NL	CD	embassy	Kinshasa	-4.3107	15.2901
NL	CH	embassy	Bern	46.9397	7.4322
NL	CI	embassy	Abidjan	5.3239	-4.0172
NL	CL	embassy	Las Condes	-33.4158	-70.5935
NL	CN	embassy	Chaoyang District	39.9452	116.4537
NL	CO	embassy	Bogotá	4.6760	-74.0494
NL	CR	embassy	San José	9.9315	-84.1022
NL	CU	embassy	Havana	23.1201	-82.4196
NL	CY	embassy	Nicosia	35.1595	33.3526
NL	CZ	embassy	Prague	50.1040	14.4097
NL	DE	embassy	Berlin	52.5153	13.4119
NL	DO	embassy	Santo Domingo	18.4508	-69.9519
NL	DZ	embassy	El Biar	36.7620	3.0304
NL	EE	embassy	Tallinn	59.4377	24.7403
NL	EG	embassy	Cairo	30.0587	31.2210
NL	ES	embassy	Madrid	40.4767	-3.6879
NL	ET	embassy	Addis Ababa	9.0187	38.7153
NL	FI	embassy	Helsinki	60.1664	24.9443
NL	FR	embassy	Paris	48.8490	2.3136
NL	GB	embassy	London	51.5009	-0.1823
NL	GE	embassy	Tbilisi	41.7088	44.7699
NL	GH	embassy	Accra	5.5731	-0.1909
NL	GR	embassy	Athens	37.9706	23.7405
NL	HR	embassy	Zagreb	45.8131	15.9795
NL	HU	embassy	Budapest District II	47.5083	19.0326
NL	ID	embassy	Jakarta	-6.2345	106.8285
NL	IE	embassy	Dublin	53.3209	-6.2157
NL	IL	embassy	Ramat Gan	32.0856	34.8051
NL	IN	embassy	New Delhi	28.5913	77.1854
NL	IQ	embassy	Baghdad	33.3035	44.3968
NL	IR	embassy	Tehran	35.7960	51.4667
NL	IT	embassy	Rome	41.9195	12.4851
NL	IT	embassy	Rome	41.9196	12.4851
NL	JO	embassy	Amman	31.9510	35.8738
NL	JO	embassy	Amman	31.9557	35.8956
NL	JP	embassy	Minato	35.6617	139.7458
NL	KE	embassy	Nairobi	-1.2694	36.7921
NL	KR	embassy	Seoul	37.5676	126.9708
NL	KW	embassy	Jabriya	29.3163	48.0303
NL	KZ	embassy	Astana	51.1472	71.4245
NL	LB	embassy	Beirut	33.8917	35.5178
NL	LK	embassy	Colombo	6.8999	79.8687
NL	LT	embassy	Vilnius	54.6936	25.3034
NL	LU	embassy	Luxembourg	49.6064	6.1269
NL	LV	embassy	Riga	56.9516	24.1079
NL	LY	embassy	Tripoli	32.8912	13.1901
NL	MA	embassy	Rabat	34.0181	-6.8232
NL	MD	embassy	Chișinău	47.0190	28.8393
NL	MK	embassy	Skopje	41.9959	21.4225
NL	ML	embassy	Bamako	12.6260	-8.0237
NL	MM	embassy	Yangon	16.7977	96.1298
NL	MT	embassy	Ta' Xbiex	35.8981	14.4967
NL	MX	embassy	Mexico City	19.4294	-99.2077
NL	MY	embassy	Kuala Lumpur	3.1608	101.7281
NL	MZ	embassy	Maputo	-25.9651	32.5958
NL	NE	embassy	Niamey	13.5264	2.0922
NL	NG	embassy	Q3787	9.0463	7.4615
NL	NO	embassy	Oslo	59.9217	10.7249
NL	NZ	embassy	Wellington	-41.2813	174.7778
NL	OM	embassy	Muscat	23.6049	58.4489
NL	PA	embassy	Panama City	8.9810	-79.5100
NL	PE	embassy	Lima	-12.1312	-77.0298
NL	PH	embassy	Q1508	14.5580	121.0238
NL	PK	embassy	Islamabad	33.7205	73.1132
NL	PL	embassy	Warsaw	52.2184	21.0410
NL	PT	embassy	Lisbon	38.7084	-9.1674
NL	QA	embassy	Doha	25.3205	51.5292
NL	RO	embassy	Bucharest	44.4815	26.1137
NL	RS	embassy	Belgrade	44.8116	20.4354
NL	RU	consulate_general	Saint Petersburg	59.9373	30.3265
NL	RU	embassy	Presnensky District	55.7546	37.6021
NL	RW	embassy	Kigali	-1.9504	30.0921
NL	SA	embassy	Riyadh	24.6886	46.6288
NL	SD	embassy	Khartoum	15.5916	32.5408
NL	SE	embassy	Stockholm	59.3192	18.0706
NL	SG	embassy	Singapore	1.3051	103.8308
NL	SI	embassy	Ljubljana	46.0516	14.5118
NL	SK	embassy	Bratislava	48.1519	17.1045
NL	SN	embassy	Dakar	14.6643	-17.4376
NL	SR	embassy	Paramaribo	5.8297	-55.1517
NL	SS	embassy	Juba	4.8560	31.6088
NL	TH	embassy	Bangkok	13.7388	100.5456
NL	TN	embassy	Tunis	36.8298	10.1770
NL	TR	embassy	Ankara	39.8822	32.8127
NL	TT	embassy	Port of Spain	10.6569	-61.5132
NL	TZ	embassy	Dar es Salaam	-6.8122	39.2914
NL	UA	embassy	Kyiv	50.4629	30.5165
NL	UG	embassy	Kampala	0.3164	32.5801
NL	US	embassy	Washington, D.C.	38.9143	-77.0521
NL	VE	embassy	Caracas	10.4982	-66.8498
NL	VN	embassy	Hanoi	21.0293	105.8572
NL	XK	embassy	Pristina	42.6606	21.1779
NL	ZA	embassy	Pretoria	-25.7720	28.2243
NL	ZW	embassy	Harare	-17.8060	31.0789
NO	AE	embassy	Emirate of Abu Dhabi	24.4589	54.3218
NO	AF	embassy	Kabul	34.5382	69.1797
NO	AO	embassy	Luanda	-8.8108	13.2527
NO	AR	embassy	Buenos Aires	-34.5911	-58.3815
NO	AT	embassy	Vienna	48.1862	16.3768
NO	AU	embassy	Yarralumla	-35.3044	149.1113
NO	BA	embassy	Sarajevo	43.8591	18.4262
NO	BD	embassy	Dhaka	23.7962	90.4176
NO	BE	embassy	Brussels	50.8436	4.3841
NO	BR	embassy	Brasília	-15.8233	-47.8884
NO	CA	embassy	Ottawa	45.4199	-75.6952
NO	CD	embassy	Kinshasa	-4.3116	15.2734
NO	CH	embassy	Bern	46.9474	7.4379
NO	CL	embassy	Las Condes	-33.4095	-70.5778
NO	CN	consulate_general	Tianhe District	39.9354	116.4607
NO	CN	embassy	Beijing	39.9342	116.4546
NO	CO	embassy	Bogotá	4.6780	-74.0469
NO	CU	embassy	Havana	23.1382	-82.3873
NO	CY	embassy	Nicosia	35.1725	33.3650
NO	CZ	embassy	Prague	50.0842	14.4060
NO	DE	embassy	Berlin	52.5091	13.3504
NO	DZ	embassy	Ben Aknoun	36.7519	3.0146
NO	EE	embassy	Tallinn	59.4345	24.7427
NO	EG	embassy	Cairo	30.0563	31.2215
NO	ES	embassy	Madrid	40.4241	-3.6878
NO	ET	embassy	Addis Ababa	8.9882	38.7334
NO	FI	embassy	Helsinki	60.1571	24.9381
NO	FR	embassy	Paris	48.8674	2.3078
NO	GB	embassy	London	51.4981	-0.1530
NO	GE	embassy	Tbilisi	41.6927	44.8006
NO	GH	embassy	Accra	5.5731	-0.1909
NO	GN	embassy	Conakry	9.5092	-13.7122
NO	GR	embassy	Athens	37.9770	23.7521
NO	HR	embassy	Zagreb	45.8044	15.9957
NO	HU	embassy	Budapest District I	47.5060	19.0295
NO	ID	embassy	Jakarta	-6.2272	106.8264
NO	IE	embassy	Dublin	53.3378	-6.2417
NO	IL	embassy	Tel Aviv	32.1125	34.7957
NO	IN	embassy	New Delhi	28.6009	77.1941
NO	IR	embassy	Tehran	35.7995	51.4675
NO	IS	embassy	Reykjavík	64.1408	-21.9374
NO	IT	embassy	Rome	41.8832	12.4847
NO	JO	embassy	Amman	31.9448	35.8954
NO	JP	embassy	Minato	35.6529	139.7237
NO	KE	embassy	Nairobi	-1.2343	36.8019
NO	KR	embassy	Seoul	37.5675	126.9710
NO	LB	embassy	Beirut	33.8957	35.5000
NO	LK	embassy	Colombo	6.8980	79.8703
NO	LT	embassy	Vilnius	54.6822	25.2698
NO	LV	embassy	Riga	56.9503	24.1110
NO	MA	embassy	Rabat	33.9674	-6.8330
NO	ML	embassy	Bamako	12.6362	-7.9742
NO	MM	embassy	Yangon	16.8391	96.1341
NO	MW	embassy	Lilongwe	-13.9628	33.7949
NO	MX	embassy	Mexico City	19.4070	-99.2222
NO	MY	embassy	Kuala Lumpur	3.1617	101.7204
NO	MZ	embassy	Maputo	-25.9705	32.5963
NO	NG	embassy	Q3787	9.0274	7.5193
NO	NP	embassy	Lalitpur	27.6830	85.3152
NO	PH	embassy	Taguig	14.5436	121.0472
NO	PK	embassy	Islamabad	33.7171	73.1005
NO	PL	embassy	Warsaw	52.2178	21.0081
NO	PT	embassy	Lisbon	38.7020	-9.2175
NO	RO	embassy	Bucharest	44.4427	26.0958
NO	RS	embassy	Belgrade	44.7794	20.4572
NO	RU	embassy	Arbat District	55.7538	37.5961
NO	SA	embassy	Riyadh	24.6790	46.6248
NO	SD	embassy	Khartoum	15.5902	32.5405
NO	SE	embassy	Stockholm	59.3338	18.1073
NO	SG	embassy	Singapore	1.2813	103.8509
NO	SK	embassy	Bratislava	48.1477	17.1000
NO	SS	embassy	Juba	4.8560	31.6088
NO	TH	embassy	Bangkok	13.7326	100.5675
NO	TR	embassy	Ankara	39.8629	32.8539
NO	TZ	embassy	Dar es Salaam	-6.8129	39.2912
NO	UA	embassy	Kyiv	50.4513	30.5104
NO	UG	embassy	Kampala	0.3280	32.5785
NO	US	consulate_general	New York City	40.7559	-73.9702
NO	US	consulate_general	San Francisco	37.7896	-122.4004
NO	US	embassy	Washington, D.C.	38.9250	-77.0667
NO	VN	embassy	Hanoi	21.0259	105.8461
NO	XK	embassy	Pristina	42.6569	21.1584
NO	ZA	embassy	Pretoria	-25.7589	28.2395
NP	AE	embassy	Abu Dhabi	24.4735	54.3784
NP	AT	embassy	Vienna	48.1975	16.3742
NP	AU	embassy	Canberra	-35.3566	149.1076
NP	BD	embassy	Dhaka	23.7956	90.4218
NP	BE	embassy	Ixelles	50.8148	4.3489
NP	BH	embassy	Manama	26.2147	50.6129
NP	BR	embassy	Brasília	-15.8334	-47.8730
NP	CA	embassy	Ottawa	45.4176	-75.7072
NP	CH	embassy	Geneva	46.2125	6.1317
NP	CN	consulate_general	Chengdu	30.6600	104.0633
NP	CN	consulate_general	Lhasa	29.6500	91.1000
NP	CN	embassy	Beijing	39.9434	116.4450
NP	DE	embassy	Berlin	52.5171	13.3206
NP	EG	embassy	Cairo	30.0679	31.2223
NP	ES	embassy	Madrid	40.4360	-3.6880
NP	FR	embassy	Paris	48.8769	2.2918
NP	GB	embassy	London	51.5074	-0.1908
NP	IL	embassy	Tel Aviv	32.0631	34.7622
NP	IN	embassy	New Delhi	28.6257	77.2303
NP	JP	embassy	Tokyo	35.6278	139.6979
NP	KR	embassy	Seoul	37.5954	126.9991
NP	KW	embassy	Kuwait City	29.3250	48.0399
NP	LK	embassy	Colombo	6.9076	79.8611
NP	MM	embassy	Yangon	16.8013	96.1710
NP	MY	embassy	Kuala Lumpur	3.1517	101.6984
NP	OM	embassy	Muscat	23.6103	58.4583
NP	PK	embassy	Islamabad	33.7295	73.0558
NP	QA	embassy	Doha	25.2290	51.4778
NP	RU	embassy	Moscow	55.7405	37.5824
NP	SA	embassy	Riyadh	24.7146	46.6918
NP	TH	embassy	Bangkok	13.7286	100.5952
NP	US	embassy	Washington, D.C.	38.9156	-77.0478
NP	ZA	embassy	Pretoria	-25.7464	28.2288
NR	AU	consulate_general	Brisbane	-27.4678	153.0278
NR	TW	embassy	Taipei	25.1172	121.5241
NU	NZ	high_commission	Wellington	-41.2801	174.7757
NZ	AE	embassy	Abu Dhabi	24.4192	54.4383
NZ	AR	embassy	Buenos Aires	-34.5911	-58.3815
NZ	AT	embassy	Vienna	48.1861	16.3765
NZ	AU	high_commission	Canberra	-35.3019	149.1248
NZ	BB	high_commission	Saint Michael	13.0930	-59.6043
NZ	BE	embassy	Etterbeek	50.8392	4.3866
NZ	BR	embassy	Brasília	-15.8319	-47.8760
NZ	CA	high_commission	Ottawa	45.4205	-75.6928
NZ	CH	consulate_general	Geneva	46.2263	6.1240
NZ	CK	high_commission	Avarua	-21.2085	-159.7755
NZ	CL	embassy	Las Condes	-33.4142	-70.5981
NZ	CN	consulate_general	Chengdu	30.6519	104.0666
NZ	CN	consulate_general	Guangzhou	23.1291	113.2644
NZ	CN	consulate_general	Shanghai	31.2204	121.4769
NZ	CN	embassy	Beijing	39.9156	116.4489
NZ	CO	embassy	Bogotá	4.6654	-74.0534
NZ	DE	embassy	Berlin	52.5106	13.3901
NZ	EG	embassy	Cairo	30.0722	31.2278
NZ	ES	embassy	Madrid	40.4352	-3.6813
NZ	ET	embassy	Addis Ababa	9.0024	38.7830
NZ	FJ	high_commission	Suva	-18.1400	178.4250
NZ	FR	consulate_general	Nouméa	-22.2726	166.4409
NZ	FR	embassy	Paris	48.8567	2.3188
NZ	GB	high_commission	City of Westminster	51.5077	-0.1318
NZ	HK	consulate_general	Hong Kong	22.2783	114.1586
NZ	ID	embassy	Jakarta	-6.2215	106.7981
NZ	IE	embassy	Dublin	53.3384	-6.2541
NZ	IN	high_commission	New Delhi	28.5872	77.1828
NZ	IR	embassy	Tehran	35.8066	51.4762
NZ	IT	embassy	Rome	41.9202	12.5031
NZ	JP	embassy	Shibuya	35.6638	139.6905
NZ	KI	high_commission	South Tarawa	1.3291	172.9851
NZ	KR	embassy	Seoul	37.5677	126.9709
NZ	LK	high_commission	Colombo	6.9279	79.8451
NZ	MM	embassy	Yangon	16.8126	96.1482
NZ	MX	embassy	Mexico City	19.4380	-99.2097
NZ	MY	high_commission	Kuala Lumpur	3.1556	101.7066
NZ	NU	high_commission	Alofi	-19.0652	-169.9296
NZ	PG	high_commission	Port Moresby	-9.4310	147.1935
NZ	PH	embassy	Q1508	14.5582	121.0265
NZ	PL	embassy	Warsaw	52.2274	21.0228
NZ	RU	embassy	Moscow	55.7358	37.5994
NZ	SA	embassy	Riyadh	24.6733	46.6212
NZ	SB	high_commission	Honiara	-9.4297	159.9473
NZ	SE	embassy	Stockholm	59.3342	18.1072
NZ	SG	high_commission	Singapore	1.2857	103.8478
NZ	TH	embassy	Bangkok	13.7395	100.5476
NZ	TL	embassy	Dili	-8.5527	125.5694
NZ	TO	high_commission	Nukuʻalofa	-21.1331	-175.2003
NZ	TR	embassy	Ankara	39.8924	32.8698
NZ	US	consulate_general	Honolulu	21.3068	-157.8628
NZ	US	consulate_general	Los Angeles	34.0522	-118.2437
NZ	US	embassy	Washington, D.C.	38.9190	-77.0643
NZ	VN	embassy	Hanoi	21.0310	105.8547
NZ	VU	high_commission	Port Vila	-17.7310	168.3118
NZ	WS	high_commission	Apia	-13.8333	-171.7632
NZ	ZA	high_commission	Pretoria	-25.7738	28.2257
OM	AT	embassy	Vienna	48.2149	16.3618
OM	BE	embassy	Brussels	50.7983	4.3944
OM	BH	embassy	Manama	26.2167	50.5833
OM	BR	embassy	Brasília	-15.8387	-47.8370
OM	CN	embassy	Beijing	39.9450	116.4530
OM	CY	embassy	Strovolos	35.1491	33.3741
OM	DE	embassy	Berlin	52.4618	13.2761
OM	ES	embassy	Madrid	40.4895	-3.7010
OM	FR	embassy	Paris	48.8672	2.2957
OM	GB	embassy	London	51.4975	-0.1792
OM	ID	embassy	Jakarta	-6.2048	106.8380
OM	IN	embassy	New Delhi	28.5941	77.1818
OM	IT	embassy	Rome	41.9460	12.4512
OM	JP	embassy	Tokyo	35.6541	139.7216
OM	QA	embassy	Doha	25.3449	51.5187
OM	RU	embassy	Moscow	55.7402	37.6185
OM	SA	embassy	Riyadh	24.6722	46.6210
OM	TR	embassy	Ankara	39.8517	32.8348
OM	US	embassy	Washington, D.C.	38.9175	-77.0558
OM	ZA	embassy	Pretoria	-25.7601	28.2312
PA	AE	embassy	Abu Dhabi	24.4056	54.4689
PA	AR	embassy	Buenos Aires	-34.5956	-58.3880
PA	AT	embassy	Vienna	48.2093	16.3703
PA	AU	embassy	Canberra	-35.2716	149.1298
PA	AU	embassy	Canberra	-35.2931	149.1269
PA	BE	embassy	Brussels	50.8172	4.3711
PA	BO	embassy	La Paz	-16.5399	-68.0894
PA	BR	embassy	Brasília	-15.8093	-47.8776
PA	BZ	embassy	Belize City	17.5129	-88.2126
PA	CA	embassy	Ottawa	45.4214	-75.6972
PA	CH	embassy	Geneva	46.2157	6.1475
PA	CL	embassy	Las Condes	-33.4271	-70.5653
PA	CN	consulate_general	Shanghai	31.2325	121.4692
PA	CN	consulate_general	Tianhe District	23.1203	113.3181
PA	CN	embassy	Beijing	39.9498	116.4591
PA	CO	embassy	Bogotá	4.6721	-74.0447
PA	CR	embassy	San José	9.9291	-84.0478
PA	CU	embassy	Havana	23.1212	-82.4218
PA	DE	embassy	Berlin	52.5053	13.3482
PA	DO	embassy	Santo Domingo	18.4443	-69.9616
PA	EC	embassy	Quito	-0.1800	-78.4756
PA	EG	embassy	Cairo	4.6721	-74.0447
PA	ES	consulate_general	Las Palmas de Gran Canaria	28.1272	-15.4314
PA	ES	embassy	Madrid	40.4308	-3.6939
PA	FR	consulate_general	Marseille	43.2942	5.3746
PA	FR	embassy	Paris	48.8475	2.3085
PA	GB	embassy	Mayfair	51.5058	-0.1481
PA	GR	embassy	Piraeus	37.9397	23.6410
PA	GT	embassy	Guatemala City	14.5769	-90.5213
PA	HN	embassy	Tegucigalpa	14.0927	-87.1781
PA	HT	embassy	Pétion-Ville	18.5205	-72.2929
PA	ID	embassy	Jakarta	-6.2153	106.8204
PA	IL	embassy	Tel Aviv	32.0692	34.7827
PA	IN	embassy	New Delhi	28.5594	77.1580
PA	IT	embassy	Rome	41.8963	12.4770
PA	JM	embassy	Kingston	18.0074	-76.7863
PA	JO	embassy	Amman	31.9468	35.8951
PA	JP	consulate_general	Kobe	34.6895	135.1933
PA	JP	consulate_general	Tokyo	35.6894	139.6917
PA	JP	embassy	Minato	35.6630	139.7359
PA	KR	embassy	Seoul	37.5734	126.9686
PA	MA	embassy	Rabat	33.9549	-6.8779
PA	MX	embassy	Mexico City	19.4331	-99.2043
PA	NI	embassy	Managua	12.0927	-86.2394
PA	PE	embassy	San Isidro	-12.0910	-77.0509
PA	PH	embassy	Q1508	14.5558	121.0220
PA	PL	embassy	Warsaw	52.1724	21.0754
PA	PT	embassy	Lisbon	38.7031	-9.2115
PA	PY	embassy	Asunción	-25.2846	-57.5851
PA	QA	embassy	Doha	25.3600	51.5129
PA	RU	embassy	Moscow	55.7139	37.5932
PA	SE	embassy	Stockholm	59.3415	18.0800
PA	SG	embassy	Singapore	1.2813	103.8509
PA	SV	embassy	San Salvador	13.6884	-89.2234
PA	TH	embassy	Bangkok	13.7232	100.5493
PA	TR	embassy	Ankara	39.8882	32.8496
PA	TT	embassy	Port of Spain	10.6652	-61.5215
PA	US	embassy	Washington, D.C.	38.9226	-77.0576
PA	UY	embassy	Montevideo	-34.9068	-56.1398
PA	VE	embassy	Caracas	10.4825	-66.8488
PA	VN	embassy	Hanoi	21.0242	105.8486
PA	ZA	embassy	Pretoria	-25.7712	28.2251
PE	AR	embassy	Buenos Aires	-34.5834	-58.3983
PE	AT	embassy	Vienna	48.2028	16.3716
PE	AU	embassy	Canberra	-35.3074	149.1359
PE	BE	embassy	Woluwe-Saint-Pierre	50.8366	4.4143
PE	BO	consulate_general	La Paz	-16.5299	-68.1009
PE	BO	embassy	La Paz	-16.5076	-68.1282
PE	BR	embassy	Brasília	-15.8329	-47.8986
PE	CA	embassy	Ottawa	45.4214	-75.6972
PE	CH	embassy	Bern	46.9412	7.4559
PE	CL	embassy	Providencia	-33.4235	-70.6182
PE	CN	embassy	Beijing	39.9329	116.4515
PE	CO	embassy	Bogotá	4.6620	-74.0493
PE	CR	embassy	San José	9.9245	-84.0437
PE	CU	embassy	Havana	23.1276	-82.4164
PE	CZ	embassy	Prague	50.0982	14.4063
PE	DE	embassy	Berlin	52.5131	13.3944
PE	DO	embassy	Santo Domingo	18.4509	-69.9453
PE	DZ	embassy	Hydra	36.7445	3.0315
PE	EC	embassy	Quito	-0.1837	-78.4808
PE	EG	embassy	Cairo	29.9614	31.2632
PE	ES	consulate_general	Madrid	40.4169	-3.7033
PE	ES	embassy	Madrid	40.4362	-3.6929
PE	FI	embassy	Helsinki	60.1664	24.9381
PE	FR	consulate_general	8th arrondissement of Paris	48.8726	2.3238
PE	FR	embassy	Paris	48.8693	2.2914
PE	GB	embassy	London	51.4980	-0.1600
PE	GH	embassy	Accra	5.6091	-0.1860
PE	GR	embassy	Athens	37.9760	23.7408
PE	HN	embassy	Tegucigalpa	14.0929	-87.1774
PE	HU	embassy	Budapest	47.5148	19.0479
PE	ID	embassy	Jakarta	-6.2271	106.8264
PE	IE	embassy	Dublin	53.3360	-6.2532
PE	IL	embassy	Herzliya	32.1665	34.8108
PE	IN	embassy	New Delhi	28.5672	77.1562
PE	IT	consulate_general	Florence	43.7714	11.2542
PE	IT	embassy	Rome	41.9042	12.4579
PE	IT	embassy	Rome	41.9223	12.4895
PE	JP	consulate_general	Nagoya	35.1675	136.8994
PE	JP	consulate_general	Shinagawa	35.6267	139.7245
PE	JP	embassy	Shibuya	35.6524	139.7141
PE	KR	embassy	Seoul	37.5615	126.9748
PE	KW	embassy	Kuwait City	29.3815	47.9842
PE	MA	embassy	Rabat	34.0167	-6.8257
PE	MX	embassy	Mexico City	19.3959	-99.2389
PE	MY	embassy	Kuala Lumpur	3.1592	101.7090
PE	NI	embassy	Managua	12.1410	-86.2781
PE	NO	embassy	Oslo	59.9148	10.7272
PE	NZ	embassy	Wellington	-41.2875	174.7759
PE	PA	embassy	Panama City	8.9805	-79.5202
PE	PL	embassy	Warsaw	52.2076	21.0172
PE	PT	embassy	Lisbon	38.7195	-9.1442
PE	PY	embassy	Asunción	-25.2740	-57.5696
PE	QA	embassy	Doha	26.1245	51.1807
PE	RO	embassy	Bucharest	44.4663	26.0825
PE	RU	embassy	Moscow	55.7700	37.5983
PE	SA	embassy	Riyadh	24.6878	46.6655
PE	SE	embassy	Stockholm	59.3373	18.0869
PE	SG	embassy	Singapore	1.3067	103.8297
PE	SV	embassy	San Salvador	13.7184	-89.2438
PE	TH	embassy	Bangkok	13.7355	100.5633
PE	TR	embassy	Ankara	39.8944	32.8800
PE	TT	embassy	Port of Spain	10.6752	-61.5271
PE	US	embassy	Washington, D.C.	38.9075	-77.0386
PE	UY	embassy	Montevideo	-34.8981	-56.1592
PE	VE	embassy	Caracas	10.4982	-66.8498
PE	VN	embassy	Hanoi	21.0212	105.8552
PE	ZA	embassy	Pretoria	-25.7639	28.2004
PG	AU	high_commission	Canberra	-35.3034	149.1240
PG	BE	embassy	Brussels	50.8467	4.3517
PG	BE	embassy	Woluwe-Saint-Pierre	50.8254	4.4468
PG	GB	high_commission	London	51.5074	-0.1333
PG	ID	embassy	Jakarta	-6.2280	106.7997
PG	IL	embassy	Jerusalem	31.7499	35.1867
PG	IN	high_commission	New Delhi	28.5601	77.1549
PG	JP	embassy	Tokyo	35.6266	139.7033
PG	NZ	high_commission	Wellington	-41.2944	174.7723
PG	US	embassy	Washington, D.C.	38.9089	-77.0412
PH	AR	embassy	Buenos Aires	-34.5684	-58.4422
PH	AT	embassy	Vienna	48.2336	16.4116
PH	AU	embassy	Canberra	-35.3092	149.1167
PH	BE	embassy	Ixelles	50.8152	4.3567
PH	BH	embassy	Manama	26.2172	50.5808
PH	BN	embassy	Bandar Seri Begawan	4.9234	114.9575
PH	BR	embassy	Brasília	-15.7900	-47.8693
PH	CA	consulate_general	Vancouver	49.2880	-123.1132
PH	CA	embassy	Ottawa	45.4289	-75.6950
PH	CH	embassy	Bern	46.9406	7.4561
PH	CL	embassy	Las Condes	-33.4168	-70.5794
PH	CN	consulate_general	Shanghai	31.2325	121.4692
PH	CN	consulate_general	Xiamen	24.4797	118.0819
PH	CN	embassy	Beijing	39.9040	116.4075
PH	CO	embassy	Bogotá	4.6610	-74.0566
PH	CZ	embassy	Prague	50.0861	14.4317
PH	DE	consulate_general	Frankfurt	50.1213	8.6721
PH	DE	embassy	Bezirk Mitte	52.5222	13.3794
PH	EG	embassy	Cairo	29.9556	31.2750
PH	ES	embassy	Madrid	40.4466	-3.6856
PH	FI	embassy	Helsinki	60.1684	24.9509
PH	FR	embassy	Paris	48.8538	2.2748
PH	GB	embassy	City of Westminster	51.5086	-0.1307
PH	GN	embassy	Conakry	9.5129	-13.7117
PH	GR	embassy	Palaio Psychiko	38.0048	23.7691
PH	HU	embassy	Budapest District II	47.5215	19.0120
PH	ID	embassy	Central Jakarta	-6.1995	106.8304
PH	IE	embassy	Dublin	53.3370	-6.2450
PH	IL	embassy	Tel Aviv	32.0953	34.7861
PH	IN	embassy	New Delhi	28.5866	77.1826
PH	IQ	embassy	Baghdad	33.2857	44.3843
PH	IT	embassy	Rome	41.8982	12.4379
PH	IT	embassy	Rome	41.9010	12.4568
PH	JO	embassy	Amman	31.9514	35.8681
PH	JP	consulate_general	Nagoya	35.1641	136.9082
PH	JP	consulate_general	Osaka	34.6927	135.5314
PH	JP	embassy	Roppongi	35.6601	139.7355
PH	KE	embassy	Nairobi	-1.2716	36.7791
PH	KR	embassy	Seoul	37.5406	126.9954
PH	LB	embassy	Baabda	33.8430	35.5344
PH	MA	embassy	Rabat	33.9678	-6.8327
PH	MX	embassy	Mexico City	19.4333	-99.1782
PH	MY	embassy	Kuala Lumpur	3.1518	101.7145
PH	NO	embassy	Oslo	59.9113	10.7387
PH	NZ	embassy	Wellington	-41.2726	174.7812
PH	PL	embassy	Warsaw	52.1730	21.0765
PH	PT	embassy	Lisbon	38.7213	-9.1488
PH	RO	embassy	Bucharest	44.4782	26.1049
PH	RU	consulate_general	Vladivostok	43.1169	131.8853
PH	RU	embassy	Moscow	55.7494	37.5856
PH	SA	consulate_general	Jeddah	21.5647	39.2275
PH	SA	consulate_general	Jeddah	21.5647	39.2279
PH	SA	embassy	Riyadh	24.6808	46.6275
PH	SA	embassy	Riyadh	24.6828	46.6296
PH	SE	embassy	Lidingö Municipality	59.3679	18.1159
PH	SG	embassy	Tanglin	1.3091	103.8206
PH	SY	embassy	Damascus	33.4971	36.2335
PH	TR	embassy	Ankara	39.8875	32.8736
PH	US	consulate	Manhattan	40.7559	-73.9794
PH	US	consulate_general		41.8797	-87.6247
PH	US	consulate_general	San Francisco	37.7891	-122.4080
PH	US	embassy	Washington, D.C.	38.9075	-77.0381
PH	VN	embassy	Hanoi	21.0202	105.8549
PH	ZA	embassy	Pretoria	-25.7660	28.2277
PK	AE	consulate_general	Dubai	25.2697	55.3094
PK	AE	embassy	Abu Dhabi	24.4511	54.3969
PK	AF	embassy	Kabul	34.5384	69.1408
PK	AR	embassy	Buenos Aires	-34.5681	-58.4420
PK	AT	embassy	Vienna	48.2429	16.3518
PK	AU	high_commission	Canberra	-35.3052	149.1185
PK	AU	high_commission	Canberra	-35.3055	149.1184
PK	AZ	embassy	Baku	40.3667	49.8352
PK	BA	embassy	Centar Municipality	43.8512	18.4034
PK	BD	high_commission		23.8041	90.4084
PK	BE	embassy	Watermael-Boitsfort	50.7957	4.4093
PK	BG	embassy	Stolichna Municipality	42.6703	23.3508
PK	BH	embassy	Manama	26.2167	50.5833
PK	BR	embassy	Brasília	-15.8474	-47.8849
PK	BY	embassy	Minsk	53.9382	27.4816
PK	CA	high_commission	Ottawa	45.4279	-75.6740
PK	CH	embassy	Bern	46.9392	7.4494
PK	CN	embassy	Beijing	39.9410	116.4543
PK	CZ	embassy	Střešovice	50.0934	14.3719
PK	DE	embassy	Berlin	52.4993	13.3317
PK	ES	embassy	Madrid	40.4390	-3.6880
PK	FR	embassy	Paris	48.8736	2.2992
PK	GB	high_commission	London	51.4995	-0.1588
PK	GR	embassy	Filothei-Psychiko Municipality	38.0170	23.7859
PK	HU	embassy	Budapest	47.5030	18.9909
PK	ID	embassy	Jakarta	-6.2313	106.8257
PK	IE	embassy	Dublin	53.3203	-6.2136
PK	IN	high_commission	New Delhi	28.5942	77.1903
PK	IR	consulate_general	Zahedan	29.4929	60.8503
PK	IT	embassy	Rome	41.9488	12.4555
PK	JP	consulate	Osaka	34.6380	135.4110
PK	JP	embassy	Minato	35.6500	139.7278
PK	KP	embassy	Pyongyang	39.0238	125.7965
PK	LB	embassy	Beirut	33.8733	35.4879
PK	MV	high_commission	Malé	4.1750	73.5083
PK	MX	embassy	Mexico City	19.4152	-99.2162
PK	NE	embassy	Niamey	13.5348	2.0915
PK	NO	embassy	Oslo	59.9266	10.6782
PK	NZ	high_commission	Wellington	-41.2486	174.8014
PK	PL	embassy	Warsaw	52.1711	21.0814
PK	PT	embassy	Lisbon	38.7067	-9.2141
PK	RO	embassy	Bucharest	44.4443	26.1127
PK	RS	embassy	Belgrade	44.7786	20.4579
PK	RU	embassy	Moscow	55.7556	37.5932
PK	SA	embassy	Riyadh	24.6768	46.6212
PK	SE	embassy	Stockholm	59.3397	18.0814
PK	TN	embassy	Tunis	36.8404	10.2516
PK	TR	embassy	Ankara	39.8967	32.8640
PK	UA	embassy	Kyiv	50.4303	30.5561
PK	US	consulate_general		40.7675	-73.9695
PK	US	consulate_general		41.8885	-87.6243
PK	US	embassy	Washington, D.C.	38.9433	-77.0681
PK	ZA	high_commission	Pretoria	-25.7613	28.2468
PL	AE	embassy	Abu Dhabi	24.4685	54.3389
PL	AL	embassy	Tirana	41.3309	19.8107
PL	AM	embassy	Yerevan	40.1761	44.5163
PL	AO	embassy	Luanda	-8.8330	13.2344
PL	AR	embassy	Buenos Aires	-34.5798	-58.4022
PL	AT	embassy	Vienna	48.1874	16.2896
PL	AU	consulate_general	New South Wales	-33.8840	151.2403
PL	AU	embassy	Canberra	-35.3090	149.1140
PL	AZ	embassy	Baku	40.3639	49.8338
PL	BA	embassy	Sarajevo	43.8655	18.4169
PL	BE	embassy	Brussels	50.8438	4.3851
PL	BG	embassy	Sofia	42.6857	23.3265
PL	BR	consulate_general	Curitiba	-25.4219	-49.2622
PL	BR	consulate_general	São Paulo	-23.5444	-46.6753
PL	BR	embassy	Brasília	-15.8250	-47.8935
PL	BY	consulate_general	Brest	52.0956	23.6935
PL	BY	consulate_general	Hrodna	53.6817	23.8436
PL	BY	embassy	Minsk	53.9038	27.5857
PL	CA	consulate_general	Montreal	45.5033	-73.5868
PL	CA	consulate_general	Toronto	43.6058	-79.4900
PL	CA	consulate_general	Vancouver	49.2888	-123.1217
PL	CA	embassy	Ottawa	45.4322	-75.6743
PL	CH	embassy	Bern	46.9399	7.4614
PL	CL	embassy	Providencia	-33.4330	-70.6078
PL	CN	consulate_general	Chengdu	30.6600	104.0633
PL	CN	consulate_general	Hong Kong	22.2747	114.1716
PL	CN	consulate_general	Shanghai	31.2325	121.4692
PL	CN	embassy	Beijing	39.9125	116.4417
PL	CO	embassy	Bogotá	4.5833	-74.0667
PL	CU	embassy	Havana	23.1376	-82.3898
PL	CY	embassy	Nicosia	35.1603	33.3597
PL	CZ	consulate_general	Ostrava	49.8667	18.2500
PL	CZ	embassy	Prague	50.0906	14.4070
PL	DE	consulate_general	Cologne	50.9422	6.9578
PL	DE	consulate_general	Munich	48.1439	11.6086
PL	DE	embassy	Berlin	52.4845	13.2744
PL	DZ	embassy	Hydra	36.7437	3.0308
PL	EE	embassy	Tallinn	59.4365	24.7462
PL	EG	embassy	Cairo	30.0583	31.2203
PL	ES	consulate_general	Barcelona	41.3886	2.1309
PL	ES	embassy	Madrid	40.4712	-3.7315
PL	ET	embassy	Addis Ababa	9.0550	38.7422
PL	FI	embassy	Helsinki	60.1667	24.9333
PL	FR	consulate_general	Lyon	45.7711	4.8522
PL	FR	embassy	7th arrondissement of Paris	48.8589	2.3156
PL	GB	consulate	Belfast	54.5791	-5.9397
PL	GB	consulate_general	Manchester	53.4667	-2.2333
PL	GB	embassy	City of Westminster	51.5208	-0.1456
PL	GE	embassy	Tbilisi	41.7008	44.7925
PL	GR	embassy	Athens	38.0060	23.7704
PL	HR	embassy	Zagreb	45.8022	15.9749
PL	HU	embassy	Budapest District VI	47.5089	19.0753
PL	ID	embassy	Jakarta	-6.2335	106.8304
PL	IE	embassy	Dublin	53.3200	-6.2176
PL	IL	embassy	Tel Aviv	32.0819	34.7850
PL	IN	consulate_general	Mumbai	18.9274	72.8222
PL	IN	embassy	New Delhi	28.5860	77.1856
PL	IQ	consulate_general	Erbil	36.1911	44.0094
PL	IQ	embassy	Baghdad	33.3121	44.3969
PL	IR	embassy	Tehran	35.7659	51.4196
PL	IS	embassy	Reykjavík	64.1450	-21.9105
PL	IT	consulate_general	Milan	45.4669	9.1900
PL	IT	embassy	Rome	41.8939	12.4792
PL	IT	embassy	Rome	41.9236	12.4753
PL	JO	embassy	Amman	31.9814	35.8874
PL	JP	embassy	Tokyo	35.6394	139.7087
PL	KE	embassy	Nairobi	-1.2667	36.8000
PL	KP	embassy	Pyongyang	39.0216	125.7887
PL	KR	embassy	Seoul	37.5777	126.9799
PL	KW	embassy	Kuwait	29.3214	48.0381
PL	KZ	consulate	Almaty	43.2188	76.9518
PL	KZ	embassy	Astana	51.1644	71.4098
PL	LB	embassy	Beirut	33.8309	35.5464
PL	LT	embassy	Vilnius	54.6818	25.2874
PL	LU	embassy	Luxembourg	49.6207	6.1257
PL	LV	embassy	Riga	56.9603	24.1073
PL	LY	embassy	Tripoli	32.8808	13.2074
PL	MA	embassy	Rabat	34.0093	-6.8440
PL	MD	embassy	Chișinău	46.9821	28.8366
PL	ME	embassy	Podgorica	42.4248	19.2723
PL	MK	embassy	Skopje	41.9901	21.4111
PL	MN	embassy	Ulaanbaatar	47.9132	106.9271
PL	MT	embassy	Santa Venera	35.8920	14.4823
PL	MX	embassy	Mexico City	19.3488	-99.1883
PL	MY	embassy	Kuala Lumpur	3.1626	101.7254
PL	NG	embassy	Q3787	9.1010	7.4984
PL	NO	embassy	Oslo	59.9189	10.6961
PL	NZ	embassy	Wellington	-41.2830	174.7770
PL	PE	embassy	Lima	-12.0837	-77.0477
PL	PK	embassy	Islamabad	33.7300	73.1255
PL	PT	embassy	Lisbon	38.7000	-9.1833
PL	QA	embassy	Doha	25.3603	51.5157
PL	RO	embassy	Bucharest	44.4570	26.0896
PL	RS	embassy	Belgrade	44.8042	20.4580
PL	RU	consulate	Smolensk	54.6821	32.1398
PL	RU	embassy	Moscow	55.7675	37.5775
PL	RW	embassy	Kigali	-1.9525	30.1150
PL	SA	embassy	Riyadh	24.7292	46.6704
PL	SE	embassy	Stockholm	59.3414	18.0736
PL	SG	embassy	Singapore	1.3038	103.8331
PL	SI	embassy	Ljubljana	46.0642	14.5062
PL	SK	embassy	Bratislava	48.1470	17.0919
PL	SN	embassy	Dakar	14.7437	-17.5220
PL	SY	embassy	Beirut	33.8309	35.5464
PL	TH	embassy	Bangkok	13.7412	100.5487
PL	TN	embassy	Tunis	36.8440	10.2636
PL	TR	consulate_general	Istanbul	41.1086	29.0150
PL	TR	embassy	Ankara	39.9002	32.8609
PL	TZ	embassy	Dar es Salaam	-6.7661	39.2775
PL	UA	consulate	Lutsk	50.7369	25.3663
PL	UA	consulate	Odesa	46.4749	30.7527
PL	UA	consulate_general	Kharkiv	50.0024	36.2407
PL	UA	consulate_general	Lviv	49.8269	24.0332
PL	UA	consulate_general	Vinnytsia	49.2335	28.4706
PL	UA	embassy	Kyiv	50.4500	30.5119
PL	US	consulate_general	Houston	29.7628	-95.3831
PL	US	consulate_general	Illinois	41.9105	-87.6266
PL	US	consulate_general	Los Angeles	34.0417	-118.4700
PL	US	consulate_general	New York City	40.7497	-73.9812
PL	US	embassy	Washington, D.C.	38.9244	-77.0369
PL	UZ	embassy	Tashkent	41.3376	69.2960
PL	VE	embassy	Caracas	10.4803	-66.8611
PL	VN	embassy	Hanoi	21.0347	105.8363
PL	ZA	embassy	Pretoria	-25.7386	28.2379
PS	AE	consulate_general	Dubai	25.2697	55.3094
PS	AE	embassy	Abu Dhabi	24.4259	54.4297
PS	AL	embassy	Tirana	41.3287	19.8080
PS	AO	embassy	Luanda	-8.8383	13.2344
PS	AR	embassy	Buenos Aires	-34.5978	-58.3944
PS	AZ	embassy	Baku	40.3854	49.8289
PS	BA	embassy	Centar Municipality	43.8472	18.3901
PS	BD	embassy	Dhaka	23.7996	90.4219
PS	BG	embassy	Stolichna Municipality	42.6753	23.3300
PS	BH	embassy	Manama	26.2041	50.5861
PS	BR	embassy	Brasília	-15.7922	-47.8606
PS	BY	embassy	Minsk	53.9472	27.5878
PS	CH	embassy	Bern	46.9378	7.4649
PS	CI	embassy	Abidjan	5.3724	-3.9853
PS	CL	embassy	Las Condes	-33.4146	-70.5695
PS	CN	embassy	Beijing	39.9362	116.4546
PS	CO	embassy	Bogotá	4.6329	-74.0685
PS	CY	embassy	Nicosia	35.1780	33.3411
PS	CZ	embassy	Suchdol	50.1350	14.3791
PS	DE	embassy	Berlin	52.4759	13.2830
PS	DZ	embassy	Algiers	36.7542	2.9919
PS	EC	embassy	Quito	-0.1842	-78.4751
PS	EG	consulate_general	Alexandria	31.1975	29.8925
PS	EG	embassy	New Cairo	30.0300	31.4700
PS	FR	embassy	Paris	48.8385	2.2925
PS	GB	embassy	Hammersmith	51.4935	-0.2328
PS	HU	embassy	Budapest	47.5289	19.0075
PS	ID	embassy	Jakarta	-6.2024	106.8429
PS	IN	embassy	New Delhi	28.5925	77.1794
PS	IQ	consulate_general	Erbil	36.1911	44.0094
PS	IQ	embassy	Baghdad	33.2954	44.3225
PS	IR	embassy	District 6	35.7045	51.4036
PS	IT	embassy	Rome	41.8824	12.4902
PS	KP	embassy	Pyongyang	39.0254	125.7981
PS	KW	embassy	Kuwait City	29.2855	48.0488
PS	LB	embassy	Beirut	33.8869	35.5131
PS	LY	consulate_general	Benghazi	32.1167	20.0667
PS	LY	embassy	Tripoli	32.8875	13.1875
PS	ME	embassy	Podgorica	42.4523	19.2604
PS	ML	embassy	Bamako	12.6610	-7.9678
PS	MT	embassy	Swieqi	35.9216	14.4728
PS	MX	embassy	Mexico City	19.3953	-99.2394
PS	MY	embassy	Kuala Lumpur	3.1554	101.7342
PS	MZ	embassy	Maputo	-25.9619	32.6011
PS	NG	embassy	Q3787	9.0352	7.4635
PS	NI	embassy	Managua	12.0963	-86.2337
PS	PE	embassy	Lima	-12.1069	-77.0366
PS	PK	embassy	Islamabad	33.7334	73.1302
PS	PL	embassy	Warsaw	52.1886	21.0331
PS	QA	embassy	Doha	25.3275	51.5178
PS	RO	embassy	Bucharest	44.4633	26.0935
PS	RS	embassy	Belgrade	44.7785	20.4652
PS	RU	embassy	Moscow	55.7415	37.5877
PS	SA	consulate_general		21.5838	39.1666
PS	SA	embassy	Riyadh	24.6836	46.6396
PS	SE	embassy	Stockholm	59.3410	18.0607
PS	SK	embassy	Bratislava	48.1425	17.1099
PS	SN	embassy	Dakar	14.7102	-17.4779
PS	TN	embassy	Tunis	36.8244	10.1807
PS	TR	embassy	Ankara	39.8498	32.8273
PS	TZ	embassy	Dar es Salaam	-6.8071	39.2767
PS	UA	embassy	Kyiv	50.4282	30.5145
PS	UY	embassy	Montevideo	-34.8899	-56.0545
PS	UZ	embassy	Tashkent	41.2969	69.2596
PS	VA	embassy	Rome	41.9042	12.4579
PS	ZA	embassy	Pretoria	-25.7407	28.2197
PS	ZW	embassy	Harare	-17.8132	31.0455
PT	AE	embassy	Abu Dhabi	24.4764	54.3187
PT	AO	embassy	Luanda	-8.8171	13.2363
PT	AR	embassy	Buenos Aires	-34.5971	-58.3771
PT	AT	embassy	Vienna	48.2022	16.3686
PT	AU	embassy	Canberra	-35.3166	149.0963
PT	BE	embassy	Brussels	50.8432	4.3853
PT	BG	embassy	Sofia	42.6963	23.3170
PT	BR	embassy	Brasília	-15.8024	-47.8739
PT	CA	embassy	Ottawa	45.3909	-75.7311
PT	CD	embassy	Kinshasa	-4.3007	15.3140
PT	CH	embassy	Bern	46.9377	7.4767
PT	CL	embassy	Las Condes	-33.4160	-70.6060
PT	CN	consulate_general	Macau	22.1952	113.5436
PT	CN	embassy	Beijing	39.9422	116.4510
PT	CO	embassy	Bogotá	4.6797	-74.0401
PT	CU	embassy	Havana	23.1196	-82.4204
PT	CV	embassy	Praia	14.9070	-23.5133
PT	CY	embassy	Nicosia	35.1682	33.3602
PT	CZ	embassy	Prague	50.0999	14.4105
PT	DE	embassy	Berlin	52.5081	13.3949
PT	DZ	embassy	El Biar	36.7618	3.0368
PT	EG	embassy	Cairo	30.0668	31.2213
PT	ES	embassy	Madrid	40.4299	-3.6847
PT	ET	embassy	Addis Ababa	8.9988	38.7714
PT	FI	embassy	Helsinki	60.1664	24.9510
PT	FR	consulate_general	6th arrondissement of Lyon	45.7710	4.8514
PT	FR	consulate_general	Bordeaux	44.8508	-0.5762
PT	FR	consulate_general	Marseille	43.2791	5.3880
PT	FR	consulate_general	Paris	48.8812	2.3108
PT	FR	consulate_general	Strasbourg	48.5858	7.7673
PT	FR	embassy	Paris	48.8690	2.2782
PT	GB	embassy	London	51.4996	-0.1552
PT	GR	embassy	Athens	37.9759	23.7416
PT	GW	embassy	Bissau	11.8619	-15.5873
PT	HR	embassy	Zagreb	45.8086	15.9754
PT	HU	embassy	Budapest	47.4908	19.0240
PT	ID	embassy	Jakarta	-6.1959	106.8284
PT	IE	embassy	Dublin	53.3278	-6.2458
PT	IL	embassy	Tel Aviv	32.0702	34.7874
PT	IN	embassy	New Delhi	28.6007	77.1829
PT	IR	embassy	Tehran	35.7766	51.4511
PT	IT	embassy	Rome	41.9202	12.4940
PT	IT	embassy	Rome	41.9265	12.4779
PT	JP	embassy	Tokyo	35.6557	139.7262
PT	KE	embassy	Nairobi	-1.2113	36.8164
PT	KR	embassy	Seoul	37.5792	126.9885
PT	KZ	embassy	Astana	51.1738	71.4059
PT	LU	embassy	Luxembourg	49.6057	6.0987
PT	MA	embassy	Rabat	33.9805	-6.8312
PT	MX	embassy	Mexico City	19.4112	-99.2235
PT	MZ	embassy	Maputo	-25.9742	32.5943
PT	NA	embassy	Windhoek	-22.5641	17.1153
PT	NG	embassy	Q3787	9.0803	7.5006
PT	NO	embassy	Oslo	59.9222	10.7237
PT	PA	embassy	Panama City	8.9862	-79.5209
PT	PE	embassy	Lima	-12.1064	-77.0385
PT	PK	embassy	Islamabad	33.7155	73.0570
PT	PL	embassy	Warsaw	52.2245	21.0666
PT	QA	embassy	Doha	25.3452	51.5049
PT	RO	embassy	Bucharest	44.4581	26.0922
PT	RS	embassy	Belgrade	44.7746	20.4579
PT	RU	embassy	Moscow	55.7773	37.6373
PT	SA	embassy	Riyadh	24.7163	46.6776
PT	SE	embassy	Stockholm	59.3389	18.0567
PT	SG	embassy	Singapore	1.2996	103.8403
PT	SK	embassy	Bratislava	48.1432	17.1066
PT	SN	embassy	Dakar	14.6946	-17.4720
PT	ST	embassy	São Tomé	0.3377	6.7397
PT	TH	embassy	Bangkok	13.7278	100.5142
PT	TL	embassy	Dili	-8.5539	125.5773
PT	TN	embassy	Tunis	36.8308	10.1687
PT	TR	embassy	Ankara	39.8937	32.8670
PT	UA	embassy	Kyiv	50.4282	30.5145
PT	US	embassy	Washington, D.C.	38.9098	-77.0474
PT	UY	embassy	Montevideo	-34.9087	-56.1535
PT	VE	embassy	Municipio Chacao	10.4988	-66.8520
PT	ZA	embassy	Pretoria	-25.7622	28.2043
PT	ZW	embassy	Harare	-17.7689	31.0973
PW	BE	embassy	Brussels	50.8419	4.3838
PW	JP	embassy	Tokyo	35.6566	139.7414
PW	PH	embassy	Q1508	14.5599	121.0197
PW	TW	embassy	Taipei	25.1172	121.5241
PW	US	embassy	Washington, D.C.	38.8993	-77.0399
PY	AR	embassy	Buenos Aires	-34.5852	-58.3991
PY	AT	embassy	Vienna	48.1955	16.3762
PY	AU	embassy	Canberra	-35.3116	149.1026
PY	BE	embassy	Brussels	50.8172	4.3711
PY	BO	embassy	La Paz	-16.5103	-68.1253
PY	BR	embassy	Brasília	-15.8322	-47.8979
PY	CA	embassy	Ottawa	45.4214	-75.6972
PY	CH	embassy	Bern	46.9481	7.4495
PY	CL	embassy	Las Condes	-33.4123	-70.5806
PY	CO	embassy	Bogotá	4.6513	-74.0544
PY	CR	embassy	San José	9.9229	-84.0438
PY	CU	embassy	Havana	23.1180	-82.4259
PY	DE	embassy	Berlin	52.5086	13.3268
PY	DO	embassy	Santo Domingo	18.4664	-69.9236
PY	EC	embassy	Quito	-0.2047	-78.4844
PY	EG	embassy	Cairo	29.9570	31.2517
PY	ES	consulate_general	Barcelona	41.3827	2.1589
PY	ES	embassy	Madrid	40.4550	-3.6894
PY	FR	embassy	Paris	48.8599	2.3105
PY	GB	embassy	London	51.4971	-0.2053
PY	IL	embassy	Herzliya	32.1606	34.8092
PY	IN	embassy	New Delhi	28.5649	77.1611
PY	IT	embassy	Rome	41.9026	12.4626
PY	IT	embassy	Rome	41.9251	12.4970
PY	JP	embassy	Chiyoda	35.6884	139.7442
PY	KR	embassy	Seoul	37.5615	126.9748
PY	LB	embassy	Hazmiyeh	33.8559	35.5404
PY	MA	embassy	Rabat	33.9750	-6.8335
PY	MX	embassy	Mexico City	19.4356	-99.1879
PY	PA	embassy	Panama City	8.9794	-79.5223
PY	PE	embassy	San Isidro	-12.0910	-77.0512
PY	PL	consulate_general	Warsaw	52.2322	21.0203
PY	PT	embassy	Lisbon	38.7228	-9.1489
PY	QA	embassy	Doha	25.3502	51.5149
PY	RU	embassy	Moscow	55.7287	37.6163
PY	SE	embassy	Stockholm	59.3359	18.0734
PY	TR	embassy	Ankara	39.8882	32.8496
PY	TW	embassy	Taipei	25.1172	121.5241
PY	US	embassy	Washington, D.C.	38.9133	-77.0528
PY	UY	embassy	Montevideo	-34.9209	-56.1617
PY	VE	embassy	Caracas	10.5079	-66.8525
PY	ZA	embassy	Pretoria	-25.8001	28.2569
QA	AL	embassy	Tirana	41.3205	19.8255
QA	AR	embassy	Buenos Aires	-34.6193	-58.3611
QA	AT	embassy	Vienna	48.2145	16.3645
QA	AU	embassy	Canberra	-35.3515	149.1159
QA	BA	embassy	Sarajevo	43.8669	18.4068
QA	BE	embassy	Brussels	50.8054	4.3856
QA	BG	embassy	Stolichna Municipality	42.6956	23.3419
QA	BR	embassy	Brasília	-15.8506	-47.8588
QA	CA	embassy	Ottawa	45.4200	-75.6950
QA	CH	embassy	Bern	46.9489	7.4410
QA	CN	embassy	Beijing	39.9393	116.4500
QA	CR	embassy	San José	9.9424	-84.1142
QA	CY	embassy	Nicosia	35.1604	33.3744
QA	DE	embassy	Berlin	52.4778	13.2803
QA	EC	embassy	Quito	-0.1039	-78.5075
QA	ES	consulate_general	Casa Francesc Simon	41.3882	2.1692
QA	ES	embassy	Madrid	40.4282	-3.6903
QA	FR	embassy	8th arrondissement of Paris	48.8736	2.2969
QA	GB	embassy	London	51.5071	-0.1502
QA	GN	embassy	Conakry	9.5058	13.7158
QA	GR	embassy	Palaio Psychiko	38.0033	23.7749
QA	HR	embassy	Zagreb	45.8236	15.9883
QA	HU	embassy	Budapest District VI	47.5125	19.0739
QA	ID	embassy	Jakarta	-6.2315	106.8295
QA	IN	embassy	New Delhi	28.5906	77.1803
QA	IT	embassy	Rome	41.9158	12.5141
QA	JP	embassy	Tokyo	35.6536	139.7274
QA	MD	embassy	Chișinău	47.0223	28.8124
QA	MT	embassy	Swieqi	35.9240	14.4726
QA	NG	embassy	Q3787	9.0745	7.4950
QA	PA	embassy	Panama City	8.9826	-79.5095
QA	PE	embassy	Miraflores	-12.1144	-77.0405
QA	PL	embassy	Warsaw	52.2294	21.0246
QA	PT	embassy	Lisbon	38.7009	-9.2158
QA	PY	embassy	Asunción	-25.2836	-57.5599
QA	RO	embassy	Bucharest	44.4562	26.0894
QA	RS	embassy	Belgrade	44.7835	20.4517
QA	RU	embassy	Moscow	55.7287	37.6159
QA	SE	embassy	Stockholm	59.3302	18.0552
QA	TD	embassy	N'Djamena	12.1307	15.0765
QA	TR	embassy	Ankara	39.8512	32.8312
QA	UA	embassy	Kyiv	50.4085	30.5559
QA	US	embassy	Washington, D.C.	38.9055	-77.0544
QA	UY	embassy	Montevideo	-34.8839	-56.0463
QA	VE	embassy	Caracas	10.4741	-66.8471
QA	ZA	embassy	Pretoria	-25.7699	28.2460
RO	AE	embassy	Abu Dhabi	24.4586	54.3704
RO	AL	embassy	Tirana	41.3064	19.8423
RO	AM	embassy	Yerevan	40.1973	44.4867
RO	AO	embassy	Luanda	-8.8284	13.2358
RO	AR	embassy	Buenos Aires	-34.5918	-58.3809
RO	AT	embassy	Vienna	48.1907	16.3796
RO	AU	embassy	Canberra	-35.3503	149.1087
RO	AZ	embassy	Baku	40.4039	49.8550
RO	BA	embassy	Sarajevo	43.8536	18.4214
RO	BE	embassy	Uccle	50.8126	4.3598
RO	BG	embassy	Sofia	42.6856	23.3514
RO	BR	embassy	Brasília	-15.7876	-47.8654
RO	BY	embassy	Minsk	53.9271	27.5989
RO	CA	consulate_general	Montreal	45.5033	-73.5868
RO	CA	embassy	Ottawa	45.4339	-75.6739
RO	CH	embassy	Bern	46.9401	7.4565
RO	CL	embassy	Las Condes	-33.4128	-70.6006
RO	CN	embassy	Beijing	39.9147	116.4411
RO	CO	embassy	Bogotá	4.6721	-74.0432
RO	CU	embassy	Havana	23.1145	-82.4315
RO	CY	embassy	Nicosia	35.1449	33.3522
RO	CZ	embassy	Prague	50.0885	14.4010
RO	DE	embassy	Berlin	52.5185	13.3860
RO	DZ	embassy	Hydra	36.7457	3.0383
RO	EE	embassy	Tallinn	59.4336	24.7570
RO	EG	embassy	Cairo	30.0590	31.2190
RO	ES	embassy	Madrid	40.4601	-3.6784
RO	ET	embassy	Addis Ababa	8.9959	38.7779
RO	FI	embassy	Helsinki	60.1864	24.9103
RO	FR	consulate_general	3rd arrondissement of Lyon	45.7618	4.8458
RO	FR	consulate_general	Marseille	43.2649	5.3961
RO	FR	consulate_general	Strasbourg	48.5893	7.7741
RO	FR	embassy	Paris	48.8576	2.3030
RO	GB	embassy	South Kensington	51.5039	-0.1900
RO	GE	embassy	Tbilisi	41.7325	44.7664
RO	GR	embassy	Filothei-Psychiko Municipality	38.0152	23.7794
RO	HR	embassy	Zagreb	45.8278	15.9774
RO	HU	consulate_general	Gyula	46.6463	21.2786
RO	HU	embassy	Budapest	47.5072	19.0932
RO	ID	embassy	Jakarta	-6.1981	106.8368
RO	IE	embassy	Dublin	53.3310	-6.2437
RO	IL	embassy	Tel Aviv	32.0860	34.7779
RO	IN	embassy	New Delhi	28.5630	77.1533
RO	IQ	embassy	Baghdad	33.2935	44.4222
RO	IR	embassy	District 12	35.6979	51.4376
RO	IT	embassy	Rome	41.9242	12.4882
RO	IT	embassy	Rome	41.9243	12.4989
RO	JO	embassy	Amman	31.9647	35.8642
RO	JP	embassy	Tokyo	35.6580	139.7245
RO	KE	embassy	Nairobi	-1.2119	36.8160
RO	KP	embassy	Pyongyang	39.0353	125.7852
RO	KR	embassy	Seoul	37.5270	126.9954
RO	KW	embassy	Kuwait City	29.3348	47.9641
RO	KZ	embassy	Astana	51.1340	71.4263
RO	LB	embassy	Beirut	33.8441	35.5385
RO	LK	embassy	Colombo	6.9124	79.8668
RO	LT	embassy	Vilnius	54.6806	25.2866
RO	LU	embassy	Luxembourg	49.6087	6.1498
RO	LY	embassy	Tripoli	32.8833	13.1947
RO	MA	embassy	Rabat	34.0211	-6.8218
RO	MD	embassy	Chișinău	47.0209	28.8296
RO	ME	embassy	Podgorica	42.4285	19.2918
RO	MK	embassy	Skopje	41.9977	21.4185
RO	MX	embassy	Mexico City	19.4344	-99.2051
RO	MY	embassy	Kuala Lumpur	3.1632	101.7301
RO	NG	embassy	Q3787	9.0380	7.5265
RO	NO	embassy	Oslo	59.9198	10.7221
RO	OM	embassy	Muscat	23.6126	58.4582
RO	PE	embassy	San Isidro	-12.0948	-77.0390
RO	PH	embassy	Q1508	14.5566	121.0165
RO	PK	embassy	Islamabad	33.7142	73.0519
RO	PL	embassy	Warsaw	52.2229	21.0219
RO	PT	embassy	Lisbon	38.7092	-9.1635
RO	QA	embassy	Doha	25.3305	51.5063
RO	RS	consulate_general	Vršac	45.1206	21.2986
RO	RS	embassy	Belgrade	44.7682	20.4581
RO	RU	embassy	Moscow	55.7149	37.5125
RO	SA	embassy	Riyadh	24.7432	46.6654
RO	SD	embassy	Khartoum	15.6214	32.5662
RO	SE	embassy	Stockholm	59.3429	18.0722
RO	SG	embassy	Singapore	1.2896	103.8358
RO	SI	embassy	Ljubljana	46.0722	14.4933
RO	SK	embassy	Bratislava	48.1526	17.1047
RO	SN	embassy	Dakar	14.7027	-17.4624
RO	SY	embassy	Damascus	33.5231	36.2798
RO	TH	embassy	Bangkok	13.7170	100.5706
RO	TM	embassy	Ashgabat	37.9520	58.3491
RO	TN	embassy	La Marsa	36.9014	10.3161
RO	TR	consulate_general	Beşiktaş	41.0865	29.0346
RO	TR	embassy	Ankara	39.8964	32.8571
RO	UA	embassy	Kyiv	50.4466	30.5031
RO	US	embassy	Washington, D.C.	38.9116	-77.0509
RO	UY	embassy	Montevideo	-34.9092	-56.1370
RO	UZ	embassy	Tashkent	41.2971	69.2642
RO	VE	embassy	Caracas	10.5076	-66.8520
RO	VN	embassy	Hanoi	21.0332	105.8373
RO	ZA	embassy	Pretoria	-25.7671	28.2346
RO	ZW	embassy	Harare	-17.8217	31.0531
RS	AE	embassy	Abu Dhabi	24.4278	54.4237
RS	AL	embassy	Tirana	41.3219	19.8189
RS	AO	embassy	Luanda	-8.8293	13.2376
RS	AR	embassy	Buenos Aires	-34.5971	-58.3921
RS	AT	embassy	Vienna	48.2005	16.3798
RS	AU	embassy	Canberra	-35.3532	149.1053
RS	AZ	embassy	Baku	40.3642	49.8338
RS	BA	consulate_general	Mostar	43.3386	17.8171
RS	BA	embassy	Sarajevo	43.8560	18.4185
RS	BE	embassy	Brussels	50.8479	4.3688
RS	BG	embassy	Sofia	42.6944	23.3405
RS	BR	embassy	Brasília	-15.8144	-47.8793
RS	BY	embassy	Minsk	53.9064	27.5754
RS	CA	embassy	Ottawa	45.4268	-75.6760
RS	CD	embassy	Kinshasa	-4.3072	15.2885
RS	CH	embassy	Bern	46.9432	7.4605
RS	CN	consulate_general	Shanghai	31.2325	121.4692
RS	CN	embassy	Beijing	39.9443	116.4546
RS	CU	embassy	Havana	23.1152	-82.4318
RS	CY	embassy	Nicosia	35.1695	33.3462
RS	CZ	embassy	Prague	50.0874	14.4055
RS	DE	embassy	Berlin	52.4827	13.2717
RS	DZ	embassy	Hydra	36.7408	3.0478
RS	EG	embassy	Cairo	30.0659	31.2178
RS	ES	embassy	Madrid	40.4213	-3.6847
RS	ET	embassy	Addis Ababa	9.0170	38.7671
RS	FI	embassy	Helsinki	60.1844	25.0100
RS	FR	embassy	Paris	48.8713	2.2865
RS	GB	embassy	London	51.4984	-0.1527
RS	GN	embassy	Conakry	9.5147	-13.7075
RS	GR	embassy	Athens	37.9829	23.7582
RS	HR	embassy	Zagreb	45.8269	15.9726
RS	HU	embassy	Budapest	47.5139	19.0771
RS	ID	embassy	Jakarta	-6.2012	106.8284
RS	IL	embassy	Tel Aviv	32.0919	34.7889
RS	IN	embassy	New Delhi	28.5926	77.1904
RS	IQ	embassy	Baghdad	33.3153	44.3661
RS	IR	embassy	Tehran	35.7600	51.3610
RS	IT	embassy	Rome	41.9213	12.4767
RS	IT	embassy	Rome	41.9216	12.4765
RS	JP	embassy	Minato	35.6265	139.7331
RS	KE	embassy	Nairobi	-1.2090	36.8130
RS	KR	embassy	Seoul	37.5616	126.9749
RS	KW	embassy	Kuwait City	29.3164	47.9998
RS	KZ	embassy	Astana	51.1613	71.4093
RS	LB	embassy	Beirut	33.8869	35.5131
RS	LY	embassy	Tripoli	32.8768	13.2032
RS	MA	embassy	Rabat	33.9818	-6.8326
RS	ME	embassy	Podgorica	42.4430	19.2620
RS	MK	embassy	Skopje	41.9886	21.4142
RS	MM	embassy	Yangon	16.8276	96.1397
RS	MX	embassy	Mexico City	19.4103	-99.2186
RS	NG	embassy	Q3787	9.0952	7.4981
RS	NO	embassy	Oslo	59.9110	10.7216
RS	PE	embassy	San Isidro	-12.0954	-77.0496
RS	PL	embassy	Warsaw	52.2216	21.0224
RS	PT	embassy	Lisbon	38.7007	-9.2115
RS	QA	embassy	Doha	25.3606	51.5057
RS	RO	embassy	Bucharest	44.4490	26.0994
RS	RU	embassy	Moscow	55.7185	37.5189
RS	SA	embassy	Riyadh	24.7014	46.6883
RS	SE	embassy	Stockholm	59.3292	18.0429
RS	SI	embassy	Ljubljana	46.0562	14.5099
RS	SK	embassy	Bratislava	48.1570	17.0882
RS	TN	embassy	Tunis	36.8326	10.2297
RS	TR	embassy	Ankara	39.9017	32.8583
RS	UA	embassy	Kyiv	50.4648	30.5236
RS	US	embassy	Washington, D.C.	38.9178	-77.0493
RS	ZA	embassy	Pretoria	-25.7660	28.2371
RU	AE	embassy	Abu Dhabi	24.4967	54.3686
RU	AL	embassy	Tirana	41.3231	19.8181
RU	AM	embassy	Yerevan	40.1755	44.5037
RU	AO	embassy	Luanda	-8.8104	13.2543
RU	AR	embassy	Buenos Aires	-34.5907	-58.3883
RU	AT	embassy	Vienna	48.1975	16.3842
RU	AU	embassy	Canberra	-35.3208	149.1381
RU	AZ	embassy	Baku	40.3889	49.8334
RU	BA	embassy	Sarajevo	43.8516	18.4120
RU	BD	embassy	Dhaka	23.8021	90.4125
RU	BE	embassy	Uccle	50.8050	4.3526
RU	BG	embassy	Stolichna Municipality	42.6719	23.3458
RU	BH	embassy	Manama	26.2075	50.5701
RU	BI	embassy	Bujumbura	-3.3805	29.3692
RU	BJ	embassy	Cotonou	6.3510	2.4188
RU	BN	embassy	Kampong Manggis	4.9601	114.9637
RU	BO	embassy	La Paz	-16.5435	-68.0914
RU	BR	embassy	Brasília	-15.8050	-47.8755
RU	BW	embassy	Gaborone	-24.6502	25.9204
RU	BY	embassy	Minsk	53.9260	27.5433
RU	CA	embassy	Ottawa	45.4298	-75.6733
RU	CD	embassy	Kinshasa	-4.3143	15.2815
RU	CF	embassy	Bangui	4.3636	18.5887
RU	CG	embassy	Brazzaville	-4.2720	15.2910
RU	CH	embassy	Bern	46.9342	7.4633
RU	CI	embassy	Abidjan	5.3370	-3.9768
RU	CL	embassy	Vitacura	-33.3948	-70.5890
RU	CM	embassy	Yaoundé	3.8944	11.5151
RU	CN	consulate_general	Harbin	45.7589	126.6297
RU	CN	consulate_general	Hong Kong	22.2803	114.1749
RU	CN	consulate_general	Wuhan	30.5950	114.2975
RU	CN	embassy	Beixinqiao Subdistrict	39.9445	116.4229
RU	CO	embassy	Bogotá	4.6570	-74.0513
RU	CR	embassy	San José	9.9370	-84.0651
RU	CU	embassy	Havana	23.1126	-82.4358
RU	CV	embassy	Praia	14.9052	-23.5147
RU	CY	embassy	Egkomi Lefkosias	35.1654	33.3402
RU	CZ	consulate_general	Brno	49.1928	16.5744
RU	CZ	embassy	Prague	50.1025	14.4160
RU	DE	embassy	Bezirk Mitte	52.5162	13.3835
RU	DJ	embassy	Djibouti	11.6088	43.1519
RU	DZ	embassy	El Biar	36.7500	3.0333
RU	EC	embassy	Quito	-0.2062	-78.4939
RU	EE	embassy	Tallinn	59.4385	24.7456
RU	EG	embassy	Giza	30.0376	31.2192
RU	ER	embassy	Asmara	15.3279	38.9275
RU	ES	consulate_general	Pedralbes	41.3927	2.1053
RU	ES	embassy	Madrid	40.4448	-3.6833
RU	ET	embassy	Addis Ababa	9.0359	38.7847
RU	FI	consulate	Mariehamn	60.0986	19.9444
RU	FI	embassy	Helsinki	60.1597	24.9549
RU	FR	consulate_general	Marseille	43.2718	5.3836
RU	FR	consulate_general	Strasbourg	48.5866	7.7630
RU	FR	embassy	Paris	48.8662	2.2703
RU	GA	embassy	Libreville	0.4151	9.4478
RU	GB	embassy	London	51.5097	-0.1915
RU	GE	embassy	Georgia	41.7108	44.7428
RU	GH	embassy	La-Dade-Kotopon Municipal District	5.5838	-0.1816
RU	GN	embassy	Conakry	9.5533	-13.6443
RU	GR	consulate_general	Thessaloniki	40.6331	22.9403
RU	GR	embassy	Palaio Psychiko	38.0174	23.7700
RU	GT	embassy	Guatemala City	14.5831	-90.5200
RU	GW	embassy	Bissau	11.8586	-15.5922
RU	GY	embassy	Georgetown	6.8247	-58.1375
RU	HR	embassy	Zagreb	45.8174	15.9590
RU	HU	consulate_general	Debrecen	47.5270	21.6247
RU	HU	embassy	Budapest District VI	47.5116	19.0721
RU	ID	embassy	Jakarta	-6.2204	106.8311
RU	IE	embassy	Dublin	53.3031	-6.2601
RU	IL	embassy	Tel Aviv	32.0814	34.7686
RU	IN	consulate_general	Chennai	13.0356	80.2780
RU	IN	embassy	New Delhi	28.5828	77.1836
RU	IQ	embassy	Baghdad	33.3185	44.3471
RU	IR	consulate	Isfahan	32.6611	51.6715
RU	IR	embassy	District 12	35.6987	51.4141
RU	IS	embassy	Reykjavík	64.1472	-21.9448
RU	IT	embassy	Rome	41.9026	12.4627
RU	IT	embassy	Rome	41.9068	12.5040
RU	JM	embassy	Kingston	18.0555	-76.7882
RU	JO	embassy	Amman	31.9545	35.9060
RU	JP	consulate	Hakodate	41.7642	140.7118
RU	JP	consulate_general	Niigata	37.9252	139.0593
RU	JP	consulate_general	Sapporo	43.0402	141.3417
RU	JP	consulate_general	Toyonaka	34.8091	135.4739
RU	JP	embassy	Azabudai	35.6594	139.7414
RU	KE	embassy	Nairobi	-1.2909	36.8005
RU	KG	embassy	Bishkek	42.8742	74.5885
RU	KH	embassy	Phnom Penh	11.5497	104.9321
RU	KP	consulate_general	Chongjin	41.7253	129.6957
RU	KP	embassy	Pyongyang	39.0244	125.7460
RU	KR	consulate_general	Busan	35.1061	129.0367
RU	KR	embassy	Seoul	37.5650	126.9718
RU	KW	embassy	Kuwait City	29.3665	48.0154
RU	KZ	embassy	Astana	51.1536	71.4336
RU	LA	embassy	Vientiane	17.9297	102.6209
RU	LB	embassy	Beirut	33.8799	35.4898
RU	LK	embassy	Colombo	6.9065	79.8754
RU	LT	embassy	Vilnius	54.6958	25.2417
RU	LU	embassy	Luxembourg	49.6434	6.1377
RU	LV	embassy	Riga	56.9567	24.1084
RU	LY	embassy	Tripoli	32.8886	13.1903
RU	MA	embassy	Rabat	33.9698	-6.8296
RU	MD	embassy	Chișinău	47.0318	28.8200
RU	ME	embassy	Podgorica	42.4431	19.2648
RU	MG	embassy	Antananarivo	-18.8727	47.5387
RU	MK	embassy	Skopje	41.9997	21.4244
RU	ML	embassy	Bamako	12.6424	-7.9787
RU	MM	embassy	Yangon	16.7860	96.1436
RU	MN	consulate_general	Darkhan	49.4867	105.9228
RU	MN	embassy	Ulaanbaatar	47.9154	106.9101
RU	MR	embassy	Nouakchott	18.0991	-15.9736
RU	MT	embassy	San Ġwann	35.9078	14.4839
RU	MU	embassy	Vacoas-Phoenix	-20.3146	57.5071
RU	MX	embassy	Mexico City	19.4097	-99.1827
RU	MY	embassy	Kuala Lumpur	3.1597	101.7323
RU	MZ	embassy	Maputo	-25.9529	32.5885
RU	NA	embassy	Windhoek	-22.5787	17.0991
RU	NG	embassy	Q3787	9.0476	7.4697
RU	NI	embassy	Managua	12.0941	-86.2313
RU	NO	embassy	Oslo	59.9129	10.7054
RU	NP	embassy	Kathmandu	27.7276	85.3315
RU	NZ	embassy	Wellington	-41.2871	174.7509
RU	OM	embassy	Muscat	23.6090	58.4426
RU	PA	embassy	Panama City	8.9832	-79.5592
RU	PE	embassy	Lima	-12.1014	-77.0581
RU	PK	embassy	Islamabad	33.7298	73.1300
RU	PL	consulate	Poznań	52.4106	16.8869
RU	PL	consulate_general	Gdańsk	54.3763	18.6032
RU	PL	consulate_general	Kraków	50.0673	19.9357
RU	PL	embassy	Warsaw	52.2105	21.0266
RU	PT	embassy	Lisbon	38.7345	-9.1389
RU	PY	embassy	Asunción	-25.2770	-57.5654
RU	QA	embassy	Doha	25.3608	51.5144
RU	RO	embassy	Bucharest	44.4600	26.0819
RU	RS	embassy	Belgrade	44.7999	20.4630
RU	RW	embassy	Kigali	-1.9541	30.0634
RU	SA	embassy	Riyadh	24.7190	46.6522
RU	SC	embassy	Beau Vallon	-4.6234	55.4391
RU	SD	embassy	Khartoum	15.5840	32.5452
RU	SE	embassy	Stockholm	59.3258	18.0167
RU	SG	embassy	Singapore	1.3139	103.8183
RU	SI	embassy	Ljubljana	46.0526	14.4982
RU	SN	embassy	Dakar	14.6677	-17.4389
RU	SY	embassy	Damascus	33.5258	36.3003
RU	TD	embassy	N'Djamena	12.1231	15.0336
RU	TH	embassy	Bangkok	13.7294	100.5272
RU	TJ	embassy	Dushanbe	38.5826	68.7537
RU	TM	embassy	Ashgabat	37.8941	58.3474
RU	TN	embassy	Tunis	36.8344	10.1542
RU	TR	embassy	Ankara	39.8936	32.8528
RU	TZ	embassy	Dar es Salaam	-6.7916	39.2794
RU	UA	embassy	Kyiv	50.4336	30.4718
RU	UG	embassy	Kampala	0.3339	32.6001
RU	US	consulate_general	New York	40.7845	-73.9570
RU	US	consulate_general	Seattle	47.6098	-122.3321
RU	US	consulate_general	Texas	29.7549	-95.4546
RU	US	embassy	Washington, D.C.	38.9244	-77.0747
RU	UY	embassy	Montevideo	-34.9136	-56.1538
RU	UZ	embassy	Tashkent	41.2854	69.2705
RU	VE	embassy	Caracas	10.4823	-66.8654
RU	VN	consulate_general	Da Nang	16.0694	108.2097
RU	VN	consulate_general	Ho Chi Minh City	10.7756	106.7019
RU	VN	embassy	Hanoi	21.0213	105.8250
RU	YE	embassy	Sanaa	15.3546	44.1966
RU	ZA	embassy	Pretoria	-25.7614	28.2476
RU	ZM	embassy	Lusaka	-15.4204	28.3099
RU	ZW	embassy	Harare	-17.8209	31.0456
RW	BE	embassy	Woluwe-Saint-Pierre	50.8273	4.4402
RW	CA	high_commission	Ottawa	45.4190	-75.7019
RW	CH	embassy	Geneva	46.2189	6.1374
RW	CN	embassy	Beijing	39.9121	116.4400
RW	DE	embassy	Berlin	52.5140	13.3874
RW	FR	embassy	Paris	48.8813	2.3057
RW	GB	high_commission	London	51.5201	-0.1634
RW	GN	embassy	Conakry	9.5069	-13.7178
RW	IL	embassy	Herzliya	32.1667	34.8114
RW	IN	high_commission	New Delhi	28.5764	77.1691
RW	JP	embassy	Setagaya	35.6169	139.6619
RW	KE	high_commission	Nairobi	-1.2404	36.8122
RW	PL	embassy	Warsaw	52.2300	21.0111
RW	RU	embassy	Moscow	55.7212	37.5150
RW	SE	embassy	Stockholm	59.3498	18.0462
RW	SG	high_commission	Singapore	1.2953	103.8596
RW	TR	embassy	Ankara	39.8972	32.8694
RW	TZ	high_commission	Dar es Salaam	-6.7630	39.2773
RW	US	embassy	Washington, D.C.	38.9131	-77.0403
RW	ZA	high_commission	Pretoria	-25.7470	28.2294
SA	AE	embassy	Abu Dhabi	24.4258	54.4342
SA	AF	embassy	Kabul	34.5302	69.1949
SA	AL	embassy	Tirana	41.3107	19.8411
SA	AR	embassy	Buenos Aires	-34.5793	-58.4019
SA	AT	embassy	Vienna	48.2165	16.3672
SA	AU	embassy	Canberra	-35.3114	149.1061
SA	AZ	embassy	Baku	40.3669	49.8136
SA	BA	embassy	Sarajevo	43.8601	18.4027
SA	BD	embassy	Dhaka	23.7974	90.4200
SA	BE	embassy	Brussels	50.8100	4.3819
SA	BF	embassy	Ouagadougou	12.3054	-1.5203
SA	BG	embassy	Sofia	42.6667	23.2767
SA	BH	embassy	Manama	26.2435	50.5877
SA	BN	embassy	Kampong Salar	4.9240	114.9617
SA	BR	embassy	Brasília	-15.8377	-47.8772
SA	CA	embassy	Ottawa	45.4352	-75.6958
SA	CH	embassy	Bern	46.9400	7.4551
SA	CI	embassy	Cocody	5.3307	-4.0109
SA	CL	embassy	Las Condes	-33.4160	-70.5952
SA	CM	embassy	Yaoundé	3.8988	11.5111
SA	CN	embassy	Beijing	39.9434	116.4458
SA	CU	embassy	Havana	23.1140	-82.4324
SA	CY	embassy	Egkomi Lefkosias	35.1700	33.3540
SA	CZ	embassy	Prague	50.1024	14.4145
SA	DE	consulate_general	Frankfurt	50.1122	8.6525
SA	DE	embassy	Berlin	52.5093	13.3533
SA	DJ	embassy	Djibouti	11.5720	43.1454
SA	DZ	embassy	Ben Aknoun	36.7521	3.0146
SA	EG	consulate	Alexandria	31.1976	29.9109
SA	EG	embassy	Giza	30.0316	31.2179
SA	ER	embassy	Asmara	15.3301	38.9254
SA	ES	embassy	Madrid	40.4674	-3.6670
SA	ET	embassy	Addis Ababa	9.0013	38.8486
SA	FI	embassy	Helsinki	60.1861	24.9099
SA	FR	embassy	Paris	48.8774	2.3044
SA	GA	embassy	Libreville	0.4313	9.4243
SA	GB	embassy	London	51.5072	-0.1479
SA	GE	embassy	Tbilisi	41.7172	44.7850
SA	GH	embassy	Accra	5.6094	-0.1893
SA	GN	embassy	Conakry	9.5417	-13.6831
SA	GR	embassy	Palaio Psychiko	38.0075	23.7773
SA	HU	embassy	Budapest District I	47.4868	19.0407
SA	ID	embassy	Jakarta	-6.2119	106.8298
SA	IE	embassy	Dublin	53.3347	-6.2509
SA	IN	embassy	New Delhi	28.5919	77.1810
SA	IQ	embassy	Baghdad	33.3153	44.3661
SA	IR	embassy	Tehran	35.7808	51.3628
SA	IT	embassy	Rome	41.9169	12.4924
SA	JO	embassy	Amman	31.9392	35.8885
SA	JP	embassy	Minato	35.6633	139.7393
SA	KE	embassy	Nairobi	-1.2606	36.8369
SA	KG	embassy	Bishkek	42.8815	74.5982
SA	KM	embassy	Moroni	-11.7195	43.2542
SA	KR	embassy	Seoul	37.5316	126.9916
SA	KW	embassy	Kuwait City	29.3656	48.0203
SA	KZ	embassy	Astana	51.1450	71.4054
SA	LB	embassy	Beirut	33.8988	35.4754
SA	LK	embassy	Colombo	6.9117	79.8688
SA	LY	embassy	Tripoli	32.8919	13.1882
SA	MA	embassy	Rabat	33.9712	-6.8304
SA	ML	embassy	Bamako	12.6282	-8.0234
SA	MM	embassy	Yangon	16.8379	96.1544
SA	MR	embassy	Nouakchott	18.1044	-15.9919
SA	MV	embassy	Malé	4.1782	73.5129
SA	MX	embassy	Mexico City	19.4074	-99.2288
SA	MY	embassy	Kuala Lumpur	3.1609	101.7325
SA	MZ	embassy	Maputo	-25.9536	32.6059
SA	NE	embassy	Niamey	13.5217	2.0889
SA	NG	embassy	Q3787	9.0997	7.4777
SA	NO	embassy	Oslo	59.9164	10.6944
SA	NP	embassy	Kathmandu	27.7367	85.3326
SA	NZ	embassy	Wellington	-41.2835	174.7750
SA	OM	embassy	Muscat	23.6052	58.4299
SA	PE	embassy	Lima	-12.0974	-77.0490
SA	PH	embassy	Q1508	14.5611	121.0221
SA	PK	embassy	Islamabad	33.7330	73.1244
SA	PL	embassy	Warsaw	52.1692	21.0839
SA	PS	consulate_general	Jerusalem	31.7767	35.2342
SA	PT	embassy	Lisbon	38.7019	-9.2163
SA	RO	embassy	Bucharest	44.4460	26.1038
SA	RU	embassy	Moscow	55.7394	37.5832
SA	SD	embassy	Khartoum	15.5744	32.5467
SA	SE	embassy	Stockholm	59.3459	18.0678
SA	SG	embassy	Singapore	1.2994	103.8413
SA	SN	embassy	Dakar	14.7013	-17.4749
SA	SO	embassy	Mogadishu	2.0392	45.3419
SA	SY	embassy	Damascus	33.5191	36.2842
SA	TD	embassy	N'Djamena	12.1294	15.0383
SA	TH	embassy	Bangkok	13.7232	100.5322
SA	TJ	embassy	Dushanbe	38.5680	68.8085
SA	TM	embassy	Ashgabat	37.9443	58.3558
SA	TN	embassy	Tunis	36.8499	10.1900
SA	TR	consulate_general	Istanbul	41.0860	29.0121
SA	TR	embassy	Ankara	39.8963	32.8645
SA	TZ	embassy	Dar es Salaam	-6.7540	39.2876
SA	UA	embassy	Kyiv	50.4340	30.4919
SA	UG	embassy	Kampala	0.3288	32.5932
SA	US	embassy	Washington, D.C.	38.8978	-77.0539
SA	UY	embassy	Montevideo	-34.9044	-56.1361
SA	UZ	embassy	Tashkent	41.2867	69.2525
SA	VE	embassy	Caracas	10.5070	-66.8299
SA	VN	embassy	Hanoi	21.0316	105.8375
SA	YE	embassy	Sanaa	15.3342	44.2044
SA	ZA	embassy	Pretoria	-25.7572	28.2386
SA	ZM	embassy	Lusaka	-15.4221	28.3205
SB	AU	high_commission	Canberra	-35.3247	149.0919
SB	BE	embassy	Etterbeek	50.8326	4.4092
SB	NZ	high_commission	Wellington	-41.2749	174.7791
SC	AE	embassy	Abu Dhabi	24.4388	54.4074
SC	BE	embassy	Etterbeek	50.8338	4.4063
SC	BG	consulate	Sofia	42.6686	23.2905
SC	CN	consulate_general	Shanghai	31.2325	121.4692
SC	CN	embassy	Beijing	39.9197	116.4516
SC	CU	embassy	Havana	23.1119	-82.4345
SC	ET	embassy	Addis Ababa	9.0086	38.8092
SC	FR	embassy	Paris	48.8550	2.2698
SC	GB	high_commission	London	51.4936	-0.1472
SC	IN	high_commission	New Delhi	28.6015	77.1857
SC	LK	high_commission	Colombo	6.9051	79.8520
SC	US	embassy	New York City	40.7516	-73.9735
SC	ZA	high_commission	Pretoria	-25.7845	28.2650
SD	AT	embassy	Vienna	48.2000	16.3840
SD	AU	embassy	Canberra	-35.3571	149.1060
SD	BE	embassy	Brussels	50.8065	4.3861
SD	BH	embassy	Manama	26.2131	50.5873
SD	BR	embassy	Brasília	-15.8345	-47.8705
SD	CA	embassy	Ottawa	45.4305	-75.6751
SD	CH	embassy	Geneva	46.2215	6.1481
SD	CN	embassy	Beijing	39.9357	116.4546
SD	DE	embassy	Berlin	52.5002	13.2925
SD	ES	embassy	Madrid	40.4718	-3.7333
SD	FR	embassy	Paris	48.8605	2.2705
SD	GB	embassy	London	51.5049	-0.1386
SD	GR	embassy	Palaio Psychiko	37.9989	23.7664
SD	ID	embassy	Jakarta	-6.2304	106.8361
SD	IE	embassy	Dublin	53.3358	-6.2451
SD	IN	embassy	New Delhi	28.5917	77.1900
SD	IQ	embassy	Baghdad	33.3189	44.3884
SD	IT	embassy	Rome	41.9238	12.4950
SD	JP	embassy	Tokyo	35.6238	139.6719
SD	KM	embassy	Moroni	-11.7177	43.2482
SD	LY	embassy	Tripoli	32.8747	13.1180
SD	NO	embassy	Oslo	59.9237	10.7228
SD	RO	embassy	Bucharest	44.4550	26.0886
SD	RU	embassy	Moscow	55.7228	37.6063
SD	SA	embassy	Riyadh	24.6784	46.6213
SD	SE	embassy	Lidingö Municipality	59.3648	18.1265
SD	TD	embassy	N'Djamena	12.1298	15.0441
SD	TR	embassy	Ankara	39.8649	32.8559
SD	UA	embassy	Kyiv	50.4124	30.5395
SD	UG	embassy	Kampala	0.3224	32.5777
SD	US	embassy	Washington, D.C.	38.9111	-77.0494
SD	ZA	embassy	Pretoria	-25.7447	28.2399
SE	AE	embassy	Abu Dhabi	24.4861	54.3644
SE	AF	embassy	Kabul	34.5281	69.1661
SE	AL	embassy	Tirana	41.3207	19.8301
SE	AM	embassy	Yerevan	40.1742	44.5057
SE	AR	embassy	Buenos Aires	-34.6056	-58.3639
SE	AT	embassy	Vienna	48.2190	16.3718
SE	AU	embassy	Canberra	-35.3083	149.1145
SE	AZ	embassy	Baku	40.3742	49.8449
SE	BA	embassy	Sarajevo	43.8591	18.4262
SE	BD	embassy	Dhaka	23.7962	90.4176
SE	BE	consulate_general	Brussels	50.8407	4.3697
SE	BF	embassy	Ouagadougou	12.3703	-1.5125
SE	BO	embassy	La Paz	-16.5108	-68.1222
SE	BR	embassy	Brasília	-15.8244	-47.8892
SE	BY	embassy	Minsk	53.9018	27.5503
SE	CA	embassy	Ottawa	45.4275	-75.6898
SE	CD	embassy	Kinshasa	-4.3078	15.2737
SE	CH	embassy	Bern	46.9464	7.4399
SE	CL	embassy	Providencia	-33.4207	-70.6064
SE	CN	consulate_general	Hong Kong	22.2789	114.1713
SE	CN	consulate_general	Shanghai	31.2325	121.4692
SE	CN	embassy	Beijing	39.9410	116.4531
SE	CO	embassy	Bogotá	4.6541	-74.0547
SE	CU	embassy	Havana	23.1171	-82.4258
SE	CY	embassy	Nicosia	35.1682	33.3602
SE	CZ	embassy	Prague	50.0875	14.3910
SE	DE	embassy	Berlin	52.5091	13.3509
SE	DZ	embassy	Algiers	36.7449	3.0293
SE	EE	embassy	Tallinn	59.4391	24.7469
SE	EG	embassy	Cairo	30.0676	31.2221
SE	ES	embassy	Madrid	40.4307	-3.6938
SE	ET	embassy	Addis Ababa	9.0186	38.7490
SE	FI	consulate_general	Mariehamn	60.0986	19.9444
SE	FI	embassy	Helsinki	60.1681	24.9543
SE	FR	embassy	Paris	48.8535	2.3178
SE	GB	embassy	City of Westminster	51.5189	-0.1603
SE	GE	embassy	Tbilisi	41.7118	44.7609
SE	GR	embassy	Athens	37.9708	23.7408
SE	GT	embassy	Guatemala City	14.6067	-90.5158
SE	HR	embassy	Zagreb	45.8118	15.9696
SE	HU	embassy	Budapest District II	47.5078	19.0326
SE	ID	embassy	Jakarta	-6.2271	106.8264
SE	IL	embassy	Tel Aviv	32.0617	34.7883
SE	IN	embassy	New Delhi	28.5949	77.1839
SE	IQ	embassy	Baghdad	33.3184	44.4252
SE	IR	embassy	Tehran	35.8010	51.4755
SE	IS	embassy	Reykjavík	64.1394	-21.8912
SE	IT	embassy	Rome	41.9125	12.5083
SE	JO	embassy	Amman	31.9457	35.8954
SE	JP	embassy	Minato	35.6646	139.7418
SE	KE	embassy	Nairobi	-1.2331	36.8055
SE	KP	embassy	Pyongyang	39.0228	125.7921
SE	KR	embassy	Seoul	37.5586	126.9754
SE	KZ	embassy	Astana	51.1533	71.4293
SE	LB	embassy	Beirut	33.9004	35.5026
SE	LR	embassy	Monrovia	6.2895	-10.7830
SE	LT	embassy	Vilnius	54.6797	25.2883
SE	LV	embassy	Riga	56.9573	24.1103
SE	MA	embassy	Rabat	33.9857	-6.8284
SE	MD	embassy	Chișinău	47.0303	28.8196
SE	MK	embassy	Skopje	41.9966	21.4290
SE	ML	embassy	Bamako	12.6309	-8.0024
SE	MX	embassy	Mexico City	19.4215	-99.2242
SE	MY	embassy	Kuala Lumpur	3.1630	101.7164
SE	MZ	embassy	Maputo	-25.9708	32.5961
SE	NG	embassy	Q3787	9.0299	7.5213
SE	NO	embassy	Oslo	59.9191	10.6997
SE	NZ	embassy	Wellington	-41.2860	174.7766
SE	PH	embassy	Taguig	14.5436	121.0472
SE	PK	embassy	Islamabad	33.7361	73.0755
SE	PL	consulate	Gdańsk	54.3472	18.6573
SE	PL	embassy	Warsaw	52.2134	21.0253
SE	PS	consulate_general	Jerusalem	31.7905	35.2307
SE	PT	embassy	Lisbon	38.7118	-9.1551
SE	QA	embassy	Doha	25.3183	51.5274
SE	RO	embassy	Bucharest	44.4645	26.0788
SE	RS	embassy	Belgrade	44.7736	20.4595
SE	RU	consulate_general	Saint Petersburg	59.9500	30.3167
SE	RU	embassy	Moscow	55.7167	37.5158
SE	RW	embassy	Kigali	-1.9470	30.0914
SE	SA	embassy	Riyadh	24.6894	46.6300
SE	SD	embassy	Khartoum	15.5704	32.5501
SE	SG	embassy	Singapore	1.3004	103.8374
SE	SY	embassy	Damascus	33.5158	36.2865
SE	TH	embassy	Khlong Toei	13.7405	100.5548
SE	TN	embassy	Tunis	36.8308	10.2293
SE	TR	consulate_general	Beyoğlu	41.0289	28.9750
SE	TR	embassy	Ankara	39.8978	32.8593
SE	TZ	embassy	Dar es Salaam	-6.8130	39.2918
SE	UA	embassy	Kyiv	50.4465	30.5082
SE	UG	embassy	Kampala	0.3219	32.5760
SE	US	consulate	San Francisco	37.7893	-122.4008
SE	US	consulate_general	New York City	40.7609	-73.9708
SE	US	embassy	Washington, D.C.	38.9015	-77.0589
SE	VN	embassy	Hanoi	21.0318	105.8217
SE	XK	embassy	Pristina	42.6571	21.1573
SE	ZA	embassy	Pretoria	-25.7485	28.2382
SE	ZM	embassy	Lusaka	-15.4162	28.3187
SE	ZW	embassy	Harare	-17.7912	31.0357
SG	AE	embassy	Abu Dhabi	24.4471	54.3660
SG	AU	high_commission	Canberra	-35.3030	149.1168
SG	BE	embassy	Brussels	50.8045	4.3862
SG	BN	high_commission	Bandar Seri Begawan	4.8855	114.9582
SG	BR	embassy	Brasília	-15.8372	-47.8383
SG	CN	consulate_general	Changning District	31.2050	121.4017
SG	CN	consulate_general	Chengdu	30.6600	104.0633
SG	CN	consulate_general	Hong Kong	22.2795	114.1648
SG	CN	consulate_general	Tianhe District	23.1419	113.3248
SG	CN	consulate_general	Xiamen	24.4797	118.0819
SG	CN	embassy	Chaoyang District	39.9099	116.4381
SG	DE	embassy	Berlin	52.5111	13.3778
SG	EG	embassy	Giza	30.0424	31.2024
SG	FR	embassy	Paris	48.8781	2.3075
SG	GB	high_commission	London	51.5003	-0.1563
SG	ID	embassy	Jakarta	-6.2339	106.8298
SG	IN	high_commission	New Delhi	28.5888	77.1789
SG	JP	embassy	Minato	35.6577	139.7342
SG	KH	embassy	Phnom Penh	11.5584	104.9273
SG	KR	embassy	Seoul	37.5684	126.9786
SG	LA	embassy	Vientiane	17.9375	102.6182
SG	MM	embassy	Yangon	16.8069	96.1536
SG	MY	high_commission	Kuala Lumpur	3.1554	101.7211
SG	NZ	high_commission	Wellington	-41.2546	174.7861
SG	PH	embassy	Taguig	14.5463	121.0466
SG	QA	embassy	Doha	25.3594	51.5152
SG	RU	embassy	Moscow	55.7499	37.5856
SG	SA	embassy	Riyadh	24.6757	46.6263
SG	TH	embassy	Bangkok	13.7222	100.5330
SG	TR	embassy	Ankara	39.8744	32.8571
SG	US	embassy	Washington, D.C.	38.9415	-77.0663
SG	VN	embassy	Hanoi	21.0310	105.8382
SG	ZA	high_commission	Pretoria	-25.7462	28.2292
SI	AE	embassy	Abu Dhabi	24.4987	54.3678
SI	AL	consulate	Tirana	41.3283	19.8181
SI	AL	consulate_general	Tirana	41.3283	19.8181
SI	AL	embassy	Tirana	41.3198	19.8192
SI	AR	consulate	Buenos Aires	-34.5997	-58.3819
SI	AR	consulate	Mendoza	-32.8897	-68.8444
SI	AR	embassy	Buenos Aires	-34.5916	-58.3798
SI	AT	consulate	Graz	47.0678	15.4366
SI	AT	consulate	Linz	48.2982	14.2838
SI	AT	consulate	Salzburg	47.8057	13.0454
SI	AT	consulate	Wörgl	47.4879	12.0789
SI	AT	consulate_general	Klagenfurt am Wörthersee	46.6280	14.2966
SI	AT	embassy	Vienna	48.2159	16.3634
SI	AU	consulate_general	New South Wales	-32.0000	147.0000
SI	AU	embassy	Canberra	-35.3519	149.1160
SI	AZ	consulate	Baku	40.3667	49.8352
SI	BA	embassy	Sarajevo	43.8557	18.4101
SI	BE	consulate	Soumagne	50.6167	5.7500
SI	BE	embassy	Brussels	50.8464	4.3725
SI	BG	embassy	Sofia	42.7006	23.3266
SI	BR	consulate	Minas Gerais	-19.7822	-43.9514
SI	BR	consulate	São Paulo	-23.5504	-46.6339
SI	BR	embassy	Brasília	-15.8398	-47.8860
SI	CA	consulate	New Brunswick	46.6000	-66.0000
SI	CA	consulate	Vancouver	49.2608	-123.1139
SI	CA	consulate_general	Toronto	43.6703	-79.3867
SI	CA	embassy	Ottawa	45.4200	-75.6950
SI	CH	embassy	Bern	46.9466	7.4393
SI	CL	consulate	Santiago	-33.4375	-70.6500
SI	CN	consulate	Hong Kong	22.2783	114.1586
SI	CN	embassy	Beijing	39.9604	116.4633
SI	CY	consulate	Limassol	34.6750	33.0443
SI	CZ	embassy	Prague	50.0952	14.3916
SI	DE	consulate	Hamburg	53.5500	10.0000
SI	DE	consulate	Potsdam	52.4000	13.0667
SI	DE	consulate_general	Ludwigsvorstadt-Isarvorstadt	48.1273	11.5648
SI	DE	embassy	Berlin	52.5134	13.3961
SI	DZ	embassy	Algiers	36.7622	3.0230
SI	EG	embassy	Giza	30.0500	31.2025
SI	ES	consulate_general	Barcelona	41.4014	2.1477
SI	ES	embassy	Madrid	40.4366	-3.6880
SI	ET	embassy	Addis Ababa	9.0358	38.7525
SI	FI	embassy	Helsinki	60.1708	24.9375
SI	FR	consulate	Saint-Étienne	45.4339	4.3897
SI	FR	embassy	Paris	48.8576	2.2759
SI	GB	consulate	City of Edinburgh	55.9472	-3.2359
SI	GB	embassy	City of Westminster	51.4999	-0.1322
SI	GR	consulate	Athens	37.9842	23.7281
SI	GR	embassy	Athens	38.0062	23.7771
SI	HR	consulate	Split	43.5100	16.4400
SI	HR	embassy	Zagreb	45.8268	15.9836
SI	HU	consulate_general	Szentgotthárd	46.9522	16.2802
SI	HU	embassy	Budapest District II	47.5314	19.0031
SI	IE	embassy	Dublin	53.3288	-6.2399
SI	IL	consulate	Haifa	32.8192	34.9992
SI	IL	embassy	Tel Aviv	32.0757	34.7757
SI	IN	embassy	New Delhi	28.5651	77.1648
SI	IR	embassy	Tehran	35.8085	51.4616
SI	IS	consulate	Reykjavík	64.1475	-21.9350
SI	IT	consulate	Province of Caltanissetta	37.4900	14.0500
SI	IT	consulate_general	Trieste	45.6503	13.7703
SI	IT	embassy	Rome	41.9026	12.4627
SI	IT	embassy	Rome	41.9186	12.4977
SI	JO	consulate	Amman	31.9310	35.9261
SI	JP	embassy	Minato	35.6568	139.7173
SI	KR	consulate	Seoul	37.5600	126.9900
SI	KR	embassy	Seoul	37.5365	126.9985
SI	LB	consulate	Beirut	33.8869	35.5131
SI	LU	consulate	Hesperange	49.5708	6.1514
SI	LV	embassy	Riga	56.9475	24.1069
SI	MC	consulate	Monte Carlo	43.7411	7.4264
SI	ME	embassy	Podgorica	42.4457	19.2765
SI	MK	consulate	Bitola	41.0319	21.3347
SI	MK	embassy	Skopje	42.0021	21.4179
SI	MY	consulate	Kuala Lumpur	3.1478	101.6953
SI	NO	consulate	Norway	59.9333	10.6833
SI	PH	consulate	Manila	14.5958	120.9772
SI	PL	consulate	Myslowice, Silesian Voivodeship	50.2119	19.1478
SI	PL	consulate	Toruń	53.0144	18.6014
SI	PL	embassy	Warsaw	52.2162	21.0227
SI	PT	consulate	Caniço	32.6412	-16.8504
SI	PT	consulate	Porto	41.1500	-8.6108
SI	RO	embassy	Bucharest	44.4653	26.0927
SI	RS	embassy	Belgrade	44.8209	20.4659
SI	RU	consulate	Samara	53.1833	50.1167
SI	RU	embassy	Moscow	55.7699	37.6066
SI	SE	consulate	Helsingborg Municipality	56.0500	12.7167
SI	SG	consulate	Singapore	1.3000	103.8000
SI	SK	embassy	Bratislava	48.1427	17.1063
SI	TH	consulate	Bangkok	13.7500	100.5167
SI	TR	embassy	Ankara	39.8939	32.8667
SI	UA	consulate	Kharkiv	49.9925	36.2311
SI	UA	consulate	Kyiv	50.4500	30.5236
SI	UA	embassy	Kyiv	50.4474	30.5069
SI	US	consulate	Atlanta	33.7544	-84.3897
SI	US	consulate	Honolulu	21.3092	-157.8627
SI	US	consulate	Houston	29.7551	-95.5159
SI	US	consulate	Knoxville	35.9945	-83.8504
SI	US	consulate	Miami Beach	25.8546	-80.1367
SI	US	consulate	Minneapolis	44.9819	-93.2692
SI	US	consulate	Mission Hills	39.0107	-94.6221
SI	US	consulate	Pueblo	38.2669	-104.6203
SI	US	consulate	San Francisco	37.7921	-122.4019
SI	US	consulate_general	Cleveland	41.5029	-81.6863
SI	US	consulate_general	New York	40.7079	-74.0090
SI	US	embassy	Washington, D.C.	38.9153	-77.0533
SI	XK	embassy	Pristina	42.6567	21.1652
SK	AE	embassy	Abu Dhabi	24.4986	54.3678
SK	AL	embassy	Tirana	41.3296	19.8084
SK	AM	embassy	Yerevan	40.1774	44.5263
SK	AR	embassy	Buenos Aires	-34.5791	-58.4017
SK	AT	embassy	Vienna	48.2568	16.3577
SK	AU	embassy	Canberra	-35.3521	149.1081
SK	AZ	embassy	Baku	40.3760	49.8510
SK	BA	embassy	Centar Municipality	43.8511	18.4043
SK	BE	embassy	Ixelles	50.8156	4.3508
SK	BG	embassy	Stolichna Municipality	42.6967	23.3372
SK	BR	embassy	Brasília	-15.8174	-47.8855
SK	BY	embassy	Minsk	53.8979	27.5495
SK	CA	embassy	Ottawa	45.4438	-75.6792
SK	CH	embassy	Muri bei Bern	46.9329	7.4843
SK	CN	consulate_general	Shanghai	31.2325	121.4692
SK	CN	embassy	Beijing	39.9098	116.4352
SK	CU	embassy	Havana	23.1101	-82.4336
SK	CY	embassy	Strovolos	35.1553	33.3680
SK	CZ	embassy	Prague	50.0994	14.4077
SK	DE	embassy	Berlin	52.5089	13.3603
SK	EG	embassy	Giza	30.0431	31.2152
SK	ES	embassy	Madrid	40.4907	-3.7063
SK	ET	embassy	Addis Ababa	9.0342	38.8506
SK	FI	embassy	Helsinki	60.1846	25.0168
SK	FR	embassy	Paris	48.8560	2.2679
SK	GB	embassy	London	51.5093	-0.1929
SK	GE	embassy	Tbilisi	41.7065	44.7724
SK	GN	embassy	Conakry	9.5059	-13.7160
SK	GR	embassy	Filothei-Psychiko Municipality	38.0129	23.7692
SK	HR	embassy	Zagreb	45.8105	15.9677
SK	HU	embassy	Zugló	47.5067	19.0961
SK	ID	embassy	Jakarta	-6.1962	106.8322
SK	IE	embassy	Dublin	53.3393	-6.2512
SK	IL	embassy	Tel Aviv	32.0892	34.7769
SK	IN	embassy	New Delhi	28.5846	77.1864
SK	IR	embassy	Tehran	35.8112	51.4379
SK	IT	embassy	Rome	41.9426	12.4593
SK	JP	embassy	Tokyo	35.6544	139.7305
SK	KE	embassy	Nairobi	-1.2897	36.8057
SK	KR	embassy	Seoul	37.5319	127.0096
SK	KW	embassy	Kuwait City	29.3510	48.0261
SK	KZ	embassy	Astana	51.1533	71.4293
SK	LB	embassy	Beirut	33.8869	35.5131
SK	LV	embassy	Riga	56.9505	24.1067
SK	MD	embassy	Chișinău	47.0233	28.8225
SK	ME	embassy	Podgorica	42.4331	19.2558
SK	MK	embassy	Skopje	42.0003	21.3843
SK	MX	embassy	Mexico City	19.4284	-99.1969
SK	NG	embassy	Q3787	9.0461	7.4615
SK	NO	embassy	Oslo	59.9164	10.7035
SK	PL	consulate_general	Kraków	50.0614	19.9372
SK	PL	embassy	Warsaw	52.2169	21.0220
SK	PT	embassy	Lisbon	38.7213	-9.1458
SK	RO	embassy	Bucharest	44.4388	26.1068
SK	RS	embassy	Belgrade	44.8173	20.4117
SK	RU	embassy	Moscow	55.7719	37.5894
SK	SE	embassy	Stockholm	59.3318	18.0749
SK	SI	embassy	Ljubljana	46.0481	14.4950
SK	TH	embassy	Bangkok	13.7245	100.5410
SK	TR	embassy	Ankara	39.8984	32.8616
SK	UA	embassy	Kyiv	50.4531	30.5078
SK	US	embassy	Washington, D.C.	38.9453	-77.0681
SK	UZ	embassy	Tashkent	41.2867	69.2625
SK	VN	embassy	Hanoi	21.0343	105.8355
SK	ZA	embassy	Pretoria	-25.7479	28.2263
SL	BE	embassy	Woluwe-Saint-Pierre	50.8275	4.4450
SL	CH	embassy	Geneva	46.2264	6.1304
SL	CN	embassy	Beijing	39.9406	116.4508
SL	DE	embassy	Berlin	52.4314	13.3142
SL	ET	embassy	Addis Ababa	8.9864	38.7246
SL	GB	high_commission	London	51.5188	-0.1174
SL	GN	embassy	Conakry	9.6139	-13.6453
SL	RU	embassy	Moscow	55.7454	37.4257
SL	SA	embassy	Riyadh	24.7675	46.6779
SL	TR	embassy	Ankara	39.8561	32.8555
SL	US	embassy	Washington, D.C.	38.9128	-77.0431
SM	AL	embassy	Tirana	41.3267	19.8249
SM	AT	embassy	Vienna	48.1958	16.3762
SM	BA	embassy	Centar Municipality	43.8556	18.4249
SM	BE	embassy	Brussels	50.8104	4.3829
SM	CH	embassy	Geneva	46.2113	6.1399
SM	ES	embassy	Madrid	40.4415	-3.6776
SM	FR	embassy	Paris	48.8713	2.3097
SM	ID	embassy	Jakarta	-6.2003	106.8360
SM	IT	embassy	Rome	41.9262	12.5071
SM	IT	embassy	Rome	41.9295	12.4914
SM	JP	embassy	Minato	35.6569	139.7283
SM	US	embassy	New York City	40.7545	-73.9673
SN	BE	embassy	Brussels	50.8022	4.3896
SN	BR	embassy	Brasília	-15.7825	-47.8636
SN	CA	embassy	Ottawa	45.4267	-75.6736
SN	CH	embassy	Meyrin	46.2245	6.1009
SN	CI	embassy	Abidjan	5.3323	-3.9986
SN	DE	embassy	Bezirk Mitte	52.5075	13.3515
SN	ES	embassy	Madrid	40.4893	-3.7046
SN	FR	consulate_general	16th arrondissement of Paris	48.8669	2.2923
SN	FR	consulate_general	6th arrondissement of Lyon	45.7662	4.8512
SN	FR	consulate_general	Bordeaux	44.8402	-0.6006
SN	FR	consulate_general	Marseille	43.2881	5.3826
SN	FR	embassy	Paris	48.8618	2.3070
SN	GB	embassy	London	51.5190	-0.1155
SN	GM	embassy	Kanifing	13.4583	-16.6848
SN	GN	embassy	Conakry	9.5059	-13.7160
SN	IN	embassy	New Delhi	28.5674	77.1591
SN	IT	embassy	Rome	41.9077	12.4650
SN	IT	embassy	Rome	41.9223	12.4912
SN	JM	embassy	Kingston	18.0072	-76.7846
SN	JP	embassy	Tokyo	35.6495	139.6968
SN	NE	embassy	Niamey	13.5116	2.1040
SN	PT	embassy	Lisbon	38.7181	-9.1430
SN	RU	embassy	Moscow	55.7287	37.6163
SN	SA	embassy	Riyadh	24.6783	46.6262
SN	TD	consulate_general	N'Djamena	12.1020	15.0511
SN	TR	embassy	Ankara	39.8518	32.8248
SN	US	embassy	Washington, D.C.	38.9053	-77.0495
SN	ZA	embassy	Pretoria	-25.7654	28.2283
SO	BE	embassy	Brussels	50.8103	4.3830
SO	CH	embassy	Geneva	46.2117	6.1454
SO	CN	embassy	Beijing	39.9433	116.4501
SO	DE	embassy	Berlin	52.4704	13.3337
SO	FR	embassy	Paris	48.8704	2.2944
SO	ID	embassy	Jakarta	-6.2420	106.8364
SO	IN	embassy	New Delhi	28.5629	77.1669
SO	IT	embassy	Rome	41.9098	12.4703
SO	RU	embassy	Moscow	55.6600	37.6107
SO	SA	embassy	Riyadh	24.7236	46.6758
SO	TR	embassy	Ankara	39.8937	32.8693
SO	ZA	embassy	Pretoria	-25.7490	28.2218
SR	BE	embassy	Brussels	50.8020	4.3898
SR	BR	embassy	Brasília	-15.8415	-47.8782
SR	CN	embassy	Beijing	39.9086	116.4315
SR	CU	embassy	Havana	23.1087	-82.4406
SR	FR	embassy	16th arrondissement of Paris	48.8560	2.2679
SR	GH	embassy	Accra	5.6114	-0.1794
SR	GY	embassy	Georgetown	6.8150	-58.1492
SR	ID	embassy	Jakarta	-6.2529	106.8065
SR	IN	embassy	New Delhi	28.5617	77.1383
SR	MA	embassy	Rabat	34.0211	-6.8414
SR	TT	embassy	Port of Spain	10.6663	-61.5195
SR	US	embassy	Washington, D.C.	38.9436	-77.0628
SR	VE	embassy	Caracas	10.5075	-66.8522
SR	ZA	embassy	Pretoria	-25.7710	28.2627
SS	BE	embassy	Etterbeek	50.8386	4.3959
SS	DE	embassy	Berlin	52.5088	13.3788
SS	FR	embassy	Paris	48.8679	2.3050
SS	GB	embassy	London	51.5170	-0.1563
SS	IL	embassy	Herzliya	32.1701	34.8009
SS	IN	embassy	New Delhi	28.5583	77.1610
SS	IT	embassy	Rome	41.9088	12.5060
SS	JP	embassy	Tokyo	35.6894	139.6917
SS	NO	embassy	Oslo	59.9152	10.7405
SS	RU	embassy	Moscow	55.7351	37.6146
SS	TR	embassy	Ankara	39.8925	32.8697
SS	US	embassy	Washington, D.C.	38.9031	-77.0608
SS	ZA	embassy	Pretoria	-25.7389	28.2392
ST	BE	embassy	Woluwe-Saint-Pierre	50.8366	4.4078
ST	PT	embassy	Lisbon	38.7349	-9.1475
ST	US	embassy	Washington, D.C.	38.9063	-77.0409
SV	AR	embassy	Buenos Aires	-34.5922	-58.3906
SV	AT	embassy	Vienna	48.1894	16.3805
SV	AU	embassy	Kingston	-35.3134	149.1455
SV	BE	embassy	Brussels	50.8422	4.3691
SV	BO	embassy	La Paz	-16.5392	-68.0790
SV	BR	embassy	Brasília	-15.8403	-47.8812
SV	BZ	embassy	Belmopan	17.2561	-88.7790
SV	CA	embassy	Ottawa	45.4170	-75.7005
SV	CH	embassy	Geneva	46.2156	6.1468
SV	CL	embassy	Providencia	-33.4225	-70.6063
SV	CO	embassy	Bogotá	4.6998	-74.0387
SV	CR	embassy	Curridabat	9.9240	-84.0454
SV	CU	embassy	Miramar	23.1224	-82.4231
SV	DE	embassy	Bezirk Mitte	52.5194	13.3556
SV	DO	embassy	Los Cacicazgos	18.4417	-69.9636
SV	EC	embassy	Quito	-0.1798	-78.4796
SV	ES	embassy	Madrid	40.4609	-3.6891
SV	FR	embassy	Paris	48.8677	2.2916
SV	GB	embassy	London	51.5234	-0.1602
SV	GT	embassy	Guatemala City	14.5853	-90.5225
SV	HN	embassy	Tegucigalpa	14.0943	-87.1942
SV	IL	embassy	Herzliya	32.1667	34.8122
SV	IN	embassy	Vasant Vihar	28.5582	77.1604
SV	IT	embassy	Rome	41.9228	12.4941
SV	IT	embassy	Rome	41.9267	12.4897
SV	JP	embassy	Tokyo	35.6592	139.7219
SV	KR	embassy	Jung District	37.5616	126.9750
SV	MX	embassy	Polanco	19.4322	-99.1920
SV	NI	embassy	Managua	12.0964	-86.2331
SV	NO	embassy	Oslo	59.9133	10.7389
SV	PA	embassy	Panama City	8.9793	-79.5222
SV	PE	embassy	San Isidro	-12.0917	-77.0400
SV	PL	consulate	Warsaw	52.2315	21.0158
SV	QA	embassy	West Bay Lagoon	25.3703	51.5188
SV	RU	embassy	Moscow	55.7276	37.6157
SV	SE	embassy	Lidingö Municipality	59.3621	18.1228
SV	TR	embassy	Ankara	39.8882	32.8496
SV	TT	embassy	Port of Spain	10.6772	-61.5579
SV	US	consulate	Los Angeles	34.0522	-118.2437
SV	US	consulate	New Orleans	29.9761	-90.0783
SV	US	consulate_general	Los Angeles	34.0615	-118.2933
SV	US	consulate_general	San Francisco	37.7815	-122.4191
SV	US	embassy	Washington, D.C.	38.9089	-77.0369
SV	UY	consulate_general	Montevideo	-34.9059	-56.1913
SV	UY	embassy	Punta Gorda	-34.8941	-56.0914
SV	VE	embassy	Caracas	10.4804	-66.8439
SY	AM	embassy	Yerevan	40.1909	44.5123
SY	AR	embassy	Buenos Aires	-34.5979	-58.3935
SY	AT	embassy	Vienna	48.1993	16.3773
SY	BE	embassy	Brussels	50.8158	4.3757
SY	BG	embassy	Sofia	42.6551	23.3367
SY	BH	embassy	Manama	26.2167	50.5833
SY	BR	embassy	Brasília	-15.7857	-47.8679
SY	BY	embassy	Minsk	53.9360	27.6178
SY	CA	embassy	Ottawa	45.4188	-75.6888
SY	CL	embassy	Las Condes	-33.4155	-70.5988
SY	CN	embassy	Beijing	39.9376	116.4528
SY	CY	embassy	Nicosia	35.1632	33.3716
SY	CZ	embassy	Prague	50.1058	14.4031
SY	DE	embassy	Berlin	52.5083	13.3502
SY	ES	embassy	Madrid	40.4125	-3.6937
SY	FR	embassy	Paris	48.8536	2.3189
SY	GB	embassy	London	51.4997	-0.1549
SY	ID	embassy	Jakarta	-6.2272	106.8310
SY	IN	embassy	New Delhi	28.5624	77.1537
SY	IR	embassy	Tehran	35.6889	51.3897
SY	IT	consulate_general	Rome	41.9237	12.4994
SY	JP	embassy	Akasaka	35.6674	139.7337
SY	KP	embassy	Pyongyang	39.0244	125.7958
SY	LB	embassy	Baabda	33.8383	35.5539
SY	MY	embassy	Kuala Lumpur	3.1478	101.6953
SY	PL	embassy	Warsaw	52.1776	21.0184
SY	RO	embassy	Bucharest	44.4574	26.0913
SY	RS	embassy	Belgrade	44.7806	20.4635
SY	RU	embassy	Khamovniki District	55.7398	37.5953
SY	SA	embassy	Riyadh	24.6500	46.7100
SY	SE	embassy	Danderyd Municipality	59.3946	18.0487
SY	TR	consulate_general	Istanbul	41.0100	28.9603
SY	TR	embassy	Ankara	39.9358	32.8387
SY	UA	embassy	Kyiv	50.4630	30.4777
SY	US	embassy	Washington, D.C.	38.9169	-77.0503
SY	ZA	embassy	Pretoria	-25.7471	28.2284
SZ	BE	embassy	Uccle	50.8115	4.3605
SZ	CH	embassy	Pregny-Chambésy	46.2427	6.1478
SZ	GB	high_commission	City of Westminster	51.4995	-0.1401
SZ	MY	high_commission	Kuala Lumpur	3.1599	101.7174
SZ	TW	embassy	Taipei	25.1172	121.5241
SZ	US	embassy	Washington, D.C.	38.9131	-77.0406
SZ	ZA	high_commission	Pretoria	-25.7413	28.2152
TD	AE	embassy	Abu Dhabi	24.4429	54.4212
TD	BE	embassy	Schaerbeek	50.8741	4.3768
TD	BF	embassy	Ouagadougou	12.3098	-1.4909
TD	CA	embassy	Ottawa	45.4186	-75.7056
TD	CD	embassy	Kinshasa	-4.3929	15.2618
TD	CH	embassy	Geneva	46.2074	6.1225
TD	CI	embassy	Abidjan	5.3409	-3.9816
TD	CM	embassy	Yaoundé	3.8914	11.5153
TD	CN	embassy	Beijing	39.9136	116.4390
TD	DE	embassy	Berlin	52.4561	13.3122
TD	DZ	embassy	Algiers	36.7350	3.0471
TD	EG	embassy	Cairo	30.0500	31.2132
TD	FR	embassy	16th arrondissement of Paris	48.8693	2.2797
TD	GA	embassy	Libreville	0.4175	9.4264
TD	IN	embassy	New Delhi	28.5646	77.1619
TD	LY	embassy	Tripoli	32.8312	13.0731
TD	MA	embassy	Rabat	33.9588	-6.8584
TD	ML	embassy	Bamako	12.5907	-7.9326
TD	NE	embassy	Niamey	13.5174	2.0970
TD	NG	embassy	Q3787	9.0920	7.4823
TD	QA	embassy	Doha	25.3451	51.5074
TD	RU	embassy	Moscow	55.6711	37.5343
TD	SA	embassy	Riyadh	24.6650	46.7060
TD	TR	embassy	Ankara	39.8954	32.8716
TD	US	embassy	Washington, D.C.	38.9141	-77.0527
TD	ZA	embassy	Pretoria	-25.7877	28.2618
TG	BE	embassy	Woluwe-Saint-Pierre	50.8358	4.4175
TG	BR	embassy	Brasília	-15.8360	-47.8721
TG	CA	embassy	Ottawa	45.4278	-75.6740
TG	CH	embassy	Geneva	46.2160	6.1472
TG	CN	embassy	Beijing	39.9404	116.4485
TG	DE	embassy	Berlin	52.5754	13.3975
TG	FR	embassy	Paris	48.8876	2.3005
TG	GB	embassy	London	51.5685	-0.1331
TG	IN	embassy	New Delhi	28.5638	77.1536
TG	JP	embassy	Tokyo	35.6201	139.6707
TG	TR	embassy	Ankara	39.8912	32.8531
TG	US	embassy	Washington, D.C.	38.9111	-77.0492
TG	ZA	embassy	Pretoria	-25.7621	28.2164
TH	AM	consulate_general	Yerevan	40.1895	44.5134
TH	AR	embassy	Buenos Aires	-34.5627	-58.4543
TH	AT	embassy	Vienna	48.2326	16.3420
TH	AU	embassy	Canberra	-35.3101	149.1128
TH	BD	embassy	Dhaka	23.7980	90.4230
TH	BE	embassy	Brussels	50.8053	4.3725
TH	BH	embassy	Manama	26.2167	50.5833
TH	BR	embassy	Brasília	-15.7859	-47.8648
TH	CA	embassy	Ottawa	45.4016	-75.7503
TH	CH	embassy	Köniz	46.9310	7.4324
TH	CL	embassy	Las Condes	-33.4153	-70.5837
TH	CN	consulate_general	Qingdao	36.1167	120.4000
TH	CN	embassy	Chaowai Subdistrict	39.9121	116.4330
TH	CZ	embassy	Prague	50.1018	14.4114
TH	DE	embassy	Berlin	52.4611	13.3169
TH	ES	embassy	Madrid	40.4463	-3.6858
TH	FI	embassy	Helsinki	60.1664	24.9382
TH	FR	embassy	Paris	48.8642	2.2830
TH	GB	embassy	London	51.4984	-0.1801
TH	GR	embassy	Palaio Psychiko	38.0015	23.7723
TH	HU	embassy	Budapest	47.5336	19.0022
TH	ID	embassy	Jakarta	-6.2318	106.8282
TH	IL	embassy	Herzliya	32.1607	34.8077
TH	IN	consulate_general	Chennai	13.0825	80.2750
TH	IN	embassy	New Delhi	28.5892	77.1819
TH	IT	embassy	Rome	41.9212	12.5183
TH	JP	consulate_general	Fukuoka	33.5939	130.4014
TH	JP	consulate_general	Osaka	34.6809	135.5067
TH	JP	embassy	Shinagawa	35.6320	139.7196
TH	KH	embassy	Phnom Penh	11.5398	104.9287
TH	KR	embassy	Seoul	37.5334	127.0028
TH	LA	embassy	Vientiane	17.9800	102.6300
TH	MM	embassy	Yangon	16.8053	96.1561
TH	MX	embassy	Mexico City	19.4172	-99.2279
TH	NO	embassy	Oslo	59.9210	10.7151
TH	NZ	embassy	Wellington	-41.2752	174.7782
TH	PE	embassy	San Isidro	-12.1072	-77.0535
TH	PH	embassy	Q1508	14.5567	121.0214
TH	PL	embassy	Warsaw	52.2073	21.0239
TH	PT	embassy	Lisbon	38.7012	-9.2114
TH	RO	embassy	Bucharest	44.4399	26.1015
TH	RU	embassy	Moscow	55.7394	37.5795
TH	SA	embassy	Riyadh	24.6883	46.6259
TH	SE	embassy	Stockholm	59.3417	18.0745
TH	TR	embassy	Ankara	39.8917	32.8766
TH	US	embassy	Washington, D.C.	38.9033	-77.0631
TH	ZA	embassy	Pretoria	-25.7448	28.2277
TJ	AT	embassy	Vienna	48.2424	16.3338
TJ	BE	embassy	Ixelles	50.8171	4.3778
TJ	BY	embassy	Ždanovičy	53.9508	27.4390
TJ	CH	embassy	Pregny-Chambésy	46.2407	6.1479
TJ	CN	embassy	Beijing	39.9513	116.4654
TJ	DE	embassy	Bezirk Mitte	52.5295	13.3450
TJ	FR	embassy	Paris	48.8643	2.2851
TJ	GB	embassy	London	51.4945	-0.2259
TJ	IN	embassy	New Delhi	28.5589	77.1611
TJ	JP	embassy	Tokyo	35.6332	139.7238
TJ	KG	embassy	Bishkek	42.8475	74.6295
TJ	PK	embassy	Islamabad	33.7303	73.1235
TJ	RU	embassy	Presnensky District	55.7597	37.5881
TJ	SA	embassy	Riyadh	24.6500	46.7100
TJ	TR	embassy	Ankara	39.8524	32.8319
TJ	UA	embassy	Kyiv	50.4040	30.5602
TJ	US	embassy	Washington, D.C.	38.9032	-77.0494
TL	AU	embassy	Canberra	-35.3239	149.0904
TL	BE	embassy	Etterbeek	50.8384	4.4050
TL	BR	embassy	Brasília	-15.8380	-47.8723
TL	CH	embassy	Geneva	46.2162	6.1297
TL	CN	embassy	Beijing	39.9040	116.4075
TL	GB	embassy	London	51.5166	-0.1441
TL	ID	consulate_general	Denpasar	-8.6717	115.2339
TL	ID	embassy	Jakarta	-6.2137	106.8202
TL	IT	embassy	Rome	41.9067	12.4950
TL	JP	embassy	Tokyo	35.6978	139.7450
TL	NZ	embassy	Wellington	-41.2708	174.7813
TL	PT	embassy	Lisbon	38.6982	-9.2044
TL	US	embassy	Washington, D.C.	38.9435	-77.0626
TL	ZA	embassy	Pretoria	-25.7745	28.2242
TM	AT	embassy	Vienna	48.1959	16.3725
TM	BE	embassy	Ixelles	50.8171	4.3790
TM	BY	embassy	Minsk	53.9279	27.5131
TM	CH	embassy	Geneva	46.2200	6.1439
TM	CN	embassy	Beijing	39.9617	116.4694
TM	DE	embassy	Berlin	52.4582	13.2947
TM	FR	embassy	Paris	48.8711	2.2821
TM	GB	embassy	London	51.5059	-0.2093
TM	GE	embassy	Tbilisi	41.7073	44.7622
TM	IN	embassy	New Delhi	28.5751	77.1625
TM	IT	embassy	Rome	41.9203	12.4869
TM	JP	embassy	Tokyo	35.6894	139.6917
TM	PK	embassy	Islamabad	33.7214	73.0458
TM	RO	embassy	Bucharest	44.4601	26.0970
TM	RU	embassy	Arbat District	55.7506	37.5990
TM	SA	embassy	Riyadh	24.7309	46.6746
TM	TR	embassy	Ankara	39.8887	32.8726
TM	UA	embassy	Kyiv	50.4472	30.5187
TM	US	embassy	Washington, D.C.	38.9119	-77.0492
TN	AR	embassy	Buenos Aires	-34.5544	-58.4656
TN	AT	embassy	Vienna	48.2519	16.3198
TN	BE	embassy	Brussels	50.8350	4.4216
TN	BR	embassy	Brasília	-15.8310	-47.8805
TN	CA	embassy	Ottawa	45.4075	-75.6866
TN	CD	embassy	Kinshasa	-4.3116	15.2920
TN	CH	embassy	Bern	46.9405	7.4548
TN	CI	embassy	Abidjan	5.3216	-4.0123
TN	CM	embassy	Yaoundé	3.8979	11.4988
TN	CN	embassy	Beijing	39.9417	116.4519
TN	CZ	embassy	Prague	50.0735	14.3854
TN	DE	consulate_general	Bonn	50.6991	7.1381
TN	DE	embassy	Berlin	52.5142	13.2725
TN	DZ	embassy	El Mouradia	36.7517	3.0483
TN	EG	embassy	Cairo	30.0444	31.2358
TN	ES	embassy	Madrid	40.4540	-3.6668
TN	FI	embassy	Helsinki	60.1719	24.9598
TN	FR	consulate_general	16th arrondissement of Paris	48.8659	2.2933
TN	FR	consulate_general	6th arrondissement of Lyon	45.7729	4.8428
TN	FR	consulate_general	Marseille	43.2997	5.3810
TN	FR	consulate_general	Nice	43.6981	7.2538
TN	FR	embassy	Paris	48.8528	2.3175
TN	GB	embassy	London	51.5015	-0.1742
TN	GR	embassy	Athens	38.0028	23.7735
TN	HU	embassy	Budapest District XII	47.4941	19.0089
TN	ID	embassy	Jakarta	-6.2264	106.8293
TN	IN	embassy	New Delhi	28.5637	77.1648
TN	IR	embassy	Tehran	35.6889	51.3897
TN	IT	embassy	Rome	41.9255	12.5212
TN	JO	embassy	Amman	31.9500	35.9333
TN	JP	embassy	Kudanminami	35.6926	139.7434
TN	KR	embassy	Seoul	37.5280	126.9926
TN	ML	embassy	Bamako	12.6255	-8.0306
TN	MR	embassy	Nouakchott	18.0858	-15.9785
TN	MT	embassy	Attard	35.8922	14.4475
TN	NG	embassy	Q3787	9.0556	7.4914
TN	NO	embassy	Oslo	59.9136	10.7020
TN	PK	embassy	Islamabad	33.7271	73.0443
TN	PL	embassy	Warsaw	52.2239	21.0321
TN	PT	embassy	Lisbon	38.7083	-9.2146
TN	QA	embassy	Doha	25.3309	51.5208
TN	RO	embassy	Bucharest	44.4615	26.0775
TN	RS	embassy	Belgrade	44.7936	20.4426
TN	RU	embassy	Moscow	55.7594	37.5863
TN	SA	embassy	Riyadh	24.6806	46.6222
TN	SD	embassy	Khartoum	15.5806	32.5475
TN	SE	embassy	Stockholm	59.3367	18.0911
TN	SN	embassy	Dakar	14.6657	-17.4414
TN	TR	embassy	Ankara	39.8531	32.8285
TN	US	embassy	Washington, D.C.	38.9068	-77.0351
TN	ZA	embassy	Pretoria	-25.7438	28.2219
TO	AU	high_commission	Canberra	-35.3174	149.0991
TO	CN	embassy	Beijing	39.9040	116.4075
TO	GB	high_commission	London	51.5181	-0.1643
TO	JP	embassy	Tokyo	35.6597	139.7426
TR	AE	consulate_general	Dubai	25.2697	55.3094
TR	AE	embassy	Abu Dhabi	24.4246	54.4320
TR	AF	consulate_general	Herat	34.3419	62.2031
TR	AF	consulate_general	Mazar-i-Sharif	36.7000	67.1167
TR	AF	embassy	Kabul	34.5303	69.1774
TR	AL	embassy	Tirana	41.3140	19.8356
TR	AO	embassy	Luanda	-8.9009	13.2067
TR	AR	embassy	Buenos Aires	-34.5656	-58.4456
TR	AT	consulate_general	Hietzing	48.1866	16.2966
TR	AT	consulate_general	Salzburg	47.8090	13.0336
TR	AT	consulate_general	Wolfurt	47.4554	9.7384
TR	AT	embassy	Vienna	48.1930	16.3782
TR	AU	consulate_general	Melbourne	-37.8142	144.9631
TR	AU	consulate_general	New South Wales	-33.8853	151.2391
TR	AU	embassy	Canberra	-35.3078	149.1185
TR	AZ	consulate_general	Ganja	40.6828	46.3606
TR	AZ	consulate_general	Nakhchivan	39.2133	45.4075
TR	AZ	embassy	Baku	40.3888	49.8379
TR	BA	consulate_general	Banja Luka	44.7725	17.1925
TR	BA	consulate_general	City of Mostar	43.3388	17.8152
TR	BA	embassy	Sarajevo	43.8543	18.3988
TR	BD	embassy	Dhaka	23.7978	90.4209
TR	BE	consulate_general	Antwerp	51.2211	4.3997
TR	BE	consulate_general	Brussels	50.8419	4.3676
TR	BE	embassy	Brussels	50.8419	4.3675
TR	BF	embassy	Ouagadougou	12.3064	-1.5065
TR	BG	consulate_general	Burgas	42.5030	27.4702
TR	BG	consulate_general	Plovdiv	42.1421	24.7415
TR	BG	embassy	Sofia	42.6891	23.3305
TR	BH	embassy	Manama	26.2078	50.5820
TR	BI	embassy	Bujumbura	-3.3825	29.3611
TR	BJ	embassy	Cotonou	6.3546	2.3962
TR	BN	embassy	Bandar Seri Begawan	4.9513	114.9604
TR	BO	embassy	La Paz	-16.4958	-68.1333
TR	BR	consulate_general	São Paulo	-23.5504	-46.6339
TR	BR	embassy	Brasília	-15.8189	-47.8870
TR	BW	embassy	Gaborone	-24.6616	25.9109
TR	BY	embassy	Minsk	53.8979	27.5495
TR	CA	consulate_general	Montreal	45.5033	-73.5868
TR	CA	consulate_general	Toronto	43.6703	-79.3867
TR	CA	consulate_general	Vancouver	49.2608	-123.1139
TR	CA	embassy	Ottawa	45.4347	-75.6756
TR	CD	embassy	Kinshasa	-4.3155	15.2760
TR	CG	embassy	Brazzaville	-4.2739	15.2800
TR	CH	consulate_general	Geneva	46.2000	6.1500
TR	CH	consulate_general	Zurich	47.3744	8.5411
TR	CH	embassy	Bern	46.9382	7.4649
TR	CI	embassy	Abidjan	5.3229	-4.0143
TR	CL	embassy	Providencia	-33.4241	-70.6141
TR	CM	embassy	Yaoundé	3.8916	11.5174
TR	CN	consulate_general	Chengdu	30.6600	104.0633
TR	CN	consulate_general	Guangzhou	23.1300	113.2600
TR	CN	consulate_general	Hong Kong	22.2783	114.1586
TR	CN	consulate_general	Shanghai	31.2325	121.4692
TR	CN	embassy	Beijing	39.9042	116.4074
TR	CO	embassy	Bogotá	4.6593	-74.0541
TR	CR	embassy	San José	9.9392	-84.1065
TR	CU	embassy	Havana	23.1164	-82.4283
TR	CY	embassy	North Nicosia	35.1829	33.3594
TR	CZ	embassy	Prague	50.0950	14.3736
TR	DE	consulate_general	Berlin	52.5167	13.3833
TR	DE	consulate_general	Cologne	50.9422	6.9578
TR	DE	consulate_general	Düsseldorf	51.2256	6.7767
TR	DE	consulate_general	Essen	51.4508	7.0131
TR	DE	consulate_general	Frankfurt	50.1106	8.6822
TR	DE	consulate_general	Hamburg	53.5500	10.0000
TR	DE	consulate_general	Hanover	52.3744	9.7386
TR	DE	consulate_general	Karlsruhe	49.0167	8.4000
TR	DE	consulate_general	Kassel	51.3158	9.4979
TR	DE	consulate_general	Mainz	49.9994	8.2736
TR	DE	consulate_general	Munich	48.1375	11.5750
TR	DE	consulate_general	Münster	51.9625	7.6256
TR	DE	consulate_general	Nuremberg	49.4539	11.0775
TR	DE	consulate_general	Stuttgart	48.7775	9.1800
TR	DE	embassy	Berlin	52.5093	13.3605
TR	DJ	embassy	Djibouti	11.5649	43.1681
TR	DO	embassy	Santo Domingo	18.4488	-69.9455
TR	DZ	consulate_general	Oran	35.6969	-0.6331
TR	DZ	embassy	El Biar	36.7610	3.0407
TR	EC	embassy	Quito	-0.1816	-78.4766
TR	EE	embassy	Tallinn	59.4378	24.7705
TR	EG	consulate_general	Alexandria	31.1988	29.9123
TR	EG	embassy	Cairo	30.0389	31.2382
TR	ER	embassy	Asmara	15.3333	38.9340
TR	ES	consulate_general	Eixample	41.3885	2.1689
TR	ES	embassy	Madrid	40.4337	-3.6943
TR	ET	embassy	Addis Ababa	8.9972	38.7767
TR	FI	embassy	Helsinki	60.1586	24.9540
TR	FR	consulate_general	6th arrondissement of Lyon	45.7688	4.8523
TR	FR	consulate_general	Bordeaux	44.8432	-0.5744
TR	FR	consulate_general	Boulogne-Billancourt	48.8346	2.2281
TR	FR	consulate_general	Marseille	43.2696	5.3876
TR	FR	consulate_general	Nantes	47.1732	-1.4908
TR	FR	consulate_general	Strasbourg	48.5885	7.7561
TR	FR	embassy	Paris	48.8549	2.2810
TR	GA	embassy	Libreville	0.4345	9.4191
TR	GB	consulate_general	Edinburgh	55.9508	-3.2160
TR	GB	consulate_general	London	51.5007	-0.1670
TR	GB	consulate_general	Manchester	53.4766	-2.2441
TR	GB	embassy	London	51.4999	-0.1525
TR	GE	consulate_general	Batumi	41.6529	41.6354
TR	GE	embassy	Tbilisi	41.7110	44.7613
TR	GH	embassy	Greater Accra Region	5.6098	-0.2142
TR	GM	embassy	Banjul	13.3917	-16.7592
TR	GN	embassy	Conakry	9.5834	-13.6657
TR	GQ	embassy	Malabo	3.7521	8.7737
TR	GR	consulate_general	Filothei-Psychiko Municipality	38.0050	23.7719
TR	GR	consulate_general	Komotini	41.1167	25.4000
TR	GR	consulate_general	Rhodes	36.4520	28.2216
TR	GR	embassy	Athens	37.9731	23.7421
TR	GT	embassy	Guatemala City	14.5871	-90.5140
TR	GW	embassy	Bissau	11.8600	-15.5833
TR	HR	embassy	Zagreb	45.8092	15.9732
TR	HU	embassy	Budapest	47.5133	19.0763
TR	ID	embassy	Jakarta	-6.2361	106.8286
TR	IE	embassy	Dublin	53.3301	-6.2378
TR	IL	embassy	Tel Aviv	32.0886	34.7719
TR	IN	consulate_general	Hyderabad	17.3617	78.4747
TR	IN	consulate_general	Mumbai	19.0758	72.8775
TR	IN	embassy	New Delhi	28.5854	77.1834
TR	IQ	consulate_general	Basra	30.5150	47.8100
TR	IQ	consulate_general	Erbil	36.1911	44.0094
TR	IQ	consulate_general	Mosul	36.3667	43.1167
TR	IQ	consulate_general	Najaf	32.0290	44.3396
TR	IQ	embassy	Baghdad	33.3569	44.3858
TR	IR	consulate_general	Mashhad	36.2975	59.6059
TR	IR	consulate_general	Tabriz	38.0661	46.3558
TR	IR	consulate_general	Urmia	37.5486	45.0675
TR	IR	embassy	Tehran	35.6940	51.4205
TR	IS	embassy	Reykjavík	64.1475	-21.9350
TR	IT	consulate_general	Milan	45.4669	9.1900
TR	IT	embassy	Rome	41.9064	12.5025
TR	IT	embassy	Rome	41.9188	12.5042
TR	JO	embassy	Amman	31.9516	35.9173
TR	JP	consulate_general	Nagoya	35.1645	136.9027
TR	JP	embassy	Shibuya	35.6732	139.7086
TR	KE	embassy	Nairobi	-1.2377	36.8077
TR	KG	embassy	Bishkek	42.8700	74.6084
TR	KH	embassy	Phnom Penh	11.5582	104.9270
TR	KR	embassy	Jung District	37.5602	127.0069
TR	KW	embassy	Kuwait City	29.3664	48.0161
TR	KZ	consulate_general	Aktau	43.6525	51.1575
TR	KZ	consulate_general	Almaty	43.2400	76.9150
TR	KZ	consulate_general	Turkistan	43.3019	68.2692
TR	KZ	embassy	Astana	51.1526	71.4358
TR	LA	embassy	Vientiane	17.9370	102.6350
TR	LB	embassy	Matn District	33.9201	35.6037
TR	LK	embassy	Colombo	6.9147	79.8745
TR	LT	embassy	Vilnius	54.6772	25.2875
TR	LU	embassy	Luxembourg	49.6247	6.1078
TR	LV	embassy	Riga	56.9562	24.1119
TR	LY	consulate_general	Benghazi	32.1167	20.0667
TR	LY	consulate_general	Misrata	32.3778	15.0901
TR	LY	embassy	Tripoli	32.8948	13.1986
TR	MA	embassy	Rabat	34.0157	-6.8238
TR	MD	consulate_general	Comrat	46.3003	28.6572
TR	MD	embassy	Chișinău	47.0165	28.8246
TR	ME	embassy	Podgorica	42.4291	19.2550
TR	MG	embassy	Antananarivo	-18.8493	47.4783
TR	MK	embassy	Skopje	42.0035	21.4345
TR	ML	embassy	Bamako	12.6412	-7.9817
TR	MM	embassy	Yangon	16.8478	96.1557
TR	MN	embassy	Ulaanbaatar	47.9172	106.9129
TR	MR	embassy	Nouakchott	18.1055	-15.9830
TR	MT	embassy	Floriana	35.8898	14.5065
TR	MX	embassy	Mexico City	19.4161	-99.2243
TR	MY	embassy	Kuala Lumpur	3.1565	101.7208
TR	MZ	embassy	Maputo	-25.9595	32.6049
TR	NA	embassy	Windhoek	-22.5450	17.0938
TR	NE	embassy	Niamey	13.5261	2.0698
TR	NG	embassy	Q3787	9.0396	7.4755
TR	NI	embassy	Managua	12.1547	-86.2737
TR	NO	embassy	Oslo	59.9207	10.6954
TR	NZ	embassy	Wellington City	-41.2749	174.7791
TR	OM	embassy	Muscat	23.6075	58.4480
TR	PA	embassy	Panama City	8.9865	-79.5216
TR	PE	embassy	San Isidro	-12.1034	-77.0435
TR	PG	embassy	Port Moresby	-9.4789	147.1494
TR	PH	embassy	Q1508	14.5484	121.0318
TR	PK	consulate_general	Karachi	24.8600	67.0100
TR	PK	consulate_general	Lahore	31.5497	74.3436
TR	PK	embassy	Islamabad	33.7242	73.1078
TR	PL	embassy	Warsaw	52.2089	21.0168
TR	PT	embassy	Lisbon	38.7071	-9.2155
TR	PY	embassy	Asunción	-25.2789	-57.5558
TR	QA	embassy	Doha	25.3429	51.5165
TR	RO	consulate_general	Constanța	44.1767	28.6508
TR	RO	embassy	Bucharest	44.4522	26.0993
TR	RS	consulate	Niš	43.3192	21.8961
TR	RS	consulate_general	Novi Pazar	43.1500	20.5167
TR	RS	embassy	Belgrade	44.8017	20.4752
TR	RU	consulate_general	Kazan	55.7908	49.1144
TR	RU	consulate_general	Krasnodar	45.0333	38.9833
TR	RU	consulate_general	Saint Petersburg	59.9500	30.3167
TR	RU	embassy	Khamovniki District	55.7410	37.5742
TR	RW	embassy	Kigali	-1.9552	30.0832
TR	SA	consulate_general	Jeddah	21.5292	39.1611
TR	SA	embassy	Riyadh	24.6803	46.6210
TR	SD	embassy	Khartoum	15.6047	32.5379
TR	SE	embassy	Stockholm	59.3329	18.1037
TR	SG	embassy	Central Region	1.2798	103.8501
TR	SI	embassy	Ljubljana	46.0606	14.5063
TR	SK	embassy	Bratislava	48.1498	17.0953
TR	SL	embassy	Freetown	8.4872	-13.2356
TR	SN	embassy	Dakar	14.6975	-17.4703
TR	SO	consulate_general	Hargeisa	9.5656	44.0606
TR	SO	embassy	Mogadishu	2.0363	45.3547
TR	SS	embassy	Juba	4.8651	31.5903
TR	SV	embassy	San Salvador	13.6976	-89.1912
TR	SY	consulate_general	Aleppo	36.2131	37.1324
TR	SY	embassy	Damascus	33.5214	36.2836
TR	TD	embassy	N'Djamena	12.1158	15.0380
TR	TG	embassy	Lomé	6.1300	1.2158
TR	TH	embassy	Bangkok	13.7881	100.5868
TR	TJ	embassy	Dushanbe	38.5648	68.7956
TR	TM	embassy	Ashgabat	37.9371	58.3867
TR	TN	embassy	Tunis	36.8497	10.1950
TR	TT	embassy	Port of Spain	10.6750	-61.5219
TR	TZ	embassy	Dar es Salaam	-6.7809	39.2862
TR	UA	consulate_general	Odesa	46.4775	30.7326
TR	UA	embassy	Kyiv	50.4312	30.5374
TR	UG	embassy	Kampala	0.3342	32.5978
TR	US	consulate_general	Boston	42.3603	-71.0578
TR	US	consulate_general	Chicago	41.8819	-87.6278
TR	US	consulate_general	Houston	29.7628	-95.3831
TR	US	consulate_general	Los Angeles	34.0522	-118.2437
TR	US	consulate_general	Manhattan	40.7514	-73.9683
TR	US	consulate_general	Miami	25.7833	-80.2167
TR	US	embassy	Washington, D.C.	38.9165	-77.0559
TR	UY	embassy	Montevideo	-34.9059	-56.1913
TR	UZ	consulate_general	Samarkand	39.6547	66.9758
TR	UZ	embassy	Tashkent	41.3060	69.2874
TR	VE	embassy	Caracas	10.4766	-66.8672
TR	VN	embassy	Hanoi	21.0242	105.8486
TR	XK	consulate_general	Prizren	42.2300	20.7400
TR	XK	embassy	Pristina	42.6688	21.1542
TR	YE	embassy	Sanaa	15.3500	44.2000
TR	ZA	consulate_general	Cape Town	-33.9253	18.4239
TR	ZA	embassy	Pretoria	-25.7438	28.2332
TR	ZM	embassy	Lusaka	-15.4223	28.3116
TR	ZW	embassy	Harare	-17.7944	31.0465
TT	BE	embassy	Woluwe-Saint-Pierre	50.8224	4.4483
TT	BR	embassy	Brasília	-15.8417	-47.8534
TT	CA	high_commission	Ottawa	45.4040	-75.6897
TT	CN	embassy	Beijing	39.9510	116.4655
TT	CR	embassy	San José	9.9392	-84.1067
TT	CU	embassy	Havana	23.1115	-82.4364
TT	GB	high_commission	London	51.4997	-0.1522
TT	GY	high_commission	Ottawa	6.8178	-58.1607
TT	IN	high_commission	New Delhi	28.5678	77.1626
TT	JM	high_commission	Kingston	18.0077	-76.7776
TT	NG	high_commission	Q3787	9.0773	7.4656
TT	PA	embassy	Panama City	8.9811	-79.5226
TT	US	embassy	Washington, D.C.	38.9075	-77.0389
TT	VE	embassy	Caracas	10.5049	-66.8535
TT	ZA	high_commission	Pretoria	-25.7813	28.2364
TV	BE	embassy	Brussels	50.8050	4.3859
TV	GB	consulate	London	51.4120	-0.2245
TV	NZ	high_commission	Wellington	-41.2821	174.7746
TV	TW	embassy	Taipei	25.1172	121.5241
TW	BZ	embassy	Belize City	17.4954	-88.1819
TW	GT	embassy	Guatemala City	14.6417	-90.5133
TW	HT	embassy	Pétion-Ville	18.5079	-72.2876
TW	IT	embassy	Rome	41.9026	12.4633
TW	JP	consulate	Nagasaki	32.7495	129.8796
TW	KN	embassy	Basseterre	17.3022	-62.7242
TW	KR	consulate		35.1038	129.0367
TW	LC	embassy	Gros Islet	14.0766	-60.9534
TW	MH	embassy	Majuro	7.0918	171.3802
TW	NR	embassy	Aiwo District	-0.5300	166.9117
TW	PW	embassy	Koror	7.3422	134.4772
TW	PY	consulate_general	Ciudad del Este	-25.5188	-54.6244
TW	PY	embassy	Asunción	-25.2788	-57.5559
TW	SZ	embassy	Mbabane	-26.3268	31.1467
TW	TV	embassy	Funafuti	-8.5048	179.1174
TW	VC	embassy	Kingstown	13.1581	-61.2214
TZ	BE	embassy	Brussels	50.8101	4.3833
TZ	BI	embassy	Bujumbura	-3.3923	29.3596
TZ	BR	embassy	Brasília	-15.8325	-47.8743
TZ	CA	high_commission	Ottawa	45.4256	-75.6721
TZ	CN	embassy	Beijing	39.9449	116.4521
TZ	DE	embassy	Berlin	52.5172	13.2679
TZ	FR	embassy	Paris	48.8644	2.2865
TZ	GB	high_commission	Marylebone	51.5148	-0.1491
TZ	IL	embassy	Ramat Gan	32.0851	34.8046
TZ	IN	high_commission	New Delhi	28.5954	77.1815
TZ	IT	embassy	Rome	41.9483	12.4441
TZ	JP	embassy	Setagaya	35.6368	139.6290
TZ	KM	embassy	Moroni	-11.6881	43.2573
TZ	MY	high_commission	Kuala Lumpur	3.1550	101.7328
TZ	MZ	high_commission	Maputo	-25.9713	32.5919
TZ	RU	embassy	Moscow	55.7579	37.5885
TZ	RW	high_commission	Kigali	-1.9487	30.1034
TZ	SA	embassy	Riyadh	24.7274	46.6752
TZ	SE	embassy	Täby Municipality	59.4278	18.0842
TZ	TR	embassy	Ankara	39.8558	32.8550
TZ	US	embassy	Washington, D.C.	38.9061	-77.0491
TZ	ZA	high_commission	Pretoria	-25.7411	28.2214
UA	AE	embassy	Abu Dhabi	24.4829	54.3711
UA	AL	embassy	Tirana	41.3219	19.8187
UA	AM	embassy	Yerevan	40.1987	44.5136
UA	AO	embassy	Luanda	-8.8092	13.2483
UA	AR	embassy	Buenos Aires	-34.5683	-58.4420
UA	AT	embassy	Vienna	48.2341	16.3119
UA	AU	embassy	Canberra	-35.2759	149.1271
UA	AZ	embassy	Baku	40.4042	49.8439
UA	BE	embassy	Brussels	50.7953	4.3608
UA	BG	embassy	Sofia	42.6902	23.3252
UA	BR	embassy	Brasília	-15.8517	-47.9077
UA	BW	embassy	Gaborone	-24.6569	25.9086
UA	BY	embassy	Minsk	53.9143	27.5581
UA	CA	embassy	Ottawa	45.4168	-75.6925
UA	CH	embassy	Bern	46.9439	7.4471
UA	CL	embassy	Las Condes	-33.4025	-70.5350
UA	CN	consulate_general	Changning District	31.2054	121.4035
UA	CN	consulate_general	Guangzhou	23.1442	113.3192
UA	CN	consulate_general	Shanghai	31.2325	121.4692
UA	CN	embassy	Beijing	39.9441	116.4509
UA	CU	embassy	Havana	23.1146	-82.4316
UA	CY	embassy	Nicosia	35.1560	33.3147
UA	CZ	embassy	Prague	50.1055	14.3983
UA	DE	embassy	Berlin	52.5239	13.3837
UA	DZ	embassy	Algiers	36.7602	3.0295
UA	EE	embassy	Tallinn	59.4398	24.7840
UA	EG	embassy	Cairo	29.9592	31.2664
UA	ES	consulate_general	Barcelona	41.3910	2.1309
UA	ES	consulate_general	Málaga	36.7198	-4.4090
UA	ES	embassy	Madrid	40.4555	-3.6371
UA	ET	embassy	Addis Ababa	8.9927	38.7849
UA	FI	embassy	Helsinki	60.1855	25.0171
UA	FR	embassy	Paris	48.8489	2.3094
UA	GB	embassy	London	51.5061	-0.2082
UA	GE	embassy	Tbilisi	41.7097	44.7423
UA	GR	embassy	Filothei-Psychiko Municipality	38.0155	23.7844
UA	HR	embassy	Zagreb	45.8175	15.9903
UA	HU	embassy	Budapest District XII	47.5054	18.9937
UA	ID	embassy	Jakarta	-6.2197	106.8309
UA	IE	embassy	Dublin	53.3306	-6.2364
UA	IL	embassy	Tel Aviv	32.0949	34.7780
UA	IN	embassy	New Delhi	28.5659	77.1582
UA	IQ	embassy	Baghdad	33.3120	44.3424
UA	IR	embassy	Tehran	35.8116	51.4457
UA	IT	embassy	Rome	41.8915	12.4433
UA	IT	embassy	Rome	41.9205	12.4937
UA	JO	embassy	Amman	31.9518	35.8575
UA	JP	embassy	Nishi-Azabu	35.6571	139.7252
UA	KE	embassy	Nairobi	-1.2517	36.8189
UA	KG	embassy	Bishkek	42.8090	74.5829
UA	KR	embassy	Seoul	37.5358	126.9993
UA	KW	embassy	Kuwait City	29.3194	47.9964
UA	KZ	embassy	Astana	51.1656	71.4302
UA	LB	embassy	Beirut	33.8322	35.5504
UA	LT	embassy	Vilnius	54.6814	25.2736
UA	LV	embassy	Riga	56.9580	24.1070
UA	LY	embassy	Tripoli	32.8875	13.1875
UA	MA	embassy	Rabat	33.9927	-6.8305
UA	MD	embassy	Chișinău	47.0219	28.8107
UA	ME	embassy	Podgorica	42.4511	19.2589
UA	MK	embassy	Skopje	41.9892	21.4169
UA	MX	embassy	Mexico City	19.4234	-99.2136
UA	MY	embassy	Kuala Lumpur	3.1563	101.7207
UA	NG	embassy	Q3787	9.0602	7.4194
UA	NO	embassy	Oslo	59.9146	10.7271
UA	PE	embassy	Lima	-12.0983	-77.0428
UA	PK	embassy	Islamabad	33.7264	73.0546
UA	PL	consulate		51.2497	22.5528
UA	PL	consulate	Wrocław	51.1123	17.0376
UA	PL	consulate_general	Gdańsk	54.3855	18.5805
UA	PL	embassy	Warsaw	52.2150	21.0219
UA	PT	embassy	Lisbon	38.7067	-9.2159
UA	QA	embassy	Doha	25.3561	51.5122
UA	RO	embassy	Bucharest	44.4582	26.0866
UA	RS	embassy	Belgrade	44.7727	20.4616
UA	RU	consulate_general	Saint Petersburg	59.9500	30.3167
UA	RU	embassy	Moscow	55.7608	37.6063
UA	SA	embassy	Riyadh	24.7343	46.6899
UA	SE	embassy	Lidingö Municipality	59.3623	18.1232
UA	SG	embassy	Singapore	1.2848	103.8520
UA	SI	embassy	Ljubljana	46.0397	14.5016
UA	SK	embassy	Bratislava	48.1479	17.0868
UA	SN	embassy	Dakar	14.7448	-17.5103
UA	SY	embassy	Damascus	33.4911	36.2431
UA	TH	embassy	Bangkok	13.7393	100.5481
UA	TJ	embassy	Dushanbe	38.5909	68.7543
UA	TM	embassy	Ashgabat	37.9383	58.3880
UA	TN	embassy	Tunis	36.8360	10.1645
UA	TR	embassy	Ankara	39.8725	32.8650
UA	US	consulate_general	New York City	40.7544	-73.9698
UA	US	embassy	Washington, D.C.	38.9047	-77.0678
UA	UZ	embassy	Tashkent	41.3072	69.2871
UA	VN	embassy	Hanoi	21.0337	105.8368
UA	ZA	embassy	Pretoria	-25.7681	28.2481
UG	AU	high_commission	Canberra	-35.3611	149.1071
UG	BE	embassy	Woluwe-Saint-Pierre	50.8381	4.4086
UG	CA	high_commission	Ottawa	45.4186	-75.7056
UG	CH	embassy	Geneva	46.2189	6.1374
UG	DE	embassy	Berlin	52.5099	13.4009
UG	EG	embassy	Cairo	29.9648	31.2564
UG	FR	embassy	Paris	48.8644	2.2865
UG	GB	high_commission	City of Westminster	51.5072	-0.1283
UG	IN	high_commission	New Delhi	28.5682	77.1623
UG	IT	embassy	Rome	41.8281	12.4747
UG	JP	embassy	Minato	35.6679	139.7282
UG	MY	high_commission	Kuala Lumpur	3.1611	101.7170
UG	RU	embassy	Moscow	55.7276	37.6156
UG	SA	embassy	Riyadh	24.7298	46.6854
UG	TR	embassy	Ankara	39.8920	32.8757
UG	US	embassy	Washington, D.C.	38.9611	-77.0361
UG	ZA	high_commission	Pretoria	-25.7436	28.2238
US	AE	consulate_general	Dubai	25.2586	55.3092
US	AE	embassy	Abu Dhabi	24.4239	54.4341
US	AL	embassy	Tirana	41.3205	19.8269
US	AM	embassy	Yerevan	40.1651	44.4817
US	AO	embassy	Luanda	-8.8101	13.2456
US	AR	embassy	Buenos Aires	-34.5766	-58.4187
US	AT	embassy	Vienna	48.2229	16.3567
US	AU	consulate_general	Melbourne	-37.8469	144.9800
US	AU	consulate_general	New South Wales	-33.8399	151.2064
US	AU	consulate_general	Perth	-31.9558	115.8597
US	AU	embassy	Canberra	-35.3072	149.1170
US	AZ	embassy	Baku	40.3869	49.8430
US	BA	embassy	Sarajevo	43.8567	18.4004
US	BB	embassy	Saint Michael	13.0931	-59.5850
US	BD	embassy	Dhaka	23.7967	90.4221
US	BE	embassy	Brussels	50.8445	4.3674
US	BF	embassy	Ouagadougou	12.3049	-1.4972
US	BG	embassy	Sofia	42.6669	23.3125
US	BH	embassy	Manama	26.2047	50.5708
US	BI	embassy	Bujumbura	-3.3653	29.3802
US	BJ	embassy	Cotonou	6.3508	2.4030
US	BM	consulate_general	Hamilton	32.2955	-64.7682
US	BN	embassy	Bandar Seri Begawan	4.9203	114.9545
US	BO	embassy	La Paz	-16.5129	-68.1217
US	BR	consulate_general	Porto Alegre	-30.0328	-51.2300
US	BR	consulate_general	Recife	-8.0539	-34.8808
US	BR	consulate_general	Rio de Janeiro	-22.9111	-43.2056
US	BR	consulate_general	São Paulo	-23.5504	-46.6339
US	BR	embassy	Brasília	-15.8045	-47.8728
US	BS	embassy	Nassau	25.0773	-77.3468
US	BS	embassy	Nassau	25.0781	-77.3386
US	BW	embassy	Gaborone	-24.6613	25.9088
US	BZ	embassy	Belmopan	17.2564	-88.7733
US	CA	consulate	Winnipeg	49.8956	-97.1386
US	CA	consulate_general	Calgary	51.0475	-114.0625
US	CA	consulate_general	Halifax	44.6478	-63.5714
US	CA	consulate_general	Montreal	45.5046	-73.5569
US	CA	consulate_general	Quebec City	46.8106	-71.2048
US	CA	consulate_general	Toronto	43.6703	-79.3867
US	CA	consulate_general	Vancouver	49.2608	-123.1139
US	CA	embassy	Ottawa	45.4279	-75.6959
US	CD	embassy	Kinshasa	-4.3004	15.3138
US	CF	embassy	Bangui	4.3598	18.5791
US	CG	embassy	Brazzaville	-4.2752	15.2564
US	CH	embassy	Bern	46.9435	7.4382
US	CI	embassy	Abidjan	5.3348	-3.9759
US	CL	embassy	Las Condes	-33.4124	-70.6047
US	CM	embassy	Yaoundé	3.9000	11.4989
US	CN	consulate_general	Central and Western District	22.2782	114.1587
US	CN	consulate_general	Guangzhou	23.1194	113.3150
US	CN	consulate_general	Shanghai	31.2103	121.4429
US	CN	consulate_general	Shenyang	41.7833	123.4264
US	CN	consulate_general	Wuhan	30.5953	114.2700
US	CN	embassy	Beijing	39.9530	116.4590
US	CO	embassy	Bogotá	4.6365	-74.0947
US	CR	embassy	San José	9.9427	-84.1242
US	CU	embassy	Havana	23.1459	-82.3876
US	CV	embassy	Praia	14.9211	-23.5064
US	CW	consulate_general		12.1078	-68.9256
US	CW	consulate_general	Curaçao	12.1081	-68.9261
US	CY	embassy	Nicosia	35.1662	33.3427
US	CZ	embassy	Prague	50.0871	14.4011
US	DE	consulate_general	Düsseldorf	51.2186	6.7954
US	DE	consulate_general	Hamburg	53.5500	10.0000
US	DE	consulate_general	Leipzig	51.3339	12.3683
US	DE	consulate_general	Munich	48.1450	11.5833
US	DE	consulate_general	Nordend-West	50.1414	8.6937
US	DE	embassy	Bezirk Mitte	52.5153	13.3783
US	DJ	embassy	Djibouti	11.5641	43.1672
US	DO	embassy	Santo Domingo	18.5101	-69.9642
US	DZ	embassy	Algiers	36.7558	3.0392
US	EC	consulate_general	Guayaquil	-2.1913	-79.9393
US	EC	embassy	Quito	-0.1386	-78.4676
US	EE	embassy	Tallinn	59.4305	24.7517
US	EG	consulate_general	Alexandria	31.1992	29.9081
US	EG	embassy	Cairo	30.0410	31.2335
US	ER	embassy	Asmara	15.3290	38.9360
US	ES	consulate_general	Torre Godó Eguia	41.3978	2.1174
US	ES	embassy	Madrid	40.4346	-3.6871
US	ET	embassy	Addis Ababa	9.0586	38.7640
US	FI	embassy	Helsinki	60.1574	24.9609
US	FJ	embassy	Suva	-18.1170	178.4396
US	FM	embassy	Kolonia	6.9578	158.2164
US	FR	consulate	2nd arrondissement of Lyon	45.7636	4.8377
US	FR	consulate	Bordeaux	44.8542	-0.5663
US	FR	consulate	Rennes	48.1103	-1.6844
US	FR	consulate_general	Marseille	43.2906	5.3799
US	FR	consulate_general	Strasbourg	48.5871	7.7616
US	FR	embassy	8th arrondissement of Paris	48.8678	2.3206
US	GA	embassy	Libreville	0.4838	9.3946
US	GB	consulate_general	Belfast	54.5714	-5.9438
US	GB	consulate_general	Edinburgh	55.9543	-3.1778
US	GB	embassy	London	51.4827	-0.1322
US	GE	embassy	Tbilisi	41.7885	44.7761
US	GH	embassy	La-Dade-Kotopon Municipal District	5.5795	-0.1706
US	GL	consulate	Sermersooq	64.1746	-51.7377
US	GM	embassy	Greater Banjul Area	13.4621	-16.6867
US	GN	embassy	Ratoma	9.5138	-13.7154
US	GQ	embassy	Malabo	3.7539	8.7428
US	GR	consulate_general	Thessaloniki Municipality	40.6337	22.9425
US	GR	embassy	Athens	37.9822	23.7552
US	GT	embassy	Guatemala City	14.6068	-90.5149
US	GY	embassy	Georgetown	6.8231	-58.1611
US	HN	embassy	Tegucigalpa	14.1034	-87.1900
US	HR	embassy	Zagreb	45.7444	16.0031
US	HT	embassy	Tabarre	18.5638	-72.2491
US	HU	embassy	Budapest District V	47.5046	19.0514
US	ID	consulate	Medan	3.5865	98.6823
US	ID	consulate_general	Surabaya	-7.2836	112.6479
US	ID	embassy	Jakarta	-6.1814	106.8309
US	IE	embassy	Dublin	53.3303	-6.2337
US	IL	embassy	Jerusalem	31.7478	35.2246
US	IN	consulate_general	Chennai	13.0524	80.2519
US	IN	consulate_general	Hyderabad	17.3617	78.4747
US	IN	consulate_general	Kolkata	22.5469	88.3515
US	IN	consulate_general	Mumbai	19.0650	72.8686
US	IN	embassy	New Delhi	28.5968	77.1883
US	IQ	consulate_general	Erbil	36.2265	43.9905
US	IQ	embassy	Baghdad	33.2986	44.3957
US	IS	embassy	Reykjavík	64.1411	-21.8896
US	IT	consulate_general	Milan	45.4751	9.1942
US	IT	consulate_general	Naples	40.8311	14.2258
US	IT	consulate_general	Palazzo Calcagnini	43.7738	11.2405
US	IT	embassy	Rome	41.9066	12.4908
US	IT	embassy	Rome	41.9066	12.4918
US	JM	embassy	Kingston	18.0186	-76.7646
US	JO	embassy	Amman	31.9453	35.8804
US	JP	consulate	Nagoya	35.1728	136.8903
US	JP	consulate	Ōhori	33.5881	130.3730
US	JP	consulate_general	Osaka Prefecture	34.6968	135.5019
US	JP	consulate_general	Sapporo	43.0564	141.3138
US	JP	consulate_general	Tōyama	26.2533	127.7375
US	JP	embassy	Tokyo	35.6686	139.7433
US	KE	embassy	Nairobi	-1.2340	36.8105
US	KG	embassy	Bishkek	42.8271	74.5824
US	KH	embassy	Phnom Penh	11.5749	104.9212
US	KR	consulate	Busan	35.1780	129.0746
US	KR	embassy	Seoul	37.5731	126.9780
US	KW	embassy	Kuwait City	29.2915	48.0470
US	KZ	consulate_general	Almaty	43.2335	76.9541
US	KZ	embassy	Astana	51.1296	71.4687
US	LA	embassy	Vientiane	17.8956	102.6401
US	LB	embassy	Aoukar	33.9331	35.5972
US	LK	embassy	Colombo	6.9131	79.8484
US	LR	embassy	Monrovia	6.3164	-10.8132
US	LS	embassy	Maseru	-29.3067	27.4683
US	LT	embassy	Vilnius	54.6842	25.2704
US	LU	embassy	Luxembourg	49.6188	6.1289
US	LV	embassy	Riga	56.9308	24.0288
US	MA	consulate_general	Casablanca	33.5908	-7.6266
US	MA	embassy	Rabat	33.9559	-6.8238
US	MD	embassy	Chișinău	47.0218	28.8190
US	ME	embassy	Podgorica	42.4374	19.2514
US	MG	embassy	Antananarivo	-18.8527	47.4779
US	MH	embassy	Majuro	7.0739	171.3185
US	MK	embassy	Skopje	42.0100	21.4274
US	ML	embassy	Bamako	12.6298	-8.0189
US	MM	embassy	Kamayut Township	16.8254	96.1447
US	MN	embassy	Ulaanbaatar	47.9281	106.9302
US	MR	embassy	Nouakchott	18.0981	-15.9965
US	MT	embassy	Attard	35.8911	14.4263
US	MU	embassy	Port Louis	-20.1620	57.5006
US	MV	embassy	Malé	4.1750	73.5083
US	MW	embassy	Lilongwe	-13.9625	33.7869
US	MX	consulate_general	Ciudad Juárez	31.6891	-106.4051
US	MX	consulate_general	Guadalajara	20.6853	-103.3965
US	MX	consulate_general	Hermosillo Municipality	29.0902	-110.9856
US	MX	consulate_general	Matamoros Municipality	25.8872	-97.5021
US	MX	consulate_general	Monterrey	25.6603	-100.4440
US	MX	consulate_general	Mérida	21.0457	-89.6338
US	MX	consulate_general	Nogales Municipality	31.2928	-110.9407
US	MX	consulate_general	Nuevo Laredo	27.4647	-99.5020
US	MX	consulate_general	Tijuana Municipality	32.5233	-116.9525
US	MX	embassy	Mexico City	19.4459	-99.2068
US	MY	embassy	Kuala Lumpur	3.1551	101.7226
US	MZ	embassy	Maputo	-25.9501	32.6138
US	NA	embassy	Windhoek	-22.5591	17.0959
US	NE	embassy	Niamey	13.5258	2.0736
US	NG	consulate_general	Lagos	6.4405	3.4067
US	NG	embassy	Q3787	9.0412	7.4769
US	NI	embassy	Managua	12.1311	-86.3095
US	NO	embassy	Oslo	59.9414	10.6692
US	NP	embassy	Kathmandu	27.7381	85.3363
US	NZ	consulate_general		-36.8452	174.7676
US	NZ	embassy	Wellington	-41.2729	174.7790
US	OM	embassy	Muscat	23.6063	58.4358
US	PA	embassy	Panama City	8.9980	-79.5613
US	PE	embassy	Santiago de Surco	-12.1008	-76.9685
US	PG	embassy	Port Moresby	-9.4791	147.1484
US	PH	embassy	Manila	14.5769	120.9780
US	PK	consulate_general	Karachi	24.8416	67.0092
US	PK	consulate_general	Lahore	31.5601	74.3361
US	PK	consulate_general	Peshawar	34.0058	71.5370
US	PK	embassy	Islamabad	33.7250	73.1170
US	PL	consulate_general	Kraków	50.0601	19.9389
US	PL	embassy	Warsaw	52.2242	21.0225
US	PT	consulate	Ponta Delgada	37.7364	-25.6823
US	PT	embassy	Lisbon	38.7436	-9.1622
US	PW	embassy	Airai	7.3597	134.5512
US	PY	embassy	Asunción	-25.2931	-57.6039
US	QA	embassy	Doha	25.3037	51.4715
US	RO	embassy	Bucharest	44.5148	26.0865
US	RS	embassy	Belgrade	44.7725	20.4534
US	RU	embassy	Moscow	55.7560	37.5794
US	RW	embassy	Kigali	-1.9363	30.0780
US	SA	consulate_general	Dhahran	26.3214	50.1838
US	SA	consulate_general	Jeddah	21.6338	39.1276
US	SA	embassy	Riyadh	24.6809	46.6207
US	SB	embassy	Honiara	-9.4301	159.9571
US	SC	embassy	Victoria	-4.6236	55.4544
US	SE	embassy	Stockholm	59.3336	18.1058
US	SG	embassy	Singapore	1.3053	103.8183
US	SI	embassy	Ljubljana	46.0525	14.4987
US	SK	embassy	Bratislava	48.1412	17.1077
US	SL	embassy	Freetown	8.4519	-13.2297
US	SN	embassy	Dakar	14.7452	-17.5262
US	SO	embassy	Mogadishu	2.0358	45.2947
US	SR	embassy	Paramaribo	5.8643	-55.1271
US	SS	embassy	Juba	4.8556	31.5862
US	SV	embassy	Antiguo Cuscatlán	13.6649	-89.2568
US	SZ	embassy	Mbabane	-26.4424	31.1889
US	TD	embassy	N'Djamena	12.0931	15.0843
US	TG	embassy	Lomé	6.1851	1.2142
US	TH	consulate_general	Chiang Mai	18.7941	98.9986
US	TH	embassy	Lumphini	13.7362	100.5464
US	TJ	embassy	Dushanbe	38.5793	68.7128
US	TL	embassy	Dili	-8.5463	125.5503
US	TM	embassy	Ashgabat	37.9411	58.3881
US	TN	embassy	Tunis	32.8745	13.2064
US	TN	embassy	Tunis	36.8504	10.2702
US	TR	consulate	Adana	36.9831	35.3852
US	TR	consulate_general	Istanbul	41.1181	29.0469
US	TR	embassy	Ankara	39.9085	32.8037
US	TT	embassy	Port of Spain	10.6659	-61.5167
US	TZ	embassy	Dar es Salaam	-6.7727	39.2663
US	UA	embassy	Kyiv	50.4649	30.4322
US	UG	embassy	Kampala	0.3002	32.5923
US	UY	embassy	Montevideo	-34.9135	-56.1761
US	UZ	embassy	Tashkent	41.3672	69.2728
US	VE	embassy	Caracas	10.4781	-66.8714
US	VN	consulate_general	Ho Chi Minh City	10.7830	106.7007
US	VN	embassy	Hanoi	21.0215	105.8190
US	VU	embassy	Port Vila	-17.7333	168.3167
US	WS	embassy	Apia	-13.8306	-171.7697
US	XK	embassy	Pristina	42.6621	21.1504
US	ZA	consulate_general	City of Cape Town	-34.0758	18.4309
US	ZA	consulate_general	Durban	-29.8590	31.0245
US	ZA	consulate_general	Johannesburg	-26.1115	28.0518
US	ZA	embassy	Pretoria	-25.7463	28.2240
US	ZM	embassy	Lusaka	-15.4212	28.3682
US	ZW	embassy	Harare	-17.7676	30.9785
UY	AE	embassy	Abu Dhabi	24.4284	54.4165
UY	AR	embassy	Buenos Aires	-34.5947	-58.3872
UY	AT	embassy	Vienna	48.2026	16.3726
UY	AU	embassy	Canberra	-35.3088	149.1347
UY	BE	embassy	Brussels	50.8147	4.3776
UY	BO	embassy	La Paz	-16.5421	-68.0906
UY	BR	consulate_general	Salvador	-12.9831	-38.4928
UY	BR	embassy	Brasília	-15.8135	-47.8790
UY	CA	embassy	Ottawa	45.4220	-75.6963
UY	CH	embassy	Bern	46.9478	7.4492
UY	CL	embassy	Providencia	-33.4298	-70.6104
UY	CN	embassy	Beijing	39.9501	116.4588
UY	CO	embassy	Bogotá	4.6635	-74.0523
UY	CR	embassy	San José	9.9361	-84.1389
UY	CU	embassy	Havana	23.1155	-82.4257
UY	DE	embassy	Berlin	52.5050	13.3407
UY	DO	embassy	Santo Domingo	18.4750	-69.9284
UY	EC	embassy	Quito	-0.1963	-78.4828
UY	EG	embassy	Cairo	30.0576	31.2235
UY	ES	embassy	Madrid	40.4269	-3.7194
UY	ET	embassy	Addis Ababa	9.0078	38.7853
UY	FI	embassy	Helsinki	60.1654	24.9422
UY	FR	embassy	Paris	48.8706	2.2945
UY	GB	embassy	London	51.4984	-0.1664
UY	GR	embassy	Kifisia Municipality	38.0724	23.8094
UY	GT	embassy	Guatemala City	14.5840	-90.5193
UY	ID	embassy	Jakarta	-6.2275	106.8255
UY	IL	embassy	Herzliya	32.1606	34.8092
UY	IN	embassy	New Delhi	28.5681	77.1620
UY	IR	embassy	Tehran	35.7654	51.4203
UY	IT	embassy	Rome	41.9088	12.4891
UY	IT	embassy	Rome	41.9224	12.4773
UY	JP	embassy	Minato	35.6601	139.7543
UY	KR	embassy	Seoul	37.5609	126.9826
UY	LB	embassy	Jounieh	33.9856	35.6362
UY	MX	embassy	Mexico City	19.4360	-99.1882
UY	MY	embassy	Kuala Lumpur	3.1536	101.7070
UY	PA	embassy	Panama City	8.9813	-79.5103
UY	PE	embassy	San Isidro	-12.0999	-77.0535
UY	PL	embassy	Warsaw	52.2072	21.0150
UY	PS	embassy	Ramallah	31.9169	35.2073
UY	PT	embassy	Lisbon	38.7297	-9.1580
UY	PY	embassy	Asunción	-25.3015	-57.5921
UY	QA	embassy	Doha	25.3208	51.4988
UY	RO	embassy	Bucharest	44.4670	26.0917
UY	RU	embassy	Moscow	55.7276	37.6160
UY	SA	embassy	Riyadh	24.6785	46.6283
UY	SE	embassy	Stockholm	59.3374	18.0869
UY	SV	embassy	San Salvador	13.6896	-89.2407
UY	TR	embassy	Ankara	39.9358	32.8387
UY	US	embassy	Washington, D.C.	38.9015	-77.0441
UY	VE	embassy	Caracas	10.4978	-66.8424
UY	VN	embassy	Hanoi	21.0240	105.8475
UY	ZA	embassy	Pretoria	-25.7739	28.2347
UZ	AT	embassy	Vienna	48.2402	16.3124
UZ	AZ	embassy	Baku	40.3667	49.8352
UZ	BE	embassy	Brussels	50.8029	4.3876
UZ	CN	embassy	Beijing	39.9414	116.4455
UZ	DE	embassy	Berlin	52.5345	13.3556
UZ	ES	embassy	Madrid	40.4357	-3.6897
UZ	FR	embassy	Paris	48.8710	2.3200
UZ	GB	embassy	London	51.5065	-0.2052
UZ	ID	embassy	Jakarta	-6.2350	106.8030
UZ	IL	embassy	Ramat Gan	32.0875	34.8175
UZ	IN	embassy	New Delhi	28.5905	77.1771
UZ	IT	embassy	Rome	41.9110	12.4705
UZ	JP	embassy	Tokyo	35.6396	139.7370
UZ	LV	embassy	Riga	56.9591	24.1023
UZ	PL	embassy	Warsaw	52.1509	21.0239
UZ	RU	embassy	Moscow	55.7327	37.6211
UZ	SA	embassy	Riyadh	24.7086	46.7020
UZ	SG	embassy	Singapore	1.3010	103.8425
UZ	TR	embassy	Ankara	39.8723	32.8638
UZ	UA	embassy	Kyiv	50.4549	30.5165
UZ	US	embassy	Washington, D.C.	38.9083	-77.0406
VA	AE	embassy	Abu Dhabi	24.5347	54.4269
VA	AL	embassy	Tirana	41.3292	19.8149
VA	AM	embassy	Yerevan	40.1814	44.5144
VA	AO	embassy	Luanda	-8.8216	13.2368
VA	AT	embassy	Vienna	48.1913	16.3727
VA	AU	embassy	Australian Capital Territory	-35.3271	149.1265
VA	BA	embassy	Sarajevo	43.8608	18.4246
VA	BD	embassy	Dhaka	23.7961	90.4208
VA	BE	embassy	Brussels	50.8119	4.3466
VA	BE	embassy	Woluwe-Saint-Pierre	50.8269	4.4196
VA	BF	embassy	Ouagadougou	12.3981	-1.5195
VA	BG	embassy	Sofia	42.6975	23.3326
VA	BI	embassy	Bujumbura	-3.3867	29.3821
VA	BO	embassy	La Paz	-16.5149	-68.1198
VA	BR	embassy	Brasília	-15.8006	-47.8749
VA	BY	embassy	Minsk	53.9129	27.5833
VA	CD	embassy	Kinshasa	-4.3219	15.3119
VA	CF	embassy	Bangui	4.3732	18.5628
VA	CG	embassy	Brazzaville	-4.2777	15.2728
VA	CH	embassy	Bern	46.9403	7.4595
VA	CI	embassy	Abidjan	5.3271	-3.9960
VA	CL	embassy	Providencia	-33.4235	-70.6159
VA	CM	embassy	Yaoundé	3.9147	11.4932
VA	CO	embassy	Bogotá	4.6253	-74.0702
VA	CR	embassy	San José	9.9394	-84.1106
VA	CU	embassy	Havana	23.1238	-82.4166
VA	CY	embassy	Nicosia	35.1743	33.3574
VA	CZ	embassy	Prague	50.0811	14.4168
VA	DE	embassy	Neukölln	52.4881	13.4086
VA	DO	embassy	Santo Domingo	18.4690	-69.9112
VA	DZ	embassy	Bologhine	36.8009	3.0418
VA	EC	embassy	Quito	-0.1989	-78.4835
VA	EG	embassy	Cairo	30.0637	31.2232
VA	ES	embassy	Apostolic Nunciature in Madrid	40.4685	-3.6729
VA	ET	embassy	Addis Ababa	8.9889	38.7364
VA	FR	embassy	Paris	48.8653	2.2992
VA	GA	embassy	Libreville	0.4035	9.4487
VA	GB	embassy	London	51.4361	-0.2239
VA	GE	embassy	Tbilisi	41.7225	44.7925
VA	GH	embassy	Accra	5.5560	-0.1969
VA	GN	embassy	Conakry	9.5717	-13.6649
VA	GR	embassy	Palaio Psychiko	38.0132	23.7715
VA	GT	embassy	Guatemala City	14.6052	-90.5218
VA	HN	embassy	Tegucigalpa	14.1022	-87.1986
VA	HR	embassy	Zagreb	45.8377	15.9792
VA	HT	embassy	Pétion-Ville	18.5081	-72.2972
VA	HU	embassy	Budapest District XII	47.4984	19.0095
VA	ID	embassy	Jakarta	-6.1800	106.8323
VA	IE	embassy	Dublin	53.3668	-6.3107
VA	IL	embassy	Tel Aviv	32.0549	34.7520
VA	IN	embassy	New Delhi	28.6003	77.1953
VA	IQ	embassy	Baghdad	33.3063	44.4296
VA	IR	embassy	Tehran	35.6889	51.3897
VA	IT	embassy	Rome	41.9159	12.4957
VA	JO	embassy	Amman	31.9388	35.8857
VA	JP	embassy	Tokyo	35.6879	139.7374
VA	KE	embassy	Nairobi	-1.2864	36.8172
VA	KR	embassy	Seoul	37.5853	126.9727
VA	KZ	embassy	Astana	51.1446	71.4235
VA	LK	embassy	Colombo	6.8995	79.8652
VA	LR	embassy	Monrovia	6.3150	-10.8148
VA	LT	embassy	Vilnius	54.6922	25.3007
VA	MA	embassy	Rabat	34.0211	-6.8414
VA	MG	embassy	Antananarivo	-18.9100	47.5250
VA	MT	embassy	Rabat	35.8751	14.4026
VA	MX	embassy	Mexico City	19.3595	-99.1847
VA	MY	embassy	Kuala Lumpur	3.1578	101.7326
VA	MZ	embassy	Maputo	-25.9648	32.5948
VA	NG	embassy	Q3787	9.0805	7.4969
VA	NI	embassy	Managua	12.0838	-86.3275
VA	NZ	embassy	Wellington	-41.2489	174.8019
VA	PA	embassy	Panama City	8.9751	-79.5167
VA	PE	embassy	Lima	-12.0710	-77.0413
VA	PG	embassy	Port Moresby	-9.4789	147.1494
VA	PH	embassy	Q3547032	14.5694	120.9924
VA	PK	embassy	Islamabad	33.7234	73.1059
VA	PL	embassy	Warsaw	52.2151	21.0233
VA	PT	embassy	Lisbon	38.7332	-9.1498
VA	PY	embassy	Asunción	-25.2962	-57.6059
VA	RO	embassy	Bucharest	44.4391	26.0861
VA	RS	embassy	Belgrade	44.8002	20.4677
VA	RU	embassy	Moscow	55.7910	37.5994
VA	RW	embassy	Kigali	-1.9575	30.0650
VA	SD	embassy	Khartoum North	15.6196	32.5581
VA	SE	embassy	Danderyd Municipality	59.4093	18.0932
VA	SG	embassy	Singapore	1.2983	103.8515
VA	SI	embassy	Ljubljana	46.0481	14.5143
VA	SK	embassy	Bratislava	48.1569	17.0954
VA	SM	embassy	San Marino	43.9368	12.4468
VA	SV	embassy	San Salvador	13.7064	-89.2403
VA	TD	embassy	N'Djamena	12.1100	15.0500
VA	TD	embassy	N'Djamena	12.1205	15.0378
VA	TG	embassy	Cotonou	6.3500	2.3886
VA	TH	embassy	Bangkok	13.7192	100.5234
VA	TL	embassy	Dili	-8.5501	125.5700
VA	TR	embassy	Ankara	39.8781	32.8717
VA	TT	embassy	Port of Spain	10.6727	-61.5204
VA	TZ	embassy	Dar es Salaam	-6.7794	39.2760
VA	UA	embassy	Kyiv	50.4518	30.4927
VA	UG	embassy	Kampala	0.3251	32.6238
VA	US	embassy	New York City	40.7128	-74.0061
VA	UY	embassy	Montevideo	-34.9042	-56.1634
VA	UZ	embassy	Tashkent	41.3054	69.2964
VA	VE	embassy	Caracas	10.5006	-66.8847
VA	VN	embassy	Vietnam	16.0000	108.0000
VA	ZA	embassy	Pretoria	-25.7846	28.2298
VA	ZM	embassy	Lusaka	-15.4215	28.3196
VA	ZW	embassy	Harare	-17.7776	31.0527
VC	BE	embassy	Brussels	50.8298	4.3594
VC	GB	high_commission	London	51.5013	-0.1870
VC	TW	embassy	Taipei	25.1173	121.5242
VC	VE	embassy	Caracas	10.5081	-66.8541
VE	AR	embassy	Buenos Aires	-34.5750	-58.4314
VE	AT	embassy	Vienna	48.1895	16.3804
VE	AU	embassy	Canberra	-35.3501	149.1155
VE	BE	embassy	Brussels	50.8157	4.3768
VE	BG	embassy	Sofia	42.6883	23.3242
VE	BO	embassy	La Paz	-16.5291	-68.1065
VE	BR	embassy	Brasília	-15.8127	-47.8787
VE	BY	embassy	Minsk	53.9125	27.5675
VE	BZ	embassy	Belmopan	17.2540	-88.7733
VE	CA	embassy	Ottawa	45.4266	-75.6730
VE	CH	embassy	Köniz	46.9323	7.4193
VE	CL	embassy	Providencia	-33.4404	-70.6063
VE	CN	embassy	Beijing	39.9375	116.4500
VE	CR	embassy	San José	9.9288	-84.0628
VE	DE	embassy	Berlin	52.5039	13.3501
VE	EC	embassy	Quito	-0.1915	-78.4881
VE	EG	embassy	Maadi	29.9573	31.2585
VE	ES	embassy	Madrid	40.4531	-3.6933
VE	FR	consulate_general	Fort-de-France	14.6252	-61.0795
VE	FR	embassy	Paris	48.8690	2.2901
VE	GB	embassy	London	51.4956	-0.1738
VE	GR	embassy	Chalandri	38.0162	23.7905
VE	ID	embassy	Jakarta	-6.2350	106.8234
VE	IN	embassy	New Delhi	28.5687	77.1588
VE	IT	embassy	Rome	41.9228	12.4768
VE	IT	embassy	Rome	41.9249	12.4880
VE	JP	embassy	Tokyo	35.6894	139.6917
VE	KP	embassy	Pyongyang	39.0236	125.7937
VE	MX	embassy	Mexico City	19.4323	-99.1865
VE	NO	embassy	Oslo	59.9139	10.7025
VE	PE	embassy	Lima	-12.0668	-77.0374
VE	PL	embassy	Warsaw	52.2076	21.0179
VE	PT	embassy	Lisbon	38.7277	-9.1453
VE	PY	embassy	Asunción	-25.2845	-57.5627
VE	RO	embassy	Bucharest	44.4620	26.0874
VE	RS	embassy	Belgrade	44.7865	20.4614
VE	RU	embassy	Moscow	55.7751	37.6229
VE	SA	embassy	Riyadh	24.6796	46.6235
VE	SE	embassy	Stockholm	59.3294	18.0686
VE	SR	embassy	Paramaribo	5.8292	-55.1656
VE	TR	embassy	Ankara	39.8563	32.8570
VE	US	consulate_general	Texas	29.7417	-95.4849
VE	UY	embassy	Montevideo	-34.9049	-56.2003
VE	ZA	embassy	Pretoria	-25.7913	28.2353
VN	AO	embassy	Luanda	-8.9150	13.1845
VN	AR	embassy	Buenos Aires	-34.5651	-58.4461
VN	AT	embassy	Vienna	48.2348	16.3437
VN	AU	embassy	Canberra	-35.3489	149.1091
VN	BE	embassy	Ixelles	50.8167	4.3787
VN	BG	embassy	Stolichna Municipality	42.6706	23.3483
VN	BR	embassy	Brasília	-15.8369	-47.8765
VN	BY	embassy	Minsk	53.9403	27.5848
VN	CA	embassy	Ottawa	45.4431	-75.6913
VN	CH	embassy	Bern	46.9468	7.4288
VN	CL	embassy	Vitacura	-33.3961	-70.5800
VN	CN	embassy	Jianwai Subdistrict	39.9116	116.4398
VN	CU	embassy	Havana	23.1233	-82.4202
VN	CZ	embassy	Prague	50.0701	14.3671
VN	DE	embassy	Berlin	52.4936	13.4595
VN	DZ	embassy	Algiers	36.7444	3.0393
VN	ES	embassy	Madrid	40.4529	-3.6671
VN	FI	embassy	Helsinki	60.1846	25.0041
VN	FR	embassy	Paris	48.8760	2.3156
VN	GB	embassy	London	51.5003	-0.1864
VN	GR	embassy	Palaio Psychiko	38.0103	23.7736
VN	HU	embassy	Zugló	47.5056	19.0915
VN	ID	embassy	Jakarta	-6.1933	106.8336
VN	IL	embassy	Tel Aviv	32.0782	34.7892
VN	IN	embassy	New Delhi	28.6036	77.1896
VN	IT	embassy	Rome	41.8839	12.4238
VN	JP	consulate_general	Fukuoka	33.5933	130.4041
VN	JP	consulate_general	Sakai	34.5765	135.4776
VN	JP	embassy	Shibuya	35.6729	139.6858
VN	KH	consulate_general	Battambang	13.1072	103.1984
VN	KH	embassy	Phnom Penh	11.5405	104.9232
VN	KP	embassy	Pyongyang	39.0222	125.7908
VN	KR	embassy	Seoul	37.5729	126.9803
VN	MN	embassy	Ulaanbaatar	47.9185	106.9343
VN	MX	embassy	Mexico City	19.4243	-99.2208
VN	MZ	embassy	Maputo	-25.9706	32.5933
VN	NG	embassy	Q3787	9.1011	7.4986
VN	NO	embassy	Oslo	59.9180	10.7390
VN	NZ	embassy	Wellington	-41.2859	174.7748
VN	PA	embassy	Panama City	8.9822	-79.5210
VN	PL	embassy	Warsaw	52.1735	21.0671
VN	RO	embassy	Bucharest	44.4415	26.1033
VN	RU	embassy	Khamovniki District	55.7337	37.5773
VN	SA	embassy	Riyadh	24.7117	46.7665
VN	SE	embassy	Stockholm	59.2814	18.0303
VN	SK	embassy	Bratislava	48.1453	17.1176
VN	TR	embassy	Ankara	39.8822	32.8696
VN	TZ	embassy	Dar es Salaam	-6.7819	39.2785
VN	UA	embassy	Kyiv	50.4072	30.5384
VN	US	embassy	Washington, D.C.	38.9066	-77.0445
VN	ZA	embassy	Pretoria	-25.7595	28.2351
VU	AU	high_commission	Canberra	-35.3178	149.0961
VU	BE	embassy	Woluwe-Saint-Pierre	50.8303	4.4353
VU	CN	consulate_general	Shanghai	31.2325	121.4692
VU	FJ	high_commission	Suva	-18.1447	178.4444
VU	FR	consulate_general	Nouméa	-22.2747	166.4439
VU	NZ	high_commission	Wellington	-41.2821	174.7746
WS	AU	high_commission	Canberra	-35.3038	149.1152
WS	BE	embassy	Etterbeek	50.8298	4.4037
WS	JP	embassy	Minato	35.6580	139.7515
WS	NZ	high_commission	Wellington	-41.2827	174.7714
XK	AE	embassy	Abu Dhabi	24.4902	54.3648
XK	AL	embassy	Tirana	41.3221	19.8186
XK	AT	embassy	Vienna	48.1970	16.3749
XK	AU	embassy	Canberra	-35.3521	149.1050
XK	BD	embassy	Dhaka	23.7929	90.4165
XK	BE	embassy	Woluwe-Saint-Pierre	50.8333	4.4140
XK	BG	embassy	Sofia	42.6913	23.3176
XK	CA	embassy	Ottawa	45.4139	-75.6994
XK	CH	embassy	Bern	46.9472	7.4467
XK	CZ	embassy	Prague	50.0872	14.4020
XK	DE	embassy	Berlin	52.5132	13.4121
XK	FR	embassy	Paris	48.8758	2.2886
XK	GB	embassy	London	51.5220	-0.1150
XK	HR	embassy	Zagreb	45.8147	15.9988
XK	HU	embassy	Budapest	47.5052	19.0480
XK	IL	embassy	Jerusalem	31.7745	35.2188
XK	IT	embassy	Rome	41.9197	12.5143
XK	JP	embassy	Minato	35.6645	139.7508
XK	ME	embassy	Podgorica	42.4402	19.2432
XK	MK	embassy	Skopje	42.0083	21.4311
XK	MY	embassy	Kuala Lumpur	3.1565	101.7206
XK	NO	embassy	Oslo	59.9166	10.7221
XK	PA	embassy	Panama City	8.9826	-79.5095
XK	PL	consulate_general	Warsaw	52.2228	21.0131
XK	PT	embassy	Lisbon	38.7067	-9.2134
XK	QA	embassy	Doha	25.3205	51.5292
XK	SA	embassy	Riyadh	24.6859	46.6268
XK	SE	embassy	Stockholm	59.3378	18.0690
XK	SI	embassy	Ljubljana	46.0575	14.5046
XK	SN	embassy	Dakar	14.7433	-17.5152
XK	TH	embassy	Bangkok	13.7357	100.5931
XK	TR	embassy	Ankara	39.8931	32.8712
XK	US	embassy	Washington, D.C.	38.9271	-77.0717
YE	AT	embassy	Vienna	48.2011	16.3834
YE	BE	embassy	Brussels	50.8069	4.3859
YE	BG	embassy	Sofia	42.6540	23.3678
YE	CA	embassy	Ottawa	45.4072	-75.6936
YE	CH	embassy	Le Grand-Saconnex	46.2274	6.1102
YE	CN	embassy	Beijing	39.9370	116.4528
YE	CU	embassy	Havana	23.1239	-82.4192
YE	CZ	embassy	Prague	50.0954	14.3941
YE	DE	embassy	Berlin	52.4587	13.3115
YE	ES	embassy	Madrid	40.4571	-3.6908
YE	ET	embassy	Addis Ababa	9.0358	38.7525
YE	FR	embassy	Paris	48.8677	2.2966
YE	GB	embassy	London	51.4952	-0.1787
YE	ID	embassy	Jakarta	-6.2031	106.8308
YE	IN	embassy	New Delhi	28.5149	77.1522
YE	IT	embassy	Rome	41.9163	12.5138
YE	JP	embassy	Tokyo	35.6903	139.7446
YE	LY	embassy	Tripoli	32.8865	13.1974
YE	PL	embassy	Warsaw	52.1746	21.0739
YE	RU	embassy	Moscow	55.7399	37.5830
YE	SA	embassy	Riyadh	24.6783	46.6249
YE	TH	consulate_general	Bangkok	13.7498	100.6155
YE	TR	embassy	Ankara	39.8962	32.8774
YE	US	embassy	Washington, D.C.	38.9170	-77.0513
YE	ZA	embassy	Pretoria	-25.7755	28.2417
ZA	AE	embassy	Abu Dhabi	24.4318	54.4123
ZA	AO	embassy	Samba	-8.8229	13.2298
ZA	AR	embassy	Buenos Aires	-34.5963	-58.3752
ZA	AT	embassy	Vienna	48.2549	16.3487
ZA	AU	high_commission	Canberra	-35.3058	149.1194
ZA	BE	embassy	Brussels	50.8413	4.3688
ZA	BF	embassy	Ouagadougou	12.3068	-1.5096
ZA	BG	embassy	Sofia	42.6936	23.3401
ZA	BI	embassy	Bujumbura	-3.3832	29.3519
ZA	BJ	embassy	Cotonou	6.3520	2.4010
ZA	BR	embassy	Brasília	-15.8076	-47.8739
ZA	BW	high_commission	Gaborone	-24.6573	25.9138
ZA	CA	high_commission	Ottawa	45.4441	-75.6925
ZA	CD	embassy	Kinshasa	-4.3025	15.3014
ZA	CG	embassy	Brazzaville	-4.2672	15.2652
ZA	CH	embassy	Bern	46.9417	7.4578
ZA	CI	embassy	Abidjan	5.3299	-3.9951
ZA	CL	embassy	Las Condes	-33.4181	-70.6002
ZA	CM	high_commission	Yaoundé	3.8967	11.5149
ZA	CN	consulate_general	Hong Kong	22.2783	114.1586
ZA	CN	embassy	Beijing	39.9406	116.4518
ZA	CU	embassy	Havana	23.1153	-82.4300
ZA	CZ	embassy	Prague	50.0735	14.4644
ZA	DE	consulate	Munich	48.1327	11.5666
ZA	DE	embassy	Berlin	52.5094	13.3615
ZA	DZ	embassy	Algiers	36.7470	3.0378
ZA	EG	embassy	Cairo	29.9539	31.2729
ZA	ER	embassy	Asmara	15.3333	38.9167
ZA	ES	embassy	Madrid	40.4306	-3.6859
ZA	ET	embassy	Addis Ababa	8.9943	38.7288
ZA	FI	embassy	Helsinki	60.1655	24.9509
ZA	FJ	high_commission	Suva	-18.1430	178.4250
ZA	FR	embassy	Paris	48.8621	2.3078
ZA	GA	embassy	Libreville	0.3866	9.4459
ZA	GB	high_commission	City of Westminster	51.5082	-0.1269
ZA	GH	high_commission	Accra	5.5677	-0.1745
ZA	GN	embassy	Conakry	9.5252	-13.6827
ZA	GQ	embassy	Malabo	3.7483	8.7727
ZA	GR	embassy	Athens	38.0442	23.8056
ZA	GW	embassy	Bissau	11.8620	-15.5836
ZA	HU	embassy	Budapest	47.5253	19.0084
ZA	ID	embassy	Jakarta	-6.2174	106.8129
ZA	IE	embassy	Dublin	53.3346	-6.2572
ZA	IL	embassy	Ramat Gan	32.0851	34.8046
ZA	IN	high_commission	New Delhi	28.5661	77.1602
ZA	IR	embassy	Tehran	35.8066	51.4226
ZA	IT	embassy	Rome	41.9045	12.4947
ZA	IT	embassy	Rome	41.9183	12.5021
ZA	JM	high_commission	Kingston	18.0185	-76.7779
ZA	JO	embassy	Amman	31.9482	35.8888
ZA	JP	embassy	Tokyo	35.6843	139.7438
ZA	KE	high_commission	Nairobi	-1.2897	36.7877
ZA	KM	embassy	Moroni	-11.6465	43.2625
ZA	KR	embassy	Seoul	37.5359	127.0117
ZA	KW	embassy	Kuwait City	29.2852	48.0761
ZA	KZ	embassy	Astana	51.1462	71.4235
ZA	LK	high_commission	Colombo	6.9137	79.8744
ZA	LR	embassy	Monrovia	6.2687	-10.7322
ZA	LS	high_commission	Maseru	-29.3105	27.4769
ZA	MA	embassy	Rabat	34.0222	-6.8234
ZA	MG	embassy	Antananarivo	-18.8889	47.5229
ZA	ML	embassy	Bamako	12.6379	-8.0330
ZA	MR	embassy	Nouakchott	18.0858	-15.9785
ZA	MU	high_commission	Port Louis	-20.1655	57.5063
ZA	MW	high_commission	Lilongwe	-13.9599	33.7872
ZA	MX	embassy	Mexico City	19.4269	-99.1958
ZA	MY	high_commission	Kuala Lumpur	3.1519	101.7135
ZA	MZ	high_commission	Maputo	-25.9733	32.5937
ZA	NA	high_commission	Windhoek	-22.5749	17.1051
ZA	NE	embassy	Niamey	13.5368	2.0993
ZA	NG	high_commission	Q3787	9.0465	7.4628
ZA	NO	embassy	Oslo	59.9156	10.6998
ZA	NZ	high_commission	Wellington	-41.2824	174.7767
ZA	OM	embassy	Muscat	23.6057	58.4474
ZA	PE	embassy	San Isidro	-12.0975	-77.0373
ZA	PH	embassy	Q1508	14.5609	121.0160
ZA	PK	high_commission	Islamabad	33.7210	73.0650
ZA	PL	embassy	Warsaw	52.2229	21.0131
ZA	PT	embassy	Lisbon	38.7327	-9.1503
ZA	QA	embassy	Doha	25.3631	51.5015
ZA	RO	embassy	Bucharest	44.4401	26.0915
ZA	RU	embassy	Moscow	55.7589	37.5942
ZA	RW	high_commission	Kigali	-1.9411	30.0853
ZA	SA	embassy	Riyadh	24.7021	46.6184
ZA	SD	embassy	Khartoum	15.5813	32.5429
ZA	SE	embassy	Stockholm	59.3130	18.1014
ZA	SG	high_commission	Singapore	1.2961	103.8533
ZA	SN	embassy	Dakar	14.7014	-17.4679
ZA	SS	embassy	Juba	4.8554	31.5921
ZA	ST	embassy	São Tomé	0.3563	6.7173
ZA	SY	embassy	Damascus	33.4943	36.2327
ZA	SZ	high_commission	Mbabane	-26.3254	31.1413
ZA	TD	embassy	N'Djamena	12.1161	15.0441
ZA	TH	embassy	Bangkok	13.7395	100.5476
ZA	TN	embassy	Tunis	36.8315	10.1590
ZA	TR	embassy	Ankara	39.8914	32.8815
ZA	TT	high_commission	Port of Spain	10.6754	-61.5215
ZA	TZ	high_commission	Dar es Salaam	-6.8122	39.2929
ZA	UA	embassy	Kyiv	50.4406	30.5208
ZA	UG	high_commission	Kampala	0.3209	32.5783
ZA	US	embassy	Washington, D.C.	38.9199	-77.0607
ZA	UY	embassy	Montevideo	-34.8921	-56.0591
ZA	VE	embassy	Caracas	10.4903	-66.8610
ZA	VN	embassy	Hanoi	21.0244	105.8516
ZA	ZM	high_commission	Lusaka	-15.4324	28.3501
ZA	ZW	embassy	Harare	-17.8069	31.0448
ZM	AU	high_commission	Canberra	-35.3086	149.1339
ZM	BE	embassy	Waterloo	50.7014	4.4223
ZM	BR	embassy	Brasília	-15.8282	-47.8751
ZM	CA	high_commission	Ottawa	45.4214	-75.6972
ZM	CH	embassy	Geneva	46.2189	6.1374
ZM	CN	embassy	Beijing	39.9383	116.4529
ZM	DE	embassy	Berlin	52.5099	13.4008
ZM	FR	embassy	Paris	48.8542	2.3077
ZM	GB	high_commission	London	51.5008	-0.1839
ZM	IL	embassy	Tel Aviv	32.0625	34.7905
ZM	IN	high_commission	New Delhi	28.5609	77.1662
ZM	IT	embassy	Rome	41.9081	12.4714
ZM	JP	embassy	Tokyo	35.6206	139.7153
ZM	MY	high_commission	Kuala Lumpur	3.1612	101.7282
ZM	RU	embassy	Meshchansky District	55.7827	37.6347
ZM	SA	embassy	Riyadh	24.7498	46.6970
ZM	SE	embassy	Solna Municipality	59.3680	18.0103
ZM	TR	embassy	Ankara	39.8916	32.8759
ZM	US	embassy	Washington, D.C.	38.9125	-77.0490
ZM	ZA	high_commission	Pretoria	-25.7416	28.2065
ZW	AO	embassy	Luanda	-8.8097	13.2495
ZW	AU	embassy	Canberra	-35.3570	149.1065
ZW	BE	embassy	Woluwe-Saint-Lambert	50.8405	4.4122
ZW	BR	embassy	Brasília	-15.8569	-47.9115
ZW	CA	embassy	Ottawa	45.4156	-75.6950
ZW	CN	embassy	Beijing	39.9370	116.4519
ZW	DE	embassy	Berlin	52.5087	13.4010
ZW	EG	embassy	New Cairo	30.0137	31.4544
ZW	FR	embassy	Paris	48.8832	2.3117
ZW	GB	embassy	London	51.5096	-0.1240
ZW	ID	embassy	Jakarta	-6.2354	106.8361
ZW	IN	embassy	New Delhi	28.5611	77.1667
ZW	IT	embassy	Rome	41.9077	12.4651
ZW	JP	embassy	Tokyo	35.6477	139.7389
ZW	RU	embassy	Moscow	55.7276	37.6160
ZW	SE	embassy	Lidingö Municipality	59.3621	18.1228
ZW	TR	embassy	Ankara	39.8973	32.8721
ZW	US	embassy	Washington, D.C.	38.9113	-77.0419
ZW	ZA	embassy	Pretoria	-25.7422	28.2190
